student_id,iso_week,logins,submissions,forum_posts,minutes_on_platform
100001,1,5,0,0,132
100001,2,2,0,0,54
100001,3,1,0,0,46
100001,4,3,0,0,66
100001,5,1,0,0,25
100001,6,0,0,0,0
100001,7,3,0,0,122
100001,8,2,0,0,67
100001,9,1,0,1,33
100001,10,1,0,0,55
100001,11,2,0,0,36
100001,12,3,1,0,71
100001,13,1,2,0,17
100001,14,2,0,0,30
100002,1,7,0,0,175
100002,2,9,2,1,258
100002,3,4,0,1,106
100002,4,9,2,1,248
100002,5,7,2,4,164
100002,6,9,0,0,252
100002,7,11,1,1,247
100002,8,14,1,0,365
100002,9,7,1,0,155
100002,10,9,1,1,246
100002,11,9,1,0,245
100002,12,4,0,0,133
100002,13,5,0,1,156
100002,14,6,1,2,182
100003,1,3,1,1,72
100003,2,3,0,3,50
100003,3,5,0,1,135
100003,4,4,0,0,149
100003,5,4,0,0,118
100003,6,2,0,0,41
100003,7,4,1,0,125
100003,8,4,0,0,98
100003,9,2,1,2,52
100003,10,4,0,0,106
100003,11,5,0,0,117
100003,12,5,0,0,92
100003,13,9,1,0,256
100003,14,10,2,1,261
100004,1,6,0,0,154
100004,2,2,0,0,22
100004,3,0,0,0,0
100004,4,2,0,0,70
100004,5,1,0,0,35
100004,6,1,1,1,0
100004,7,0,0,0,0
100004,8,0,0,0,0
100004,9,0,0,0,0
100004,10,2,0,1,56
100004,11,0,0,0,9
100004,12,3,0,0,75
100004,13,1,0,0,66
100004,14,0,0,0,0
100005,1,6,1,1,165
100005,2,3,0,1,44
100005,3,8,0,2,199
100005,4,10,1,2,228
100005,5,7,1,1,173
100005,6,12,0,0,305
100005,7,7,2,2,168
100005,8,5,0,2,138
100005,9,5,0,2,149
100005,10,12,0,3,316
100005,11,13,0,1,341
100005,12,9,1,1,239
100005,13,5,0,3,107
100005,14,3,0,1,62
100006,1,0,0,0,0
100006,2,3,0,0,47
100006,3,1,0,0,33
100006,4,1,0,0,24
100006,5,1,0,0,43
100006,6,0,0,0,0
100006,7,0,0,0,0
100006,8,0,0,0,0
100006,9,0,0,0,0
100006,10,0,0,0,54
100006,11,0,0,0,0
100006,12,0,0,0,36
100006,13,0,0,0,29
100006,14,0,0,0,10
100007,1,5,0,0,131
100007,2,8,0,2,201
100007,3,3,1,0,101
100007,4,6,0,0,140
100007,5,3,0,1,93
100007,6,6,0,0,134
100007,7,4,0,0,88
100007,8,2,0,1,49
100007,9,5,0,1,121
100007,10,5,0,1,148
100007,11,3,0,1,57
100007,12,9,1,0,230
100007,13,6,1,1,134
100007,14,3,0,1,61
100008,1,4,0,0,106
100008,2,3,0,0,36
100008,3,4,0,1,99
100008,4,1,0,0,26
100008,5,5,0,0,116
100008,6,8,0,0,200
100008,7,3,1,0,57
100008,8,5,0,1,138
100008,9,1,1,1,38
100008,10,4,1,2,128
100008,11,3,0,0,73
100008,12,2,2,1,42
100008,13,2,0,0,56
100008,14,4,0,1,93
100009,1,5,1,3,143
100009,2,1,1,0,47
100009,3,6,0,0,144
100009,4,6,0,0,179
100009,5,8,0,1,201
100009,6,3,0,2,97
100009,7,5,1,0,120
100009,8,1,0,0,20
100009,9,1,0,0,31
100009,10,0,0,1,0
100009,11,3,0,1,103
100009,12,1,1,0,38
100009,13,2,0,0,52
100009,14,3,0,2,88
100010,1,6,1,1,168
100010,2,9,2,0,254
100010,3,12,0,1,301
100010,4,8,0,1,193
100010,5,9,1,1,227
100010,6,11,2,1,297
100010,7,9,1,0,248
100010,8,9,1,1,227
100010,9,8,0,0,212
100010,10,9,1,0,241
100010,11,5,1,4,164
100010,12,5,0,0,145
100010,13,4,1,1,103
100010,14,8,1,1,191
100011,1,8,0,1,201
100011,2,7,1,0,200
100011,3,4,0,0,116
100011,4,3,1,2,93
100011,5,4,1,1,92
100011,6,5,1,0,125
100011,7,7,0,0,208
100011,8,3,0,1,93
100011,9,4,0,1,72
100011,10,3,1,1,72
100011,11,9,0,0,251
100011,12,5,1,2,143
100011,13,5,0,1,119
100011,14,8,1,0,182
100012,1,5,0,0,133
100012,2,6,0,0,153
100012,3,5,0,1,130
100012,4,4,0,0,91
100012,5,4,0,1,115
100012,6,1,1,1,0
100012,7,9,0,0,242
100012,8,3,0,0,100
100012,9,3,0,1,49
100012,10,5,1,0,158
100012,11,3,1,0,104
100012,12,5,1,0,111
100012,13,3,0,0,71
100012,14,2,0,0,75
100013,1,2,0,0,70
100013,2,6,0,0,149
100013,3,2,0,0,53
100013,4,0,0,0,0
100013,5,3,0,0,41
100013,6,0,0,0,1
100013,7,2,0,0,58
100013,8,1,0,0,59
100014,1,2,1,1,32
100014,2,6,0,2,148
100014,3,6,2,1,150
100014,4,6,2,1,145
100014,5,3,0,0,103
100014,6,10,0,0,241
100014,7,10,1,0,262
100014,8,4,0,1,102
100014,9,6,1,2,162
100014,10,5,1,0,126
100014,11,7,1,2,156
100014,12,6,1,1,161
100014,13,7,2,3,182
100014,14,4,0,1,124
100015,1,7,1,2,218
100015,2,10,0,0,267
100015,3,6,0,1,139
100015,4,3,1,1,73
100015,5,6,1,2,125
100015,6,5,2,0,129
100015,7,3,1,4,77
100015,8,9,0,0,211
100015,9,5,1,0,126
100015,10,4,1,1,127
100015,11,8,1,1,210
100015,12,4,1,0,86
100015,13,7,2,1,190
100015,14,5,0,1,119
100016,1,1,0,0,27
100016,2,4,0,0,115
100016,3,4,0,0,102
100016,4,4,0,0,92
100016,5,1,0,0,23
100016,6,2,0,1,50
100016,7,2,0,0,28
100016,8,1,1,0,32
100016,9,1,0,0,7
100016,10,2,0,1,45
100016,11,1,0,0,17
100016,12,0,0,0,0
100016,13,1,0,0,49
100016,14,3,0,0,94
100017,1,6,0,2,167
100017,2,6,1,1,135
100017,3,9,1,2,221
100017,4,10,0,2,214
100017,5,5,0,2,134
100017,6,4,0,1,100
100017,7,8,1,0,198
100017,8,11,1,0,314
100017,9,7,0,2,211
100017,10,5,1,3,123
100017,11,11,1,0,259
100017,12,11,1,0,306
100017,13,5,1,0,133
100017,14,3,1,1,75
100018,1,5,0,0,134
100018,2,4,0,0,97
100018,3,0,0,0,15
100018,4,1,0,0,11
100018,5,1,0,0,27
100018,6,1,0,0,45
100018,7,1,0,0,8
100018,8,0,0,0,29
100018,9,2,0,0,61
100018,10,2,0,0,60
100018,11,0,0,0,12
100018,12,0,0,0,0
100018,13,0,0,0,0
100018,14,2,0,0,47
100019,1,11,0,2,282
100019,2,3,1,1,106
100019,3,9,0,0,208
100019,4,7,1,3,200
100019,5,4,1,1,104
100019,6,6,2,1,162
100019,7,4,1,0,130
100019,8,6,0,0,117
100019,9,7,2,1,169
100019,10,7,1,0,209
100019,11,9,1,1,276
100019,12,9,0,2,213
100019,13,8,1,2,198
100019,14,9,0,0,243
100020,1,1,0,0,32
100020,2,2,0,0,39
100020,3,1,0,0,27
100020,4,2,0,0,21
100020,5,1,0,0,21
100020,6,0,0,0,0
100020,7,1,0,0,11
100020,8,1,0,0,29
100020,9,0,0,0,14
100020,10,2,0,0,7
100020,11,0,0,0,0
100020,12,0,0,1,0
100020,13,0,0,0,0
100020,14,0,0,0,4
100021,1,7,1,0,187
100021,2,7,2,0,158
100021,3,14,0,1,329
100021,4,7,1,1,199
100021,5,6,0,0,166
100021,6,4,1,0,108
100021,7,2,0,0,41
100021,8,0,2,1,7
100021,9,5,1,1,113
100021,10,8,1,3,221
100021,11,10,2,0,271
100021,12,6,1,1,133
100021,13,8,0,2,221
100021,14,6,0,1,144
100022,1,2,0,0,42
100022,2,5,0,0,116
100022,3,4,0,0,91
100022,4,5,0,0,127
100022,5,4,0,0,85
100022,6,1,0,0,16
100022,7,2,0,0,51
100022,8,0,1,0,12
100022,9,3,1,0,92
100022,10,2,1,0,64
100022,11,0,0,1,0
100022,12,1,0,0,22
100022,13,0,0,0,5
100022,14,0,0,0,0
100023,1,2,0,0,42
100023,2,2,0,0,36
100023,3,1,0,0,30
100023,4,0,0,0,0
100023,5,2,0,0,58
100024,1,2,0,0,76
100024,2,5,0,0,81
100024,3,3,0,0,51
100024,4,3,0,0,97
100024,5,0,0,0,0
100024,6,0,0,0,8
100024,7,0,0,0,0
100024,8,1,0,0,13
100024,9,1,0,0,2
100024,10,2,0,1,74
100024,11,2,0,0,66
100024,12,0,0,1,8
100024,13,1,0,0,38
100024,14,1,0,0,17
100025,1,3,0,0,59
100025,2,1,0,1,0
100025,3,2,0,0,27
100025,4,1,0,1,36
100025,5,1,0,1,29
100025,6,3,2,1,48
100025,7,3,0,0,69
100025,8,2,0,0,63
100025,9,0,0,0,11
100025,10,2,0,0,56
100025,11,0,0,0,0
100025,12,0,0,0,18
100025,13,2,0,1,82
100025,14,1,1,0,29
100026,1,3,1,1,65
100026,2,0,1,0,0
100026,3,3,0,0,76
100026,4,7,1,0,197
100026,5,4,1,0,90
100026,6,5,0,0,151
100026,7,3,2,1,61
100026,8,4,2,0,123
100026,9,3,0,0,61
100026,10,3,0,2,79
100026,11,10,0,0,263
100026,12,4,0,0,103
100026,13,6,0,0,144
100026,14,4,1,0,67
100027,1,7,0,1,173
100027,2,6,0,1,136
100027,3,11,1,0,255
100027,4,4,1,0,79
100027,5,4,0,0,124
100027,6,3,1,2,89
100027,7,3,1,0,82
100027,8,7,1,1,161
100027,9,5,2,1,131
100027,10,2,0,1,47
100028,1,6,0,0,157
100028,2,4,0,0,115
100028,3,1,0,0,40
100028,4,1,0,0,49
100028,5,3,0,0,66
100028,6,2,0,1,50
100028,7,0,0,0,11
100028,8,2,0,0,87
100028,9,0,0,1,0
100028,10,0,0,0,0
100028,11,0,0,0,8
100028,12,1,0,1,28
100028,13,0,0,0,8
100028,14,2,0,0,50
100029,1,0,0,0,0
100029,2,2,0,0,69
100029,3,2,1,0,61
100029,4,3,0,0,68
100029,5,2,1,0,76
100029,6,1,0,0,23
100029,7,0,0,0,1
100029,8,0,0,0,1
100029,9,1,0,0,44
100029,10,0,0,0,11
100029,11,0,0,0,0
100029,12,0,0,0,5
100029,13,0,0,0,0
100029,14,0,0,0,0
100030,1,4,0,0,131
100030,2,5,0,0,117
100030,3,5,0,0,125
100030,4,2,0,0,68
100030,5,0,0,0,0
100030,6,2,0,0,50
100030,7,2,0,0,73
100030,8,2,0,0,59
100030,9,0,1,0,0
100030,10,4,0,0,119
100030,11,2,0,2,53
100030,12,2,1,0,64
100030,13,1,0,0,25
100030,14,0,1,0,13
100031,1,6,0,1,177
100031,2,4,0,1,129
100031,3,10,0,0,264
100031,4,8,0,0,214
100031,5,10,1,0,233
100031,6,5,0,1,140
100031,7,12,0,1,319
100031,8,7,1,1,182
100031,9,6,1,0,184
100031,10,5,0,0,117
100031,11,4,2,0,89
100031,12,11,1,4,284
100031,13,9,1,2,220
100031,14,11,1,2,282
100032,1,10,1,0,235
100032,2,13,0,0,347
100032,3,12,0,0,318
100032,4,10,1,1,289
100032,5,14,1,2,363
100032,6,12,1,2,333
100032,7,10,0,1,235
100032,8,11,2,2,287
100032,9,10,0,2,232
100032,10,12,0,1,286
100032,11,8,1,0,210
100032,12,13,0,1,335
100032,13,9,0,3,207
100032,14,11,1,0,289
100033,1,3,0,0,50
100033,2,3,0,0,106
100033,3,2,0,0,72
100033,4,2,0,0,32
100033,5,2,0,0,36
100033,6,1,0,0,27
100033,7,3,0,0,100
100033,8,1,0,0,52
100033,9,1,0,0,35
100033,10,2,0,0,62
100033,11,0,0,1,0
100033,12,0,1,0,40
100033,13,1,0,0,34
100033,14,1,0,0,42
100034,1,3,0,0,81
100034,2,3,0,0,62
100034,3,3,0,0,93
100034,4,3,0,1,59
100034,5,1,1,0,40
100034,6,4,0,0,91
100034,7,3,0,0,83
100034,8,3,0,0,89
100034,9,0,0,1,0
100034,10,3,0,0,83
100034,11,5,0,0,135
100034,12,4,1,0,121
100034,13,2,1,0,89
100034,14,3,0,1,97
100035,1,5,1,0,168
100035,2,3,0,0,94
100035,3,3,0,0,80
100035,4,2,0,1,62
100035,5,1,0,0,27
100035,6,2,0,1,52
100035,7,2,1,0,37
100035,8,3,0,0,75
100035,9,2,0,0,36
100035,10,3,0,1,76
100035,11,1,1,0,28
100035,12,1,1,0,23
100035,13,1,1,0,33
100035,14,1,1,1,0
100036,1,3,0,0,87
100036,2,2,1,0,71
100036,3,4,2,0,86
100036,4,2,1,1,31
100036,5,3,0,0,69
100036,6,3,0,2,57
100036,7,6,0,1,166
100036,8,6,1,0,178
100036,9,2,0,0,44
100036,10,2,1,0,73
100036,11,3,0,0,75
100036,12,3,0,1,58
100036,13,7,2,2,180
100036,14,3,0,1,77
100037,1,4,1,0,119
100037,2,8,0,1,207
100037,3,5,1,0,111
100037,4,3,1,0,53
100037,5,6,0,0,156
100037,6,6,1,0,128
100037,7,1,0,1,23
100037,8,9,1,0,217
100037,9,7,2,2,176
100037,10,6,0,1,168
100037,11,7,0,0,175
100037,12,8,2,0,213
100037,13,6,0,1,105
100037,14,4,0,1,101
100038,1,2,0,0,44
100038,2,3,1,0,51
100038,3,2,0,0,23
100038,4,2,0,0,40
100038,5,2,0,0,50
100038,6,1,0,0,25
100038,7,2,0,0,28
100038,8,3,0,0,107
100038,9,3,0,0,95
100038,10,2,0,0,50
100038,11,3,1,0,61
100038,12,5,1,0,155
100038,13,3,1,1,74
100038,14,4,0,0,102
100039,1,3,0,0,94
100039,2,3,1,0,76
100039,3,6,1,0,163
100039,4,4,1,0,123
100039,5,1,0,0,10
100039,6,3,0,0,59
100039,7,1,0,0,20
100039,8,1,1,0,27
100039,9,1,0,0,14
100039,10,1,1,1,35
100039,11,1,0,0,49
100039,12,3,0,0,84
100039,13,3,0,0,99
100039,14,3,0,0,107
100040,1,3,1,1,45
100040,2,1,0,1,16
100040,3,1,1,0,25
100040,4,3,0,0,39
100040,5,2,1,2,65
100040,6,7,0,0,170
100040,7,3,0,0,71
100040,8,3,0,1,97
100040,9,3,0,0,78
100040,10,5,0,1,144
100040,11,2,0,1,56
100040,12,3,0,2,74
100040,13,3,0,0,78
100040,14,5,0,1,115
100041,1,6,0,2,156
100041,2,4,1,2,111
100041,3,2,0,0,40
100041,4,4,1,0,121
100041,5,7,0,1,167
100041,6,4,0,1,120
100041,7,1,0,0,19
100041,8,3,0,0,82
100041,9,3,0,0,84
100041,10,3,1,0,93
100041,11,3,1,3,103
100041,12,4,0,3,92
100041,13,4,1,0,103
100041,14,9,0,0,223
100042,1,3,1,0,120
100042,2,7,1,0,188
100042,3,7,2,2,210
100042,4,5,0,0,122
100042,5,5,0,0,126
100042,6,7,0,1,199
100042,7,6,1,1,147
100042,8,4,0,0,106
100042,9,4,0,2,117
100042,10,6,1,1,133
100042,11,2,1,2,54
100042,12,3,0,1,50
100042,13,3,0,0,60
100042,14,4,1,0,110
100043,1,2,0,0,45
100043,2,2,0,1,27
100043,3,4,0,0,153
100043,4,3,1,0,92
100043,5,3,0,0,82
100043,6,3,0,0,73
100043,7,2,0,1,35
100043,8,1,0,1,25
100043,9,0,0,0,0
100043,10,2,0,0,29
100043,11,1,0,0,27
100043,12,1,1,0,12
100043,13,1,1,0,16
100043,14,2,1,0,47
100044,1,4,2,0,79
100044,2,5,0,0,142
100044,3,9,0,0,261
100044,4,6,1,2,158
100044,5,4,1,2,111
100044,6,4,1,0,101
100044,7,6,1,0,183
100044,8,7,1,0,148
100044,9,6,1,1,172
100044,10,7,1,2,188
100044,11,6,1,2,129
100044,12,10,0,3,242
100044,13,10,1,0,276
100044,14,7,1,1,198
100045,1,6,0,0,145
100045,2,2,0,0,57
100045,3,1,0,0,9
100045,4,4,0,0,126
100045,5,1,0,0,60
100045,6,0,0,0,0
100045,7,1,0,0,2
100045,8,3,0,0,58
100045,9,0,0,0,0
100045,10,3,0,0,57
100045,11,0,0,0,11
100045,12,1,0,0,5
100045,13,3,0,0,76
100045,14,2,0,0,40
100046,1,1,0,0,28
100046,2,2,0,0,47
100046,3,1,0,0,0
100046,4,2,0,0,80
100046,5,1,0,0,20
100046,6,0,0,0,4
100046,7,0,0,0,0
100046,8,0,0,0,36
100046,9,0,0,0,0
100046,10,0,0,0,0
100046,11,0,0,0,4
100046,12,0,0,0,16
100046,13,0,0,0,9
100046,14,0,0,0,29
100047,1,3,0,0,80
100047,2,1,0,1,10
100047,3,3,1,1,46
100047,4,1,0,1,0
100047,5,3,0,0,73
100047,6,4,0,0,104
100047,7,2,0,1,49
100047,8,1,0,0,37
100047,9,1,1,0,29
100047,10,0,1,0,14
100047,11,3,0,1,112
100047,12,1,0,0,11
100047,13,5,0,0,115
100047,14,2,0,0,36
100048,1,5,0,0,127
100048,2,3,0,0,70
100048,3,0,0,0,12
100048,4,1,0,0,0
100048,5,1,1,0,7
100048,6,2,0,1,52
100048,7,0,0,0,30
100048,8,1,0,0,7
100048,9,0,0,0,22
100048,10,0,0,0,17
100048,11,1,0,0,0
100048,12,0,0,0,0
100048,13,0,0,0,0
100048,14,0,0,0,0
100049,1,2,1,0,68
100049,2,3,0,0,63
100049,3,3,0,2,65
100049,4,5,1,0,117
100049,5,2,0,0,81
100049,6,2,0,0,53
100049,7,2,1,0,53
100049,8,2,0,0,44
100049,9,2,0,0,50
100049,10,0,1,0,0
100049,11,3,0,0,89
100049,12,1,0,0,19
100049,13,1,1,0,18
100049,14,6,0,0,130
100050,1,6,1,0,166
100050,2,11,0,1,277
100050,3,4,0,2,90
100050,4,9,0,0,208
100050,5,5,1,1,159
100050,6,3,1,1,75
100050,7,5,0,1,133
100050,8,5,0,0,134
100050,9,5,1,1,135
100050,10,2,1,0,54
100050,11,3,0,1,58
100050,12,3,1,1,71
100050,13,8,1,1,201
100050,14,7,1,2,201
100051,1,3,0,3,65
100051,2,3,0,1,64
100051,3,6,0,0,165
100051,4,5,0,1,128
100051,5,5,1,0,137
100051,6,5,1,1,133
100051,7,7,0,0,177
100051,8,2,0,0,61
100051,9,6,1,1,166
100051,10,4,1,2,108
100051,11,1,0,1,26
100051,12,5,1,2,147
100051,13,1,1,0,23
100051,14,3,0,0,69
100052,1,1,1,2,34
100052,2,3,1,0,71
100052,3,4,0,1,117
100052,4,2,0,0,49
100052,5,4,1,1,120
100052,6,4,0,1,108
100052,7,3,0,0,63
100052,8,4,1,0,101
100052,9,3,0,0,82
100052,10,2,0,1,42
100052,11,6,0,0,151
100052,12,4,0,0,83
100052,13,7,1,1,195
100052,14,4,0,1,88
100053,1,3,0,3,75
100053,2,10,0,0,251
100053,3,6,1,2,142
100053,4,10,1,1,241
100053,5,2,1,0,44
100053,6,14,0,0,403
100053,7,7,0,2,166
100053,8,9,0,0,222
100053,9,5,1,1,137
100053,10,5,1,2,130
100053,11,9,2,0,230
100053,12,6,1,1,179
100053,13,12,1,0,330
100053,14,6,1,0,151
100054,1,5,0,1,118
100054,2,3,0,0,92
100054,3,2,0,0,57
100054,4,8,0,0,185
100054,5,2,0,1,49
100054,6,3,0,0,100
100054,7,1,0,0,0
100054,8,4,0,0,82
100054,9,2,0,1,53
100054,10,3,0,1,87
100054,11,3,0,0,71
100054,12,1,0,0,55
100054,13,3,1,0,83
100054,14,1,0,0,21
100055,1,3,1,0,60
100055,2,9,0,0,239
100055,3,6,0,0,173
100055,4,6,0,2,193
100055,5,2,2,1,79
100055,6,7,1,1,216
100055,7,7,0,1,187
100055,8,4,1,0,139
100055,9,8,1,2,209
100055,10,6,1,1,171
100055,11,8,1,1,197
100055,12,5,1,0,150
100055,13,3,1,3,80
100055,14,7,0,0,174
100056,1,3,0,0,46
100056,2,4,1,1,102
100056,3,4,1,0,138
100056,4,1,1,0,7
100056,5,0,0,0,0
100056,6,5,0,0,106
100056,7,3,0,1,115
100056,8,1,0,0,82
100056,9,6,0,0,163
100056,10,2,1,0,52
100056,11,5,0,0,131
100056,12,5,1,0,118
100056,13,2,1,0,63
100056,14,0,1,0,0
100057,1,5,0,0,149
100057,2,0,0,0,0
100057,3,1,0,0,5
100057,4,3,0,0,57
100057,5,1,0,0,0
100057,6,6,0,0,136
100057,7,3,0,0,91
100057,8,1,0,0,30
100057,9,2,0,0,51
100057,10,0,0,0,0
100057,11,0,0,0,1
100057,12,1,0,0,22
100057,13,1,0,1,31
100057,14,0,0,0,12
100058,1,5,0,0,122
100058,2,7,1,1,169
100058,3,4,0,0,106
100058,4,8,0,2,176
100058,5,6,1,1,160
100058,6,6,0,0,139
100058,7,6,1,0,145
100058,8,6,1,1,141
100058,9,2,0,0,18
100058,10,4,0,0,100
100058,11,7,0,0,203
100058,12,10,0,0,263
100058,13,2,1,2,67
100058,14,5,1,0,110
100059,1,0,0,0,1
100059,2,6,0,1,167
100059,3,3,1,0,55
100059,4,4,2,1,111
100059,5,4,0,1,109
100059,6,1,0,0,38
100059,7,3,0,1,83
100059,8,3,0,0,59
100059,9,2,1,0,36
100059,10,3,0,1,82
100059,11,5,0,0,120
100059,12,1,0,1,25
100059,13,4,1,1,114
100059,14,3,0,0,62
100060,1,5,2,0,134
100060,2,10,0,1,252
100060,3,9,2,2,249
100060,4,6,0,0,143
100060,5,10,1,0,247
100060,6,12,1,1,301
100060,7,7,0,0,205
100060,8,7,0,1,189
100060,9,4,1,1,117
100060,10,6,2,1,146
100060,11,8,0,1,230
100060,12,4,2,0,107
100060,13,2,1,2,7
100060,14,4,1,1,110
100061,1,2,0,1,72
100061,2,5,0,1,133
100061,3,6,0,1,137
100061,4,6,0,0,152
100061,5,7,1,1,198
100061,6,8,0,1,251
100061,7,4,0,0,122
100061,8,4,1,0,95
100062,1,4,0,0,81
100062,2,5,0,0,131
100062,3,2,0,0,76
100062,4,0,0,0,5
100062,5,3,0,0,84
100062,6,6,0,0,148
100062,7,3,0,0,68
100062,8,1,0,0,0
100062,9,4,0,0,124
100062,10,1,0,0,23
100062,11,2,0,0,16
100062,12,1,0,0,0
100062,13,2,0,0,27
100062,14,1,0,0,21
100063,1,5,1,0,118
100063,2,8,0,0,222
100063,3,11,0,1,291
100063,4,8,0,0,184
100063,5,4,1,0,99
100063,6,4,1,2,119
100063,7,6,1,0,137
100063,8,6,1,3,184
100063,9,7,1,0,179
100063,10,8,2,1,187
100063,11,9,1,2,233
100063,12,10,0,1,271
100063,13,3,0,1,65
100063,14,3,0,2,65
100064,1,2,0,0,58
100064,2,3,0,1,80
100064,3,3,1,0,76
100064,4,2,1,0,50
100064,5,3,0,0,98
100064,6,4,0,1,111
100064,7,3,0,0,60
100064,8,3,0,0,111
100064,9,3,0,0,66
100064,10,2,0,0,36
100064,11,2,0,0,41
100064,12,2,0,0,44
100064,13,1,0,1,16
100064,14,1,0,0,10
100065,1,2,0,1,32
100065,2,6,2,2,132
100065,3,5,1,1,137
100065,4,5,0,1,113
100065,5,9,1,2,207
100065,6,3,0,0,80
100065,7,6,1,1,198
100065,8,10,0,1,276
100065,9,5,0,0,122
100065,10,5,0,1,105
100065,11,6,1,1,151
100065,12,9,0,0,230
100065,13,5,1,0,134
100065,14,8,0,0,233
100066,1,7,0,1,180
100066,2,6,1,1,177
100066,3,4,0,0,107
100066,4,10,0,1,215
100066,5,13,1,1,350
100066,6,9,1,0,253
100066,7,11,0,0,257
100066,8,4,1,2,109
100066,9,7,1,0,194
100066,10,6,0,0,165
100066,11,10,1,0,272
100066,12,8,0,1,190
100066,13,4,1,0,104
100066,14,7,1,0,158
100067,1,3,0,0,65
100067,2,1,0,0,32
100067,3,1,0,0,48
100067,4,2,0,0,71
100067,5,1,0,0,36
100067,6,1,0,0,24
100067,7,0,0,0,47
100067,8,1,0,0,59
100067,9,0,0,0,0
100067,10,0,0,1,0
100067,11,0,0,0,0
100067,12,1,0,0,34
100067,13,0,0,0,19
100067,14,0,0,0,10
100068,1,12,2,3,304
100068,2,8,1,2,204
100068,3,6,2,1,151
100068,4,14,1,0,356
100068,5,15,1,0,403
100068,6,10,1,2,255
100068,7,8,2,0,232
100068,8,8,1,0,221
100068,9,15,1,0,397
100068,10,12,2,0,307
100068,11,11,2,3,262
100068,12,8,1,2,233
100068,13,11,2,2,273
100068,14,6,2,0,179
100069,1,0,0,0,0
100069,2,2,0,0,42
100069,3,2,0,0,52
100069,4,0,0,0,0
100069,5,1,0,0,4
100069,6,1,0,0,0
100069,7,4,0,0,92
100069,8,2,0,1,40
100069,9,0,0,0,27
100069,10,1,0,0,41
100069,11,1,0,0,43
100069,12,0,0,0,20
100069,13,0,0,0,20
100069,14,0,0,0,11
100070,1,2,1,0,27
100070,2,7,0,0,166
100070,3,3,0,0,84
100070,4,9,0,0,239
100070,5,6,0,0,132
100070,6,6,1,1,168
100070,7,7,0,3,186
100070,8,14,0,2,395
100070,9,4,0,2,95
100070,10,7,1,0,173
100070,11,10,1,1,263
100070,12,6,0,1,168
100070,13,2,1,1,59
100070,14,6,1,1,138
100071,1,8,0,2,161
100071,2,12,1,3,292
100071,3,16,2,2,423
100071,4,11,2,1,293
100071,5,11,1,1,281
100071,6,16,1,0,445
100071,7,10,1,1,239
100071,8,12,1,0,302
100071,9,16,1,0,429
100071,10,8,2,1,186
100071,11,13,1,3,337
100071,12,7,2,3,178
100071,13,11,0,3,285
100071,14,6,2,0,178
100072,1,1,0,1,19
100072,2,3,1,2,69
100072,3,0,0,0,15
100072,4,2,0,1,31
100072,5,5,0,1,127
100072,6,3,1,1,85
100072,7,6,1,0,137
100072,8,5,0,0,145
100072,9,3,0,1,58
100072,10,3,0,0,69
100072,11,3,1,0,92
100072,12,7,1,1,176
100072,13,6,0,1,176
100072,14,4,1,0,72
100073,1,5,1,0,128
100073,2,3,0,0,80
100073,3,3,0,1,54
100073,4,11,1,0,318
100073,5,6,0,0,154
100073,6,6,0,0,146
100073,7,5,0,0,136
100073,8,4,0,0,122
100073,9,10,0,0,226
100073,10,6,1,1,125
100073,11,8,1,0,179
100073,12,6,1,0,161
100073,13,5,1,2,145
100073,14,6,1,1,136
100074,1,3,0,0,63
100074,2,4,0,0,130
100074,3,1,1,0,53
100074,4,5,1,0,135
100074,5,6,0,0,179
100074,6,6,0,2,177
100074,7,1,1,0,22
100074,8,6,0,0,147
100074,9,3,1,2,68
100074,10,5,1,0,127
100074,11,2,1,0,36
100074,12,5,0,0,147
100074,13,2,0,0,47
100074,14,7,0,2,216
100075,1,0,0,1,0
100075,2,4,0,0,55
100075,3,1,1,1,0
100075,4,4,0,0,95
100075,5,2,0,0,50
100075,6,2,0,1,59
100075,7,3,1,0,63
100075,8,0,0,0,16
100075,9,3,1,0,65
100075,10,2,0,0,62
100075,11,3,0,0,62
100075,12,1,0,1,57
100075,13,1,0,0,9
100075,14,0,0,1,40
100076,1,1,1,0,4
100076,2,5,0,1,143
100076,3,5,0,0,118
100076,4,4,0,2,86
100076,5,3,0,1,55
100076,6,6,0,1,164
100076,7,8,0,2,245
100076,8,6,0,1,167
100076,9,1,1,0,45
100076,10,1,0,2,41
100076,11,4,0,0,113
100076,12,1,0,0,29
100076,13,5,0,0,127
100077,1,6,1,0,169
100077,2,4,1,2,111
100077,3,6,1,0,155
100077,4,6,0,1,152
100077,5,7,0,0,186
100077,6,1,0,0,21
100077,7,5,1,0,142
100077,8,6,0,0,117
100077,9,3,1,0,91
100077,10,5,0,1,150
100077,11,7,0,1,184
100077,12,7,0,0,202
100077,13,3,0,1,110
100077,14,4,0,1,65
100078,1,3,0,0,63
100078,2,0,0,0,0
100078,3,5,0,0,135
100078,4,0,0,0,3
100078,5,3,0,0,100
100078,6,2,0,0,59
100078,7,4,0,0,101
100078,8,1,0,0,47
100078,9,2,0,0,60
100078,10,2,0,1,53
100078,11,1,0,0,23
100078,12,1,0,0,18
100078,13,0,0,0,0
100078,14,1,2,0,44
100079,1,2,0,0,55
100079,2,1,0,0,24
100079,3,3,0,0,66
100079,4,3,0,1,88
100079,5,0,0,0,9
100079,6,2,0,0,60
100079,7,1,0,0,25
100079,8,1,0,0,46
100079,9,0,0,0,0
100079,10,0,0,0,0
100079,11,0,0,0,2
100079,12,0,0,0,16
100079,13,0,0,0,16
100079,14,0,0,0,0
100080,1,0,0,0,4
100080,2,1,0,0,9
100080,3,0,0,0,0
100080,4,2,0,0,49
100080,5,2,0,0,50
100080,6,1,0,0,0
100080,7,2,0,0,55
100080,8,2,0,0,57
100080,9,1,0,0,4
100080,10,0,1,0,0
100080,11,0,0,0,0
100080,12,0,0,0,0
100080,13,0,0,0,0
100080,14,0,0,0,9
100081,1,10,2,1,252
100081,2,5,0,0,134
100081,3,5,0,1,128
100081,4,5,0,0,103
100081,5,2,1,0,42
100081,6,7,0,0,205
100081,7,9,1,0,226
100081,8,7,0,1,216
100081,9,10,1,0,276
100081,10,7,0,1,188
100081,11,6,0,0,169
100081,12,4,0,1,100
100081,13,4,1,1,113
100081,14,5,1,1,113
100082,1,2,1,0,80
100082,2,3,1,0,89
100082,3,5,1,1,137
100082,4,3,0,0,79
100082,5,2,1,1,46
100082,6,2,1,0,35
100082,7,3,0,0,119
100082,8,3,1,0,45
100082,9,1,0,0,30
100082,10,0,0,2,7
100082,11,3,0,0,78
100082,12,2,0,0,77
100082,13,4,0,0,107
100082,14,2,0,0,33
100083,1,4,0,0,118
100083,2,7,0,2,169
100083,3,5,0,1,95
100083,4,6,0,1,134
100083,5,3,0,2,70
100083,6,7,0,1,181
100083,7,8,1,1,220
100083,8,2,2,3,58
100083,9,6,0,1,149
100083,10,3,0,0,79
100083,11,8,0,1,211
100083,12,2,0,2,50
100083,13,10,0,0,253
100083,14,8,0,0,190
100084,1,6,1,0,161
100084,2,3,0,0,109
100084,3,6,0,0,166
100084,4,5,0,1,109
100084,5,0,0,0,0
100084,6,1,0,1,27
100084,7,0,0,0,27
100084,8,2,0,0,49
100084,9,6,0,0,133
100085,1,2,0,0,52
100085,2,3,0,0,73
100085,3,0,0,0,0
100085,4,4,0,0,102
100085,5,3,0,0,60
100085,6,3,0,0,92
100085,7,2,0,0,25
100085,8,3,0,0,72
100085,9,3,0,0,63
100085,10,3,0,0,79
100085,11,0,0,0,0
100086,1,6,0,2,122
100086,2,6,1,2,145
100086,3,2,0,0,20
100086,4,6,1,1,158
100086,5,4,1,0,81
100086,6,9,2,0,271
100086,7,9,1,1,238
100086,8,7,1,0,197
100086,9,5,2,1,113
100086,10,8,2,1,184
100086,11,5,0,0,160
100086,12,6,1,0,171
100086,13,8,0,0,184
100086,14,9,1,1,223
100087,1,4,0,1,112
100087,2,5,0,1,140
100087,3,1,0,1,0
100087,4,4,0,0,98
100087,5,2,1,0,55
100087,6,5,0,0,149
100087,7,3,0,2,56
100087,8,4,0,0,113
100087,9,6,2,0,144
100087,10,4,0,0,83
100087,11,4,0,0,129
100087,12,6,0,0,153
100087,13,3,0,3,96
100087,14,6,0,1,140
100088,1,5,1,1,142
100088,2,7,2,0,170
100088,3,9,1,0,203
100088,4,8,0,2,219
100088,5,4,1,1,137
100088,6,7,2,1,152
100088,7,5,1,0,134
100088,8,6,0,1,157
100088,9,3,1,0,71
100088,10,11,0,0,312
100088,11,2,1,1,32
100088,12,6,0,1,148
100088,13,4,0,0,78
100088,14,5,1,0,117
100089,1,3,0,1,76
100089,2,4,0,0,134
100089,3,4,0,0,113
100089,4,2,0,1,29
100089,5,2,0,0,25
100089,6,3,0,0,87
100089,7,4,1,1,107
100089,8,4,0,0,128
100089,9,3,0,1,52
100089,10,2,0,1,65
100089,11,4,0,1,73
100089,12,2,0,1,49
100089,13,5,0,0,144
100089,14,4,0,0,121
100090,1,9,0,0,211
100090,2,8,0,2,214
100090,3,10,1,0,238
100090,4,9,1,1,235
100090,5,8,0,2,181
100090,6,5,0,0,114
100090,7,8,0,0,197
100090,8,6,0,3,172
100090,9,8,1,1,206
100090,10,10,1,0,234
100090,11,8,1,0,211
100090,12,9,1,1,215
100090,13,2,1,4,46
100090,14,7,1,2,168
100091,1,3,0,0,80
100091,2,0,0,0,5
100091,3,2,0,0,72
100091,4,1,0,0,28
100091,5,0,0,0,0
100091,6,2,0,0,56
100091,7,0,0,0,0
100092,1,5,0,1,110
100092,2,5,2,1,119
100092,3,4,1,0,129
100092,4,6,1,0,168
100092,5,10,1,1,271
100092,6,3,1,0,54
100092,7,5,0,0,124
100092,8,4,1,1,91
100092,9,6,0,0,143
100092,10,10,0,1,266
100092,11,3,1,0,75
100092,12,6,1,0,190
100092,13,5,0,0,92
100092,14,2,0,1,62
100093,1,9,0,0,234
100093,2,5,1,0,115
100093,3,5,0,1,120
100093,4,8,0,2,207
100093,5,5,1,0,134
100093,6,4,0,0,132
100093,7,3,1,1,74
100093,8,8,2,0,172
100093,9,7,0,1,173
100093,10,7,0,1,152
100093,11,5,0,1,111
100093,12,7,0,0,171
100093,13,6,0,0,171
100093,14,8,1,0,204
100094,1,4,0,0,50
100094,2,11,0,0,265
100094,3,11,1,0,292
100094,4,7,1,2,193
100094,5,9,0,1,212
100094,6,13,0,0,350
100094,7,8,0,1,181
100094,8,13,2,0,368
100094,9,12,2,0,350
100094,10,12,1,1,316
100094,11,15,1,1,364
100094,12,5,2,0,135
100094,13,8,2,1,198
100094,14,7,1,0,212
100095,1,5,1,0,140
100095,2,4,0,1,117
100095,3,6,0,1,169
100095,4,9,1,0,243
100095,5,6,1,0,177
100095,6,3,1,1,38
100095,7,3,1,0,90
100095,8,11,1,0,282
100095,9,6,0,0,142
100095,10,8,0,0,208
100095,11,3,0,0,72
100095,12,4,1,0,115
100095,13,0,2,0,0
100095,14,3,0,1,67
100096,1,2,0,0,40
100096,2,5,0,0,156
100096,3,5,0,0,120
100096,4,2,0,0,29
100096,5,2,0,0,58
100096,6,1,0,1,56
100096,7,1,0,0,15
100097,1,9,0,1,226
100097,2,5,0,0,149
100097,3,4,0,0,113
100097,4,1,0,1,31
100097,5,4,1,0,76
100097,6,4,0,0,121
100097,7,3,1,1,103
100097,8,7,0,0,169
100097,9,4,0,1,102
100097,10,4,0,0,119
100097,11,2,1,0,44
100097,12,3,0,1,88
100097,13,6,0,3,178
100097,14,5,0,2,143
100098,1,7,0,2,206
100098,2,7,1,0,151
100098,3,10,1,0,273
100098,4,7,0,1,157
100098,5,6,0,0,189
100098,6,7,0,0,182
100098,7,2,0,0,43
100098,8,4,0,0,106
100098,9,5,1,1,164
100098,10,2,1,3,45
100098,11,5,0,0,135
100098,12,6,0,0,139
100098,13,4,0,0,150
100098,14,4,0,0,119
100099,1,10,0,0,267
100099,2,7,1,0,175
100099,3,6,1,2,165
100099,4,5,0,0,123
100099,5,8,0,2,216
100099,6,11,0,0,268
100099,7,7,0,0,181
100099,8,2,1,1,17
100099,9,3,2,1,87
100099,10,6,0,0,182
100099,11,8,0,4,207
100099,12,6,1,1,145
100099,13,7,1,0,167
100099,14,7,0,0,182
100100,1,6,0,1,167
100100,2,2,0,1,21
100100,3,1,1,0,23
100100,4,2,0,0,58
100100,5,6,0,3,144
100100,6,5,1,1,132
100100,7,5,0,0,123
100100,8,3,0,0,86
100100,9,4,0,1,77
100100,10,8,1,0,208
100100,11,4,1,0,115
100100,12,3,1,0,57
100100,13,4,0,1,127
100100,14,5,0,1,127
100101,1,3,0,1,93
100101,2,4,1,4,111
100101,3,5,0,1,127
100101,4,2,1,1,37
100101,5,4,1,0,81
100101,6,8,2,2,214
100101,7,4,1,2,103
100101,8,4,0,2,108
100101,9,3,0,1,101
100101,10,4,1,0,78
100101,11,4,0,1,144
100101,12,5,0,0,125
100101,13,2,0,1,72
100101,14,5,1,0,123
100102,1,2,0,0,72
100102,2,0,0,0,0
100102,3,0,0,0,0
100102,4,0,0,0,0
100102,5,4,0,0,124
100102,6,1,0,0,23
100102,7,1,0,0,28
100102,8,1,0,0,11
100102,9,1,0,0,43
100102,10,1,0,0,25
100102,11,0,0,0,0
100102,12,0,0,0,0
100102,13,0,0,0,0
100102,14,1,0,0,54
100103,1,2,0,0,63
100103,2,2,0,1,75
100103,3,4,0,0,80
100103,4,0,0,0,0
100103,5,4,0,0,102
100103,6,2,0,0,79
100103,7,1,0,0,41
100103,8,2,0,0,18
100103,9,0,0,0,0
100103,10,3,1,1,74
100103,11,1,0,0,32
100103,12,1,1,0,20
100103,13,0,0,0,9
100103,14,3,0,1,90
100104,1,6,1,0,139
100104,2,3,0,0,87
100104,3,5,1,0,134
100104,4,3,0,1,76
100104,5,2,0,0,53
100104,6,5,0,1,109
100104,7,2,0,0,100
100104,8,0,0,0,0
100104,9,3,1,0,90
100104,10,2,0,0,65
100104,11,2,0,0,72
100104,12,2,0,2,40
100104,13,1,0,0,23
100104,14,2,1,0,29
100105,1,7,1,2,189
100105,2,10,1,1,251
100105,3,9,1,3,250
100105,4,10,1,1,246
100105,5,7,1,1,173
100105,6,10,0,0,248
100105,7,8,0,0,211
100105,8,7,2,1,190
100105,9,8,2,2,179
100105,10,4,1,0,130
100105,11,6,0,1,145
100105,12,11,0,0,272
100105,13,5,0,1,150
100105,14,7,1,1,144
100106,1,11,2,2,261
100106,2,6,1,0,160
100106,3,7,0,2,171
100106,4,7,2,0,178
100106,5,7,1,1,168
100106,6,7,2,3,218
100106,7,8,0,1,205
100106,8,11,0,1,294
100106,9,13,2,2,332
100106,10,8,0,1,197
100106,11,8,1,0,194
100106,12,6,0,3,165
100106,13,8,0,1,212
100106,14,11,0,0,282
100107,1,4,0,0,103
100107,2,7,2,0,186
100107,3,10,0,0,234
100107,4,5,1,0,116
100107,5,1,0,0,41
100107,6,4,0,1,82
100107,7,6,1,0,158
100107,8,5,1,0,120
100107,9,7,0,1,154
100107,10,6,1,3,200
100107,11,11,2,1,271
100107,12,6,1,0,129
100107,13,11,0,1,280
100107,14,9,1,1,202
100108,1,6,0,2,145
100108,2,1,0,2,7
100108,3,4,0,2,116
100108,4,2,0,0,44
100108,5,3,0,1,77
100108,6,6,0,1,155
100108,7,5,0,1,121
100108,8,6,0,2,160
100108,9,2,0,1,66
100108,10,2,0,1,83
100108,11,1,0,1,15
100108,12,1,1,1,37
100108,13,1,0,0,58
100108,14,3,1,0,74
100109,1,4,0,1,106
100109,2,5,0,3,129
100109,3,6,0,1,165
100109,4,4,0,4,116
100109,5,3,0,3,61
100109,6,7,0,0,190
100109,7,9,1,1,257
100109,8,4,1,1,81
100109,9,3,1,0,65
100109,10,6,0,1,152
100109,11,6,0,1,150
100109,12,10,1,1,265
100109,13,5,1,2,135
100109,14,10,1,0,257
100110,1,3,0,0,93
100110,2,4,0,0,72
100110,3,3,1,1,69
100110,4,5,0,0,97
100110,5,5,2,2,112
100110,6,1,0,1,25
100110,7,4,2,0,95
100110,8,6,0,0,167
100110,9,3,0,1,73
100110,10,4,0,0,108
100110,11,3,1,0,83
100110,12,1,0,0,57
100110,13,5,0,0,129
100110,14,4,0,0,95
100111,1,5,1,1,156
100111,2,9,0,1,250
100111,3,8,0,3,215
100111,4,7,1,2,153
100111,5,13,1,0,341
100111,6,6,1,1,148
100111,7,7,1,3,186
100111,8,6,1,1,144
100111,9,7,0,1,186
100111,10,3,1,0,75
100111,11,7,0,2,165
100111,12,9,1,3,230
100111,13,6,1,0,120
100111,14,14,2,0,361
100112,1,7,1,0,168
100112,2,8,0,0,182
100112,3,6,0,3,141
100112,4,7,0,0,156
100112,5,11,1,0,263
100112,6,6,0,2,150
100112,7,3,0,0,52
100112,8,7,0,0,169
100112,9,7,1,1,189
100112,10,6,1,1,184
100112,11,9,0,0,205
100112,12,7,0,0,199
100113,1,11,1,0,314
100113,2,13,1,3,370
100113,3,8,2,2,214
100113,4,6,1,0,154
100113,5,14,1,1,377
100113,6,7,2,3,158
100113,7,7,1,1,171
100113,8,6,0,0,159
100113,9,9,1,0,205
100113,10,11,0,1,285
100113,11,15,0,1,405
100113,12,14,1,0,386
100113,13,9,1,0,246
100113,14,6,1,1,184
100114,1,4,1,3,106
100114,2,7,0,0,206
100114,3,7,0,1,151
100114,4,5,0,0,100
100114,5,7,0,2,158
100114,6,1,1,1,6
100114,7,5,1,0,144
100114,8,5,0,2,100
100114,9,3,1,0,76
100114,10,5,0,1,144
100114,11,6,0,0,128
100114,12,1,0,1,20
100114,13,7,1,0,192
100114,14,4,0,1,92
100115,1,4,1,0,112
100115,2,4,0,0,96
100115,3,10,0,2,248
100115,4,3,0,0,72
100115,5,6,1,1,150
100115,6,7,0,2,195
100115,7,2,2,0,4
100115,8,1,1,2,54
100115,9,5,0,0,105
100115,10,4,1,1,80
100115,11,3,1,0,93
100115,12,3,0,0,82
100115,13,1,0,0,27
100115,14,0,0,0,28
100116,1,7,1,2,162
100116,2,7,1,0,188
100116,3,11,0,0,272
100116,4,11,0,0,278
100116,5,12,2,0,315
100116,6,12,1,1,282
100116,7,8,2,2,224
100116,8,8,1,2,214
100116,9,11,0,1,296
100116,10,8,1,3,216
100116,11,9,2,2,228
100116,12,7,0,1,166
100116,13,7,1,1,162
100116,14,8,1,2,206
100117,1,6,0,0,159
100117,2,2,0,0,59
100117,3,4,0,1,93
100117,4,3,0,1,94
100117,5,1,0,0,26
100117,6,2,0,0,34
100117,7,5,0,1,137
100117,8,4,0,0,127
100117,9,0,0,0,0
100117,10,1,0,0,0
100117,11,1,0,0,27
100117,12,1,0,0,12
100117,13,2,0,1,58
100117,14,5,1,0,159
100118,1,6,1,0,182
100118,2,7,1,0,183
100118,3,4,2,1,121
100118,4,8,1,2,219
100118,5,5,0,0,121
100118,6,9,1,0,240
100118,7,5,1,0,141
100118,8,8,1,0,189
100118,9,13,0,0,347
100118,10,6,0,0,153
100118,11,10,0,1,254
100118,12,9,0,0,238
100118,13,6,1,2,155
100118,14,7,1,2,193
100119,1,0,0,0,12
100119,2,2,0,0,76
100119,3,0,0,0,0
100119,4,2,0,0,40
100119,5,2,0,0,77
100119,6,1,0,1,33
100119,7,2,0,0,57
100120,1,10,0,3,298
100120,2,7,0,0,177
100120,3,9,1,2,253
100120,4,13,0,1,327
100120,5,8,1,1,216
100120,6,10,0,1,276
100120,7,14,1,0,318
100120,8,8,2,1,201
100120,9,9,1,2,267
100120,10,6,0,0,172
100120,11,4,1,2,110
100120,12,6,0,2,142
100120,13,7,1,1,217
100120,14,13,1,1,371
100121,1,7,0,1,168
100121,2,8,1,2,209
100121,3,8,1,2,231
100121,4,5,1,2,135
100121,5,11,1,3,293
100121,6,14,0,1,350
100121,7,15,1,1,376
100121,8,8,2,0,224
100121,9,8,1,1,185
100121,10,7,1,2,189
100121,11,13,1,1,304
100121,12,12,1,0,345
100121,13,8,0,0,244
100121,14,10,1,2,296
100122,1,2,0,0,100
100122,2,1,0,0,8
100122,3,1,0,0,25
100122,4,0,0,0,0
100122,5,0,0,0,0
100122,6,0,0,0,0
100122,7,0,0,0,9
100122,8,0,0,1,0
100122,9,0,0,0,0
100122,10,0,0,0,3
100122,11,0,0,0,0
100122,12,0,0,0,14
100122,13,0,0,0,0
100122,14,0,0,0,13
100123,1,3,0,1,71
100123,2,5,0,0,131
100123,3,3,0,1,92
100123,4,4,0,0,117
100123,5,6,0,0,165
100123,6,5,1,1,133
100124,1,7,1,1,197
100124,2,4,0,0,96
100124,3,4,0,1,131
100124,4,7,0,0,190
100124,5,4,1,1,103
100124,6,7,1,0,206
100124,7,3,0,1,73
100124,8,5,1,0,129
100124,9,6,0,1,147
100124,10,10,1,0,267
100124,11,7,0,0,156
100124,12,3,1,0,101
100124,13,3,0,1,64
100124,14,4,1,2,96
100125,1,6,0,1,167
100125,2,5,0,0,143
100125,3,5,1,0,117
100125,4,10,2,0,235
100125,5,6,0,0,175
100125,6,6,0,3,134
100125,7,3,1,0,33
100125,8,3,0,1,64
100125,9,7,0,0,188
100125,10,8,1,0,196
100125,11,9,1,1,229
100125,12,10,1,0,254
100125,13,7,1,0,185
100125,14,9,0,0,249
100126,1,2,0,0,49
100126,2,2,1,0,45
100126,3,4,0,0,111
100126,4,3,1,0,87
100126,5,4,0,0,112
100126,6,5,0,0,128
100126,7,3,0,0,66
100126,8,2,0,0,59
100126,9,2,0,0,59
100126,10,3,1,0,83
100126,11,5,0,0,138
100126,12,3,0,1,124
100126,13,2,1,0,68
100126,14,4,0,0,113
100127,1,6,0,0,155
100127,2,3,0,0,108
100127,3,3,0,0,62
100127,4,4,0,0,101
100127,5,4,0,0,107
100127,6,3,0,0,103
100127,7,3,0,0,64
100127,8,6,1,0,154
100127,9,3,1,1,100
100127,10,5,0,0,151
100127,11,4,0,0,96
100127,12,3,0,0,67
100127,13,3,0,0,50
100127,14,3,0,3,85
100128,1,1,0,0,19
100128,2,2,0,0,55
100128,3,2,0,0,31
100128,4,0,0,0,0
100128,5,1,0,0,13
100128,6,1,0,0,10
100128,7,0,0,0,0
100128,8,0,0,0,6
100128,9,0,0,0,6
100128,10,0,0,0,11
100128,11,0,0,0,0
100128,12,0,0,0,9
100128,13,1,0,0,30
100128,14,1,0,0,27
100129,1,5,0,0,117
100129,2,1,1,0,13
100129,3,7,0,0,203
100129,4,2,0,0,92
100129,5,3,0,0,56
100129,6,1,0,0,0
100129,7,6,1,0,150
100129,8,3,0,0,71
100129,9,2,0,0,26
100129,10,2,0,0,87
100129,11,2,1,0,60
100129,12,1,0,0,3
100129,13,0,0,0,0
100129,14,0,0,0,0
100130,1,2,0,0,52
100130,2,0,0,0,9
100130,3,1,0,0,23
100130,4,1,0,0,32
100130,5,0,1,0,0
100130,6,1,0,0,2
100130,7,0,0,0,7
100130,8,0,0,0,0
100130,9,0,0,0,6
100130,10,0,0,0,0
100130,11,0,0,0,1
100130,12,0,0,0,4
100130,13,0,0,0,0
100130,14,0,0,0,0
100131,1,10,1,1,259
100131,2,12,1,1,288
100131,3,9,1,1,222
100131,4,11,1,2,333
100131,5,8,2,0,202
100131,6,7,0,2,167
100131,7,7,0,2,174
100131,8,11,2,3,298
100131,9,10,1,0,268
100131,10,11,1,2,282
100131,11,11,1,1,280
100131,12,11,0,0,318
100131,13,6,0,0,149
100131,14,7,1,1,169
100132,1,1,0,0,52
100132,2,3,0,0,56
100132,3,6,0,0,158
100132,4,3,0,0,69
100132,5,4,0,0,103
100132,6,6,1,0,166
100132,7,2,0,0,28
100132,8,0,1,1,0
100132,9,2,0,0,72
100132,10,4,0,0,91
100132,11,3,1,0,80
100132,12,1,0,0,24
100132,13,1,0,0,51
100132,14,0,0,0,16
100133,1,6,1,0,138
100133,2,4,0,0,119
100133,3,8,0,0,231
100133,4,6,0,0,183
100133,5,5,0,0,107
100133,6,8,1,1,203
100133,7,8,1,0,224
100133,8,2,0,2,59
100133,9,4,1,0,98
100133,10,7,1,0,172
100133,11,6,0,1,148
100133,12,6,1,1,142
100133,13,11,2,1,285
100133,14,2,0,1,37
100134,1,8,1,1,221
100134,2,11,1,3,295
100134,3,5,1,1,132
100134,4,3,0,0,59
100134,5,4,1,0,102
100134,6,3,0,1,95
100134,7,5,0,2,148
100134,8,13,1,1,321
100134,9,3,0,0,80
100134,10,7,1,1,159
100134,11,6,1,0,173
100134,12,9,1,0,259
100134,13,7,1,2,179
100134,14,5,1,0,136
100135,1,8,1,2,204
100135,2,1,0,2,34
100135,3,6,1,1,155
100135,4,9,0,0,239
100135,5,7,1,0,183
100135,6,5,0,0,141
100135,7,8,0,1,194
100135,8,7,1,1,196
100135,9,6,1,1,155
100135,10,8,1,2,192
100135,11,5,0,0,126
100135,12,6,0,0,126
100135,13,4,1,0,104
100135,14,6,2,0,154
100136,1,5,1,1,144
100136,2,7,2,2,173
100136,3,3,0,1,77
100136,4,4,0,0,115
100136,5,4,1,2,95
100136,6,11,0,1,318
100136,7,6,0,0,169
100136,8,6,0,1,149
100136,9,5,2,0,128
100136,10,2,0,1,59
100136,11,8,1,1,183
100136,12,5,1,1,122
100136,13,4,0,1,99
100136,14,8,1,2,194
100137,1,12,0,0,287
100137,2,13,1,2,329
100137,3,9,0,2,203
100137,4,9,0,2,241
100137,5,11,2,1,303
100137,6,7,0,1,223
100137,7,11,1,0,315
100137,8,7,2,0,185
100137,9,10,1,1,239
100137,10,4,2,1,117
100137,11,7,0,1,182
100137,12,7,0,1,152
100137,13,6,1,0,142
100137,14,10,0,1,279
100138,1,4,0,0,118
100138,2,3,0,0,72
100138,3,2,2,1,80
100138,4,7,0,1,203
100138,5,5,0,0,112
100138,6,5,0,0,110
100138,7,6,0,1,194
100138,8,5,0,1,122
100138,9,9,0,0,220
100138,10,9,1,1,234
100138,11,3,1,1,75
100138,12,5,0,2,151
100138,13,2,0,0,49
100138,14,4,0,1,106
100139,1,2,1,0,61
100139,2,5,0,2,130
100139,3,0,0,0,11
100139,4,5,1,2,129
100139,5,4,0,0,103
100139,6,3,0,4,62
100139,7,6,0,0,125
100139,8,3,0,0,35
100139,9,6,0,0,162
100139,10,3,0,0,56
100139,11,6,1,0,156
100139,12,3,0,2,80
100139,13,9,0,1,194
100139,14,6,1,0,172
100140,1,7,0,0,162
100140,2,4,0,0,108
100140,3,2,0,0,52
100140,4,5,0,1,122
100140,5,4,0,0,126
100140,6,2,0,0,32
100140,7,4,0,2,98
100140,8,0,0,0,17
100140,9,1,0,0,49
100140,10,3,0,1,75
100140,11,2,0,0,45
100140,12,2,0,0,53
100140,13,1,0,0,31
100140,14,2,0,0,29
100141,1,1,0,2,27
100141,2,3,0,0,73
100141,3,1,0,0,0
100141,4,3,0,0,81
100141,5,1,0,0,31
100141,6,3,1,1,109
100141,7,1,1,0,0
100141,8,0,0,0,0
100141,9,5,0,1,159
100141,10,0,1,0,38
100141,11,3,1,0,106
100141,12,1,0,0,38
100141,13,3,0,0,72
100141,14,3,1,0,54
100142,1,12,1,0,328
100142,2,5,0,1,145
100142,3,9,0,2,237
100142,4,12,1,0,317
100142,5,9,2,1,226
100142,6,14,0,0,366
100142,7,6,1,0,176
100142,8,10,1,3,289
100142,9,12,0,1,313
100142,10,7,1,1,173
100142,11,13,1,3,389
100142,12,11,1,1,280
100142,13,9,0,0,231
100142,14,11,2,2,291
100143,1,2,0,2,80
100143,2,9,0,1,237
100143,3,5,1,1,107
100143,4,8,0,0,177
100143,5,3,1,2,79
100143,6,7,0,0,182
100143,7,9,0,2,207
100143,8,4,0,2,81
100143,9,4,0,0,82
100143,10,6,1,2,150
100143,11,6,0,1,170
100143,12,6,1,1,130
100143,13,5,0,0,116
100143,14,9,0,0,239
100144,1,3,1,0,104
100144,2,2,1,0,25
100144,3,6,0,0,166
100144,4,2,0,1,47
100144,5,5,0,0,156
100144,6,5,0,0,145
100144,7,6,1,0,145
100144,8,3,0,0,86
100144,9,3,1,0,71
100144,10,3,0,0,55
100144,11,4,0,2,59
100144,12,4,1,1,83
100144,13,1,0,0,0
100144,14,3,0,1,86
100145,1,6,1,0,166
100145,2,10,1,1,240
100145,3,11,0,1,300
100145,4,13,0,1,347
100145,5,7,1,0,188
100145,6,6,1,0,179
100145,7,9,0,1,203
100145,8,9,1,1,238
100145,9,10,2,0,248
100145,10,10,2,1,246
100145,11,5,0,0,119
100145,12,5,1,2,101
100145,13,13,1,1,364
100145,14,5,2,0,139
100146,1,1,0,0,20
100146,2,0,0,0,13
100146,3,0,0,0,0
100146,4,1,0,1,52
100146,5,0,0,0,0
100146,6,2,0,0,62
100146,7,0,0,0,0
100146,8,0,0,0,0
100146,9,1,0,1,33
100146,10,0,0,0,0
100146,11,0,0,0,22
100146,12,0,0,1,0
100146,13,1,0,0,11
100146,14,0,0,0,18
100147,1,7,1,1,228
100147,2,6,1,0,145
100147,3,3,0,0,84
100147,4,5,1,1,123
100147,5,1,0,2,0
100147,6,9,1,1,242
100147,7,6,1,0,154
100147,8,5,1,0,152
100147,9,7,0,0,183
100147,10,6,0,1,180
100147,11,5,2,1,106
100147,12,5,0,0,140
100147,13,9,1,1,221
100147,14,8,1,0,199
100148,1,13,1,2,367
100148,2,12,0,1,303
100148,3,7,0,0,179
100148,4,7,2,2,168
100148,5,9,1,1,222
100148,6,14,2,1,362
100148,7,12,0,3,320
100148,8,10,0,2,243
100148,9,10,1,0,296
100148,10,5,0,0,130
100148,11,8,1,2,173
100148,12,9,1,4,211
100148,13,7,1,0,148
100148,14,7,2,1,162
100149,1,8,1,2,202
100149,2,11,1,0,273
100149,3,9,0,0,254
100149,4,7,0,2,163
100149,5,9,1,1,237
100149,6,6,0,2,173
100149,7,11,1,1,270
100149,8,10,1,1,280
100149,9,10,0,0,256
100149,10,7,0,1,177
100149,11,8,1,0,202
100149,12,7,1,0,228
100149,13,7,1,0,173
100149,14,8,1,1,188
100150,1,7,0,0,178
100150,2,3,0,2,70
100150,3,7,2,2,180
100150,4,7,1,0,163
100150,5,5,0,2,98
100150,6,11,0,0,273
100150,7,5,0,0,88
100150,8,6,1,0,161
100150,9,10,2,1,265
100150,10,0,0,1,7
100150,11,9,0,1,213
100150,12,6,0,0,189
100150,13,8,2,2,197
100150,14,10,0,0,243
100151,1,6,0,1,182
100151,2,1,0,0,18
100151,3,3,0,0,60
100151,4,1,0,1,59
100151,5,3,0,0,57
100151,6,0,0,0,0
100151,7,1,0,0,26
100151,8,2,0,0,59
100151,9,0,0,0,11
100151,10,1,0,0,0
100151,11,1,0,0,3
100151,12,1,0,2,0
100151,13,1,0,0,19
100151,14,0,0,1,15
100152,1,1,0,0,30
100152,2,4,0,1,92
100152,3,5,0,0,95
100152,4,4,0,1,79
100152,5,2,0,1,34
100152,6,3,0,0,104
100152,7,3,0,0,78
100152,8,2,0,0,43
100152,9,3,0,1,106
100152,10,4,0,1,110
100152,11,3,0,0,74
100152,12,2,0,0,55
100152,13,2,0,0,63
100152,14,1,0,0,19
100153,1,5,2,4,138
100153,2,5,1,1,95
100153,3,11,0,0,260
100153,4,3,0,2,80
100153,5,3,1,0,72
100153,6,3,0,1,72
100153,7,5,0,0,129
100153,8,5,2,0,107
100153,9,7,1,0,156
100153,10,6,1,0,216
100153,11,5,0,1,151
100153,12,4,1,0,118
100153,13,5,0,0,97
100153,14,5,0,0,96
100154,1,9,1,1,256
100154,2,7,0,2,170
100154,3,2,1,1,57
100154,4,2,0,0,29
100154,5,4,1,3,89
100154,6,2,2,0,50
100154,7,1,2,1,0
100154,8,2,0,1,61
100154,9,7,0,0,178
100154,10,1,1,2,11
100154,11,0,1,1,0
100154,12,8,0,2,189
100154,13,4,0,0,57
100154,14,7,1,1,136
100155,1,2,0,0,52
100155,2,4,0,0,101
100155,3,3,0,0,80
100155,4,2,0,0,75
100155,5,4,0,0,103
100155,6,1,0,0,30
100155,7,0,0,0,0
100155,8,4,0,0,74
100155,9,0,0,0,9
100155,10,3,0,0,70
100155,11,2,0,0,64
100155,12,0,0,0,36
100155,13,0,0,0,1
100155,14,0,0,0,1
100156,1,8,1,0,181
100156,2,5,1,0,148
100156,3,6,0,0,143
100156,4,4,0,0,134
100156,5,3,0,1,76
100156,6,3,0,0,103
100156,7,2,0,2,39
100156,8,3,0,0,68
100156,9,2,0,1,38
100156,10,2,0,0,61
100156,11,5,0,0,130
100156,12,4,1,0,120
100156,13,3,0,0,80
100156,14,6,1,0,153
100157,1,8,0,0,198
100157,2,4,0,0,125
100157,3,5,1,1,188
100157,4,6,2,0,156
100157,5,6,0,1,138
100157,6,3,1,0,77
100157,7,8,2,0,212
100157,8,6,0,1,150
100157,9,3,0,0,58
100157,10,4,0,0,76
100157,11,7,0,0,168
100157,12,7,1,1,132
100157,13,5,1,0,124
100157,14,5,0,0,124
100158,1,6,1,1,177
100158,2,4,1,1,81
100158,3,7,1,2,190
100158,4,5,1,0,153
100158,5,7,0,1,169
100158,6,4,0,1,127
100158,7,5,0,1,138
100158,8,6,1,0,147
100158,9,7,1,0,215
100158,10,9,0,1,237
100158,11,9,1,1,265
100158,12,8,0,1,201
100158,13,3,0,0,75
100158,14,5,0,0,65
100159,1,6,0,1,147
100159,2,4,0,0,121
100159,3,2,1,0,51
100159,4,5,1,2,152
100159,5,4,1,0,88
100159,6,6,1,1,170
100159,7,3,0,0,71
100159,8,9,1,1,220
100159,9,5,0,1,118
100159,10,5,0,0,129
100159,11,3,0,1,96
100159,12,3,1,0,93
100159,13,5,1,1,113
100159,14,5,0,1,121
100160,1,7,1,0,212
100160,2,6,0,1,178
100160,3,8,1,0,192
100160,4,3,1,1,93
100160,5,2,0,0,41
100160,6,2,1,0,50
100160,7,1,0,0,22
100160,8,3,0,0,84
100160,9,4,0,0,119
100160,10,6,0,0,177
100160,11,2,0,2,53
100160,12,4,1,1,110
100160,13,1,0,1,15
100160,14,4,0,0,129
100161,1,6,0,0,136
100161,2,4,0,0,127
100161,3,1,0,0,4
100161,4,4,0,0,70
100161,5,5,0,0,154
100161,6,3,0,0,93
100161,7,2,0,0,48
100161,8,1,0,0,28
100161,9,0,0,0,3
100161,10,3,0,0,60
100161,11,3,0,0,62
100161,12,2,1,0,61
100161,13,1,1,0,8
100161,14,0,0,0,0
100162,1,5,0,1,145
100162,2,1,1,0,35
100162,3,4,0,2,101
100162,4,6,0,0,145
100162,5,2,0,1,35
100162,6,1,0,0,42
100162,7,2,0,0,80
100162,8,5,0,1,130
100162,9,3,0,0,82
100162,10,3,1,1,94
100162,11,3,1,0,74
100162,12,1,1,1,4
100162,13,4,0,0,101
100162,14,3,0,0,77
100163,1,6,1,1,164
100163,2,3,0,1,74
100163,3,7,0,0,195
100163,4,5,0,1,150
100163,5,1,0,1,15
100163,6,4,0,0,108
100163,7,4,1,1,133
100163,8,3,0,0,86
100163,9,4,0,3,126
100164,1,6,0,1,172
100164,2,3,1,3,78
100164,3,16,0,2,411
100164,4,7,0,1,200
100164,5,2,1,1,52
100164,6,6,0,0,163
100164,7,7,1,2,175
100164,8,6,0,2,124
100164,9,8,1,1,187
100164,10,9,1,1,252
100164,11,15,1,0,404
100164,12,6,0,2,145
100164,13,7,0,3,164
100164,14,6,1,0,178
100165,1,13,2,2,335
100165,2,15,0,0,406
100165,3,13,0,0,321
100165,4,15,2,0,402
100165,5,19,1,1,465
100165,6,12,1,1,322
100165,7,22,1,1,566
100165,8,12,1,2,306
100165,9,11,1,0,294
100165,10,10,0,0,264
100165,11,12,2,4,292
100165,12,11,2,3,322
100165,13,24,1,0,630
100165,14,12,1,1,286
100166,1,1,0,1,45
100166,2,2,0,0,55
100166,3,3,0,0,65
100166,4,7,1,0,177
100166,5,5,0,2,178
100166,6,3,0,0,96
100166,7,1,0,0,16
100166,8,1,0,2,33
100166,9,0,0,0,20
100166,10,1,0,2,53
100166,11,0,0,0,1
100166,12,3,0,0,99
100166,13,1,0,0,31
100166,14,2,0,0,48
100167,1,2,1,0,54
100167,2,7,0,1,202
100167,3,2,0,1,28
100167,4,1,0,0,56
100167,5,7,0,1,165
100167,6,2,0,1,55
100167,7,4,0,0,108
100167,8,1,0,1,9
100167,9,4,1,0,103
100167,10,5,0,0,124
100167,11,8,0,0,219
100167,12,3,0,0,119
100167,13,5,0,1,156
100167,14,2,1,1,65
100168,1,6,0,0,168
100168,2,3,0,0,68
100168,3,0,0,0,0
100168,4,6,0,0,179
100168,5,3,0,0,76
100168,6,3,0,0,82
100168,7,5,1,0,147
100168,8,3,0,1,41
100168,9,2,0,0,42
100168,10,3,0,0,69
100168,11,4,0,1,98
100168,12,1,1,0,23
100168,13,6,0,0,158
100168,14,1,0,0,29
100169,1,6,0,1,157
100169,2,4,0,0,123
100169,3,2,0,0,21
100169,4,3,0,0,44
100169,5,5,1,0,128
100169,6,6,1,0,132
100169,7,4,1,0,116
100169,8,2,0,0,23
100169,9,6,1,0,138
100169,10,6,0,1,159
100169,11,5,1,0,108
100169,12,6,0,0,159
100169,13,1,1,0,28
100169,14,3,0,0,55
100170,1,9,0,3,270
100170,2,8,1,1,192
100170,3,16,0,0,416
100170,4,12,1,4,315
100170,5,6,0,0,153
100170,6,18,1,2,466
100170,7,9,0,0,255
100170,8,8,0,1,172
100170,9,13,1,2,342
100170,10,7,2,2,152
100170,11,5,0,0,141
100170,12,9,1,1,230
100170,13,3,2,0,69
100170,14,12,1,1,299
100171,1,5,0,0,150
100171,2,5,1,0,148
100171,3,3,0,0,103
100171,4,2,1,0,44
100171,5,2,1,1,53
100171,6,5,0,1,107
100171,7,7,0,0,205
100171,8,3,1,0,76
100171,9,6,0,0,184
100171,10,3,0,0,87
100171,11,2,0,0,29
100171,12,1,1,0,16
100171,13,3,0,0,67
100171,14,2,0,0,32
100172,1,4,1,1,92
100172,2,2,0,1,17
100172,3,3,0,1,78
100172,4,6,0,1,144
100172,5,3,2,0,102
100172,6,2,1,0,64
100172,7,2,0,0,74
100172,8,3,1,1,82
100172,9,3,1,1,63
100172,10,3,1,1,73
100172,11,2,0,1,36
100172,12,3,1,2,36
100172,13,1,0,1,53
100172,14,4,0,0,119
100173,1,3,0,0,109
100173,2,6,0,0,167
100173,3,5,0,1,128
100173,4,7,0,0,165
100173,5,4,0,1,108
100173,6,8,0,0,155
100173,7,1,2,0,17
100173,8,4,0,1,120
100173,9,5,0,1,134
100173,10,6,0,0,144
100173,11,3,0,1,51
100173,12,1,0,2,35
100173,13,1,0,0,8
100173,14,1,1,0,10
100174,1,14,2,3,346
100174,2,6,1,0,134
100174,3,6,1,0,173
100174,4,9,0,0,248
100174,5,16,1,1,432
100174,6,9,1,1,238
100174,7,5,1,2,123
100174,8,13,2,0,357
100174,9,16,1,2,416
100174,10,6,2,1,161
100174,11,8,2,1,185
100174,12,7,1,1,196
100174,13,12,2,0,337
100174,14,5,0,2,110
100175,1,5,0,2,128
100175,2,3,1,1,76
100175,3,4,0,2,106
100175,4,5,0,1,146
100175,5,1,1,4,14
100175,6,7,0,0,167
100175,7,1,0,0,30
100175,8,2,0,1,79
100175,9,4,0,0,117
100175,10,5,0,1,161
100175,11,8,0,2,196
100175,12,5,0,1,120
100175,13,1,0,0,49
100175,14,2,0,1,38
100176,1,4,0,0,88
100176,2,4,1,1,84
100176,3,3,0,1,49
100176,4,0,0,0,0
100176,5,6,1,1,153
100176,6,4,1,0,106
100176,7,5,0,0,115
100176,8,3,0,0,99
100176,9,3,1,0,90
100177,1,3,0,2,56
100177,2,3,0,0,68
100177,3,5,0,0,130
100177,4,2,0,0,57
100177,5,1,1,1,34
100177,6,0,0,0,15
100177,7,1,0,0,19
100177,8,3,0,0,90
100177,9,2,0,0,46
100177,10,1,0,0,38
100177,11,1,0,0,52
100177,12,1,0,0,0
100177,13,1,1,1,33
100177,14,0,0,0,38
100178,1,2,0,1,51
100178,2,3,0,0,83
100178,3,8,0,1,250
100178,4,3,1,0,93
100178,5,2,0,0,50
100178,6,3,0,0,59
100178,7,4,0,0,119
100178,8,1,0,0,46
100178,9,1,0,0,7
100178,10,2,0,0,42
100178,11,2,0,0,53
100178,12,1,0,0,29
100178,13,3,0,0,91
100179,1,4,0,0,70
100179,2,6,1,1,151
100179,3,2,1,0,65
100179,4,8,2,0,225
100179,5,6,0,2,139
100179,6,6,2,1,166
100179,7,8,1,0,197
100179,8,4,2,4,134
100179,9,5,1,0,140
100179,10,7,2,0,162
100179,11,9,1,3,196
100179,12,7,1,0,159
100179,13,8,0,0,197
100179,14,9,2,0,265
100180,1,2,0,0,54
100180,2,3,0,0,63
100180,3,0,0,0,6
100180,4,0,0,0,19
100180,5,0,0,0,23
100180,6,1,0,0,5
100180,7,1,0,0,11
100180,8,1,0,0,37
100180,9,1,0,0,23
100180,10,0,0,0,0
100180,11,0,0,0,0
100180,12,0,0,0,3
100180,13,0,0,0,0
100180,14,0,0,0,0
100181,1,1,0,0,50
100181,2,2,1,1,58
100181,3,2,1,0,65
100181,4,2,2,0,49
100181,5,5,0,0,141
100181,6,5,0,1,114
100181,7,9,0,0,223
100181,8,3,0,0,67
100181,9,3,1,0,62
100181,10,2,0,1,90
100181,11,3,1,2,67
100181,12,3,0,1,50
100181,13,3,0,0,64
100181,14,2,2,3,32
100182,1,7,1,1,193
100182,2,2,0,0,56
100182,3,3,1,0,77
100182,4,7,0,1,191
100182,5,10,1,3,252
100182,6,4,0,0,95
100183,1,4,0,0,115
100183,2,7,1,3,188
100183,3,14,1,1,345
100183,4,14,0,2,382
100183,5,7,1,4,153
100183,6,11,0,1,261
100183,7,7,0,1,175
100183,8,18,1,0,470
100183,9,8,0,0,196
100183,10,9,0,1,274
100183,11,5,0,2,117
100183,12,6,1,0,144
100183,13,9,1,1,202
100183,14,9,2,2,219
100184,1,4,1,0,85
100184,2,4,0,0,111
100184,3,5,0,1,143
100184,4,2,0,0,35
100184,5,0,0,0,16
100184,6,5,0,0,148
100184,7,3,0,0,81
100184,8,3,0,0,62
100184,9,2,1,0,56
100184,10,1,1,0,45
100184,11,0,0,1,0
100184,12,2,1,0,34
100184,13,2,0,0,56
100184,14,2,0,0,52
100185,1,2,0,0,106
100185,2,1,0,0,11
100185,3,0,0,0,8
100185,4,1,0,0,22
100185,5,1,0,0,13
100185,6,0,0,0,9
100185,7,0,0,0,19
100185,8,0,0,0,8
100185,9,0,0,0,0
100185,10,0,0,0,1
100185,11,0,0,0,0
100185,12,0,0,1,2
100185,13,0,0,0,31
100185,14,0,0,0,0
100186,1,2,1,0,22
100186,2,5,0,1,137
100186,3,3,0,0,72
100186,4,3,0,1,60
100186,5,6,0,1,164
100186,6,10,0,0,294
100186,7,4,0,0,85
100186,8,2,0,0,45
100186,9,3,0,0,80
100186,10,6,1,1,147
100187,1,16,1,2,423
100187,2,11,2,0,283
100187,3,9,2,1,251
100187,4,13,1,2,325
100187,5,7,1,0,197
100187,6,12,0,3,326
100187,7,7,1,1,191
100187,8,6,1,1,147
100187,9,7,1,2,191
100187,10,6,1,1,136
100187,11,5,1,0,120
100187,12,6,0,1,159
100187,13,6,0,1,152
100187,14,10,0,1,268
100188,1,2,0,1,44
100188,2,3,1,0,84
100188,3,6,0,1,169
100188,4,5,1,1,155
100188,5,2,0,0,59
100188,6,0,0,0,10
100188,7,3,0,0,100
100188,8,3,0,0,62
100188,9,4,0,0,105
100188,10,3,0,0,46
100188,11,0,0,0,0
100188,12,3,1,0,83
100188,13,1,0,1,12
100188,14,1,0,1,15
100189,1,0,1,0,0
100189,2,4,1,0,118
100189,3,3,1,3,79
100189,4,5,0,0,138
100189,5,4,1,0,93
100189,6,3,0,1,65
100189,7,1,0,0,21
100189,8,2,0,0,72
100189,9,7,1,0,207
100189,10,4,1,1,121
100189,11,1,0,2,19
100189,12,6,1,0,154
100189,13,4,0,0,115
100189,14,2,0,0,71
100190,1,2,0,0,52
100190,2,1,0,0,11
100190,3,1,0,0,33
100190,4,2,0,0,49
100190,5,0,0,1,0
100190,6,4,0,0,150
100191,1,9,1,1,204
100191,2,16,1,1,423
100191,3,3,0,1,75
100191,4,14,1,1,375
100191,5,9,0,1,245
100191,6,8,1,1,208
100191,7,4,1,1,96
100191,8,8,0,0,213
100191,9,7,1,1,184
100191,10,12,1,0,315
100191,11,9,1,2,233
100191,12,9,1,0,202
100191,13,15,1,0,402
100191,14,9,0,5,224
100192,1,5,0,0,128
100192,2,2,0,0,51
100192,3,2,1,0,27
100192,4,4,0,0,119
100192,5,5,1,0,135
100192,6,6,0,0,147
100192,7,1,1,1,25
100192,8,3,1,0,86
100192,9,0,0,1,0
100192,10,4,0,2,89
100192,11,1,0,1,24
100192,12,2,0,1,68
100192,13,5,0,1,138
100192,14,2,0,0,54
100193,1,5,1,0,150
100193,2,0,0,0,0
100193,3,4,0,0,77
100193,4,5,1,0,99
100193,5,3,0,0,62
100193,6,6,0,0,160
100193,7,3,0,0,94
100193,8,1,0,0,49
100193,9,2,0,0,61
100193,10,3,0,0,82
100193,11,1,0,0,29
100193,12,1,0,1,32
100193,13,1,0,0,19
100193,14,1,0,0,24
100194,1,3,0,0,95
100194,2,1,0,0,49
100194,3,1,0,0,35
100194,4,1,0,2,6
100194,5,2,0,0,62
100194,6,4,0,0,114
100194,7,1,0,0,38
100194,8,0,0,0,21
100194,9,1,0,0,20
100194,10,2,0,0,50
100194,11,0,0,0,0
100194,12,0,0,0,0
100194,13,0,0,0,1
100194,14,0,0,0,12
100195,1,4,0,1,104
100195,2,2,0,0,71
100195,3,6,0,0,165
100195,4,4,0,1,128
100195,5,5,1,0,143
100195,6,1,0,0,21
100195,7,4,0,0,106
100195,8,3,1,1,91
100195,9,3,0,1,80
100195,10,5,0,0,145
100195,11,2,0,0,50
100195,12,3,0,0,91
100195,13,3,0,0,101
100195,14,1,0,0,12
100196,1,12,2,1,326
100196,2,7,1,2,180
100196,3,5,1,3,154
100196,4,10,2,1,251
100196,5,7,1,1,184
100196,6,10,0,1,265
100196,7,9,1,2,262
100196,8,10,1,0,264
100196,9,6,0,1,132
100196,10,6,0,0,175
100196,11,8,1,2,194
100196,12,8,1,2,244
100196,13,8,0,0,207
100196,14,15,1,0,383
100197,1,2,0,0,38
100197,2,1,0,0,21
100197,3,2,0,0,39
100197,4,0,0,0,0
100197,5,4,0,0,113
100197,6,0,0,0,0
100197,7,0,0,0,19
100197,8,0,0,0,4
100197,9,1,0,0,13
100197,10,0,0,0,3
100197,11,0,0,0,0
100197,12,0,1,0,0
100197,13,0,0,0,9
100197,14,0,0,0,0
100198,1,4,0,1,111
100198,2,4,0,1,102
100198,3,8,0,0,207
100198,4,4,0,0,97
100198,5,1,1,1,44
100198,6,4,0,1,109
100198,7,3,0,0,76
100198,8,2,0,3,52
100198,9,0,1,0,5
100198,10,4,0,0,91
100198,11,3,0,0,122
100198,12,5,0,0,113
100198,13,3,0,1,69
100198,14,1,0,0,39
100199,1,3,0,1,70
100199,2,4,0,0,131
100199,3,5,1,0,125
100199,4,5,0,1,122
100199,5,3,0,0,97
100199,6,4,0,0,67
100199,7,2,0,0,57
100199,8,4,0,0,120
100199,9,0,0,0,0
100199,10,2,0,0,67
100199,11,0,2,2,24
100199,12,1,0,1,38
100199,13,4,1,0,94
100199,14,0,0,0,0
100200,1,3,0,0,71
100200,2,3,0,0,85
100200,3,2,0,0,85
100200,4,4,0,0,92
100200,5,4,0,0,108
100200,6,2,0,0,37
100200,7,1,0,0,29
100200,8,2,0,0,34
100200,9,0,0,0,25
100200,10,0,0,0,18
100200,11,0,0,0,18
100200,12,0,0,0,0
100200,13,0,0,0,8
100200,14,1,0,0,72
100201,1,7,1,2,173
100201,2,4,1,0,128
100201,3,9,1,2,240
100201,4,6,0,0,172
100201,5,9,1,2,266
100201,6,6,1,1,166
100201,7,9,0,1,249
100201,8,7,0,0,177
100201,9,4,0,1,92
100201,10,11,1,2,306
100201,11,2,1,2,42
100201,12,9,1,1,241
100201,13,13,1,1,344
100201,14,7,0,1,204
100202,1,3,0,1,97
100202,2,5,0,0,109
100202,3,2,0,0,39
100202,4,6,0,0,132
100202,5,5,0,0,131
100203,1,20,0,2,501
100203,2,18,1,2,471
100203,3,15,2,2,396
100203,4,12,0,2,297
100203,5,11,2,0,276
100203,6,13,2,1,341
100203,7,10,1,1,279
100203,8,13,1,1,350
100203,9,13,0,2,339
100203,10,12,1,1,293
100203,11,6,1,1,127
100203,12,12,0,0,267
100203,13,17,1,1,443
100203,14,14,1,2,363
100204,1,12,1,2,312
100204,2,13,1,1,325
100204,3,12,1,2,310
100204,4,13,1,0,332
100204,5,14,1,1,363
100204,6,6,1,1,183
100204,7,14,1,0,367
100204,8,14,0,1,358
100204,9,7,1,2,179
100204,10,13,1,2,315
100204,11,6,2,3,147
100204,12,9,1,0,201
100204,13,16,0,2,394
100204,14,8,0,1,232
100205,1,10,1,0,283
100205,2,2,0,0,38
100205,3,3,1,2,74
100205,4,3,0,2,67
100205,5,9,1,2,238
100205,6,8,1,0,200
100205,7,7,0,0,187
100205,8,3,0,1,63
100205,9,4,0,1,75
100205,10,2,0,0,51
100205,11,6,1,0,157
100205,12,2,0,0,37
100205,13,5,0,0,130
100205,14,4,1,1,99
100206,1,4,0,0,117
100206,2,3,0,0,107
100206,3,1,0,0,34
100206,4,0,0,0,0
100206,5,0,0,0,21
100206,6,2,0,0,68
100206,7,2,0,0,53
100206,8,1,0,0,53
100206,9,3,0,0,78
100206,10,1,0,0,10
100206,11,1,0,1,40
100206,12,0,0,0,0
100206,13,0,0,0,0
100206,14,1,0,1,14
100207,1,2,1,0,74
100207,2,7,0,2,174
100207,3,3,1,0,48
100207,4,5,1,0,113
100207,5,8,1,1,249
100207,6,1,1,2,0
100207,7,4,1,0,86
100207,8,7,1,1,204
100207,9,9,1,1,230
100207,10,7,1,0,172
100207,11,5,0,0,134
100207,12,6,0,0,145
100207,13,5,1,0,161
100207,14,7,0,1,161
100208,1,4,0,0,101
100208,2,1,1,1,45
100208,3,1,0,0,0
100208,4,4,0,0,109
100208,5,1,0,0,44
100208,6,1,0,1,14
100208,7,1,1,0,46
100208,8,2,0,0,29
100208,9,0,0,0,12
100208,10,0,0,0,0
100208,11,3,0,0,93
100208,12,0,0,0,0
100208,13,0,0,0,0
100208,14,1,0,0,34
100209,1,8,2,1,215
100209,2,2,1,1,43
100209,3,6,1,0,169
100209,4,6,0,0,180
100209,5,3,2,1,100
100209,6,11,1,0,295
100209,7,8,0,0,204
100209,8,13,0,1,369
100209,9,3,0,0,90
100209,10,4,2,1,119
100209,11,3,0,3,60
100209,12,6,1,1,162
100209,13,5,1,2,151
100209,14,5,2,1,125
100210,1,3,0,0,88
100210,2,6,0,0,159
100210,3,0,0,1,0
100210,4,2,0,0,42
100210,5,2,0,0,56
100210,6,1,0,0,24
100210,7,2,1,1,71
100210,8,2,0,0,63
100210,9,1,0,0,28
100210,10,2,0,0,74
100210,11,0,0,0,0
100210,12,2,1,1,36
100210,13,2,0,0,90
100210,14,4,1,0,117
100211,1,4,0,0,94
100211,2,3,0,0,90
100211,3,1,0,1,11
100211,4,9,0,0,259
100211,5,2,1,0,34
100211,6,3,0,0,81
100211,7,1,1,0,37
100211,8,1,0,0,52
100211,9,1,0,0,34
100211,10,2,0,0,51
100211,11,3,0,0,47
100211,12,1,0,0,13
100211,13,1,0,0,1
100211,14,4,0,0,94
100212,1,13,2,1,321
100212,2,7,1,0,186
100212,3,6,0,2,172
100212,4,7,1,2,202
100212,5,10,1,1,242
100212,6,12,1,0,325
100212,7,15,1,0,393
100212,8,12,1,3,289
100212,9,15,1,1,396
100212,10,6,2,4,157
100212,11,5,1,1,150
100212,12,9,2,0,211
100212,13,12,2,1,291
100212,14,11,2,1,305
100213,1,6,0,0,137
100213,2,7,1,0,192
100213,3,1,0,0,20
100213,4,3,1,0,110
100213,5,2,0,0,101
100213,6,1,0,2,41
100213,7,4,0,1,99
100213,8,1,0,1,24
100213,9,2,0,0,53
100213,10,4,0,0,86
100213,11,4,1,0,116
100213,12,0,0,0,28
100213,13,2,0,0,47
100213,14,0,0,1,13
100214,1,0,2,1,5
100214,2,6,1,0,146
100214,3,3,0,2,63
100214,4,5,1,0,164
100214,5,11,1,0,257
100214,6,6,1,0,150
100214,7,8,1,0,221
100214,8,2,1,0,78
100214,9,5,2,0,106
100214,10,7,0,0,170
100214,11,9,0,3,237
100214,12,6,0,0,150
100214,13,8,0,1,207
100214,14,5,0,0,153
100215,1,1,0,1,0
100215,2,2,0,0,5
100215,3,2,0,1,58
100215,4,3,0,0,100
100215,5,2,0,0,66
100215,6,2,0,0,57
100215,7,3,0,0,83
100215,8,0,0,0,0
100215,9,1,0,0,34
100215,10,0,0,0,0
100215,11,1,0,0,48
100215,12,0,0,0,0
100215,13,0,0,0,0
100215,14,0,0,0,8
100216,1,3,0,0,110
100216,2,6,1,1,155
100216,3,2,0,1,65
100216,4,7,1,0,177
100216,5,3,1,0,68
100216,6,4,1,0,108
100216,7,6,0,0,140
100216,8,4,1,1,73
100216,9,3,0,1,77
100216,10,2,1,1,71
100216,11,1,0,3,13
100216,12,10,0,0,259
100216,13,9,1,0,243
100216,14,5,1,1,121
100217,1,5,1,0,166
100217,2,4,0,0,130
100217,3,3,0,0,37
100217,4,5,0,0,140
100217,5,4,0,0,79
100217,6,1,0,1,61
100217,7,2,0,0,83
100217,8,1,0,0,27
100217,9,0,0,0,0
100217,10,2,0,0,49
100217,11,2,0,0,63
100217,12,0,0,0,2
100217,13,1,0,0,16
100217,14,1,0,0,9
100218,1,1,0,1,29
100218,2,9,0,0,230
100218,3,8,1,0,184
100218,4,5,0,1,173
100218,5,7,1,1,183
100218,6,4,1,0,109
100218,7,4,0,1,127
100218,8,6,0,1,220
100218,9,6,1,0,133
100218,10,8,2,0,209
100218,11,8,1,1,201
100218,12,1,1,0,10
100218,13,4,1,1,134
100218,14,2,2,0,51
100219,1,3,0,1,85
100219,2,4,0,1,159
100219,3,2,0,1,71
100219,4,3,0,0,95
100219,5,4,0,0,131
100219,6,4,0,1,67
100219,7,1,1,0,46
100219,8,3,1,0,102
100219,9,4,0,0,127
100219,10,2,0,0,38
100219,11,1,1,0,25
100219,12,5,1,1,115
100219,13,2,0,0,30
100219,14,2,0,1,9
100220,1,1,0,0,19
100220,2,5,0,0,111
100220,3,4,0,0,115
100220,4,2,0,0,82
100220,5,1,0,0,46
100220,6,0,0,0,0
100220,7,1,0,0,38
100220,8,1,0,0,34
100220,9,0,0,0,0
100220,10,0,0,1,0
100221,1,15,1,2,383
100221,2,7,0,3,171
100221,3,12,1,1,334
100221,4,8,1,1,196
100221,5,11,0,1,312
100221,6,18,2,1,417
100221,7,18,2,0,455
100221,8,21,1,2,556
100221,9,14,1,3,371
100221,10,12,1,0,292
100221,11,14,1,2,383
100221,12,8,2,4,210
100221,13,14,2,1,350
100221,14,12,1,1,295
100222,1,3,1,2,97
100222,2,6,1,2,145
100222,3,3,0,1,94
100222,4,7,0,0,184
100222,5,3,0,1,66
100222,6,3,1,1,95
100222,7,5,0,1,149
100223,1,5,0,1,138
100223,2,4,0,0,85
100223,3,1,0,0,23
100223,4,4,0,1,111
100223,5,4,0,0,80
100223,6,0,1,1,1
100223,7,2,0,0,26
100223,8,2,0,0,68
100223,9,9,0,0,210
100223,10,3,1,0,65
100223,11,1,0,0,38
100223,12,4,0,0,116
100223,13,6,0,0,178
100223,14,1,0,0,27
100224,1,2,0,0,34
100224,2,3,1,0,113
100224,3,3,0,2,83
100224,4,5,1,1,120
100224,5,6,0,0,152
100224,6,10,0,0,232
100224,7,9,1,0,242
100224,8,4,0,0,114
100224,9,3,0,1,77
100224,10,3,0,0,71
100224,11,5,1,0,127
100224,12,7,1,1,192
100224,13,10,0,2,283
100224,14,4,1,0,92
100225,1,9,1,0,232
100225,2,7,1,0,194
100225,3,9,0,1,243
100225,4,6,1,1,167
100225,5,5,1,4,141
100225,6,6,0,1,189
100225,7,3,0,0,88
100225,8,3,0,0,67
100225,9,8,0,0,201
100225,10,10,1,1,244
100225,11,4,0,1,110
100225,12,5,0,0,120
100225,13,6,2,1,160
100225,14,7,0,1,178
100226,1,10,1,1,262
100226,2,8,1,1,177
100226,3,5,1,1,93
100226,4,10,1,0,257
100226,5,12,1,0,273
100226,6,11,0,0,301
100226,7,9,1,2,210
100226,8,15,0,0,380
100226,9,4,2,0,107
100226,10,9,0,1,177
100226,11,16,1,1,423
100226,12,12,1,1,321
100226,13,12,0,0,320
100226,14,10,1,3,237
100227,1,11,1,2,294
100227,2,3,1,0,85
100227,3,7,1,1,206
100227,4,5,0,3,110
100227,5,5,0,0,101
100227,6,2,1,1,24
100227,7,7,0,0,173
100227,8,5,0,1,135
100227,9,5,0,0,143
100227,10,14,1,0,348
100227,11,4,0,1,86
100227,12,10,0,2,249
100227,13,9,0,0,274
100227,14,5,0,1,109
100228,1,7,1,0,200
100228,2,4,0,0,75
100228,3,2,1,0,65
100228,4,10,2,1,247
100228,5,9,0,0,238
100228,6,7,0,0,198
100228,7,3,1,1,80
100228,8,7,1,1,186
100228,9,2,1,1,8
100228,10,6,1,0,158
100228,11,5,1,0,148
100228,12,9,1,0,231
100228,13,3,1,0,62
100228,14,7,0,1,185
100229,1,8,0,1,184
100229,2,6,0,0,157
100229,3,3,1,0,82
100229,4,5,0,1,126
100229,5,3,0,1,113
100229,6,3,0,1,96
100229,7,2,0,1,38
100229,8,1,0,1,43
100229,9,2,0,1,51
100229,10,4,1,0,113
100229,11,9,1,1,266
100229,12,8,2,0,191
100229,13,3,0,0,78
100229,14,2,1,0,57
100230,1,15,2,2,381
100230,2,16,2,0,396
100230,3,15,1,1,402
100230,4,11,1,0,287
100230,5,17,1,1,431
100230,6,13,0,1,317
100230,7,16,0,1,411
100230,8,11,2,2,287
100230,9,19,2,0,480
100230,10,21,2,1,535
100230,11,22,1,1,573
100230,12,16,1,0,457
100230,13,21,2,2,533
100230,14,16,2,3,423
100231,1,3,0,0,57
100231,2,1,0,0,23
100231,3,3,0,0,135
100231,4,3,0,2,77
100231,5,0,0,1,34
100231,6,3,0,0,114
100231,7,2,1,0,44
100231,8,2,1,0,56
100231,9,1,0,0,28
100231,10,1,0,0,21
100231,11,1,0,0,9
100231,12,0,0,0,0
100231,13,0,0,0,0
100231,14,0,0,1,8
100232,1,0,1,0,0
100232,2,8,0,0,182
100232,3,6,0,1,157
100232,4,4,0,0,122
100232,5,3,0,0,70
100232,6,6,0,0,161
100232,7,4,1,0,93
100232,8,8,1,1,189
100232,9,1,0,1,2
100232,10,0,1,0,0
100232,11,6,0,0,161
100232,12,1,0,2,23
100232,13,6,0,0,161
100232,14,2,0,1,61
100233,1,2,0,0,40
100233,2,8,1,1,220
100233,3,3,1,0,85
100233,4,7,0,0,134
100233,5,2,0,0,63
100233,6,7,0,1,195
100233,7,3,0,0,88
100233,8,4,0,0,91
100233,9,6,0,0,137
100233,10,3,0,0,81
100233,11,8,0,1,210
100233,12,4,0,0,106
100233,13,5,1,0,136
100233,14,5,0,0,107
100234,1,2,0,0,67
100234,2,0,0,0,0
100234,3,2,0,0,56
100234,4,4,0,0,96
100234,5,2,0,0,42
100234,6,1,0,0,16
100234,7,2,0,0,50
100234,8,4,0,0,113
100234,9,0,0,0,0
100234,10,0,0,0,14
100234,11,1,0,0,48
100234,12,0,0,0,0
100234,13,0,0,0,10
100234,14,1,0,0,47
100235,1,13,0,0,333
100235,2,5,1,1,132
100235,3,9,2,0,242
100235,4,8,2,1,207
100235,5,19,1,2,520
100235,6,8,2,0,202
100235,7,11,1,0,282
100235,8,7,1,0,173
100235,9,10,1,2,285
100235,10,13,0,1,335
100235,11,9,1,0,228
100235,12,11,1,2,287
100235,13,10,2,0,282
100235,14,12,2,2,283
100236,1,2,0,2,55
100236,2,8,1,1,198
100236,3,8,0,0,185
100236,4,9,1,0,250
100236,5,5,0,2,126
100236,6,2,1,3,57
100236,7,3,2,0,92
100236,8,6,0,2,151
100236,9,6,0,0,166
100236,10,2,0,0,38
100236,11,4,1,0,105
100236,12,2,0,0,44
100236,13,5,0,0,143
100236,14,8,0,0,196
100237,1,4,2,0,92
100237,2,4,1,0,102
100237,3,5,0,0,129
100237,4,4,0,1,115
100237,5,6,0,1,157
100237,6,5,1,0,123
100237,7,2,1,1,19
100237,8,4,1,0,99
100237,9,3,1,0,81
100237,10,9,1,0,258
100237,11,4,0,0,100
100237,12,3,0,0,79
100237,13,7,2,1,190
100237,14,5,0,0,132
100238,1,3,1,1,108
100238,2,5,0,0,138
100238,3,2,0,1,73
100238,4,5,1,0,167
100238,5,4,0,0,90
100238,6,4,0,0,118
100238,7,2,0,0,89
100238,8,5,0,1,151
100238,9,1,0,1,8
100238,10,1,0,0,28
100238,11,1,0,0,42
100238,12,4,0,2,167
100238,13,5,0,1,129
100238,14,4,0,0,86
100239,1,5,0,0,132
100239,2,3,0,0,49
100239,3,1,0,0,16
100239,4,0,0,1,31
100239,5,1,0,0,25
100239,6,2,0,0,26
100239,7,1,0,0,14
100239,8,1,0,0,29
100239,9,1,0,0,14
100239,10,0,0,0,0
100239,11,3,0,0,43
100239,12,1,0,1,19
100239,13,1,0,0,32
100239,14,0,0,0,8
100240,1,11,1,3,289
100240,2,9,1,3,228
100240,3,5,1,0,156
100240,4,11,1,1,262
100240,5,8,1,0,229
100240,6,10,1,0,251
100240,7,8,2,0,197
100240,8,9,2,0,240
100240,9,13,1,1,335
100240,10,15,2,0,396
100240,11,9,2,1,241
100240,12,8,1,0,207
100240,13,9,0,1,252
100240,14,10,0,1,270
100241,1,5,1,0,126
100241,2,3,0,0,81
100241,3,3,0,0,48
100241,4,0,1,0,37
100241,5,5,1,0,168
100241,6,1,0,0,29
100241,7,1,0,0,22
100241,8,2,0,0,56
100241,9,6,1,0,167
100241,10,2,0,1,44
100241,11,0,0,2,0
100241,12,0,0,0,0
100241,13,2,0,0,72
100241,14,2,1,0,52
100242,1,6,0,0,167
100242,2,5,2,1,118
100242,3,7,0,0,175
100242,4,4,1,1,105
100242,5,8,2,0,224
100242,6,6,1,0,181
100242,7,1,0,0,12
100242,8,2,0,0,46
100242,9,3,1,1,56
100242,10,6,1,0,158
100242,11,5,1,0,140
100242,12,6,0,3,176
100242,13,6,0,0,153
100242,14,6,0,3,166
100243,1,5,0,2,128
100243,2,3,0,0,89
100243,3,3,0,1,84
100243,4,3,0,0,105
100243,5,0,0,0,18
100243,6,3,0,0,98
100243,7,3,0,1,76
100243,8,5,0,1,132
100243,9,3,0,0,97
100243,10,2,0,1,54
100243,11,3,0,0,85
100243,12,8,1,1,215
100243,13,5,0,0,138
100243,14,4,0,0,82
100244,1,4,0,0,116
100244,2,2,0,0,37
100244,3,3,0,1,57
100244,4,3,0,1,85
100244,5,8,0,0,185
100244,6,6,0,0,130
100244,7,3,0,0,82
100244,8,4,1,2,126
100244,9,3,0,1,68
100244,10,4,0,1,142
100244,11,4,1,1,89
100244,12,4,1,0,87
100244,13,3,0,1,107
100244,14,4,0,2,100
100245,1,3,0,0,62
100245,2,3,0,0,125
100245,3,2,0,0,37
100245,4,3,0,0,78
100245,5,4,0,0,112
100245,6,3,0,0,88
100245,7,1,0,0,10
100245,8,4,1,0,104
100245,9,7,0,0,182
100245,10,2,0,1,50
100245,11,1,1,0,26
100245,12,8,0,0,202
100245,13,3,0,0,53
100245,14,1,0,0,0
100246,1,3,1,0,73
100246,2,9,0,0,259
100246,3,2,0,1,45
100246,4,8,1,2,216
100246,5,7,2,1,189
100246,6,7,0,0,181
100246,7,1,0,1,50
100246,8,2,0,0,32
100246,9,11,0,0,284
100246,10,8,1,0,202
100246,11,6,1,0,148
100246,12,4,0,1,109
100246,13,6,0,1,173
100246,14,9,0,0,247
100247,1,3,0,0,86
100247,2,3,0,0,95
100247,3,2,0,0,26
100247,4,4,1,0,110
100247,5,1,0,0,30
100247,6,1,0,0,0
100247,7,2,0,0,84
100247,8,2,0,0,70
100247,9,4,1,1,99
100247,10,2,0,0,41
100247,11,2,0,0,36
100247,12,1,0,0,35
100247,13,1,0,0,61
100247,14,2,0,0,57
100248,1,7,0,0,193
100248,2,2,0,2,42
100248,3,7,0,0,213
100248,4,7,0,2,193
100248,5,2,0,2,18
100248,6,3,1,1,69
100248,7,1,0,0,23
100248,8,1,0,0,44
100248,9,3,0,1,76
100248,10,1,0,0,2
100248,11,3,1,0,100
100248,12,2,0,1,62
100248,13,3,0,0,48
100248,14,4,1,1,56
100249,1,3,0,0,129
100249,2,3,1,1,57
100249,3,3,1,1,118
100249,4,1,1,0,15
100249,5,3,0,0,74
100249,6,0,0,1,0
100249,7,1,1,0,26
100249,8,3,0,1,76
100249,9,0,0,0,0
100249,10,2,0,0,53
100249,11,2,1,1,65
100249,12,1,1,0,49
100249,13,3,0,0,73
100249,14,2,0,0,24
100250,1,3,0,0,58
100250,2,6,0,0,126
100250,3,7,1,0,170
100250,4,3,0,1,72
100250,5,1,2,0,0
100250,6,6,2,2,162
100250,7,5,1,0,147
100250,8,6,0,1,177
100250,9,6,0,0,162
100250,10,6,0,1,131
100250,11,12,2,0,295
100250,12,7,0,0,210
100250,13,4,0,0,133
100250,14,6,0,0,144
100251,1,8,0,0,184
100251,2,8,0,0,207
100251,3,2,0,2,50
100251,4,3,0,1,101
100251,5,9,0,0,224
100251,6,10,0,1,282
100251,7,7,1,1,149
100251,8,6,0,0,159
100251,9,4,0,0,82
100251,10,5,1,0,147
100251,11,7,0,2,202
100251,12,6,0,1,157
100251,13,4,0,1,112
100251,14,7,2,0,197
100252,1,2,0,0,35
100252,2,2,0,2,41
100252,3,3,0,0,73
100252,4,6,0,0,150
100252,5,2,0,1,30
100252,6,2,0,0,31
100252,7,2,0,0,53
100252,8,1,0,1,0
100252,9,3,0,0,90
100252,10,2,0,0,59
100252,11,1,0,0,20
100253,1,5,1,0,134
100253,2,3,0,0,96
100253,3,5,2,0,120
100253,4,7,0,0,177
100253,5,3,0,1,105
100253,6,3,0,0,50
100253,7,3,0,1,69
100253,8,4,0,1,94
100253,9,2,1,0,64
100253,10,6,0,0,151
100253,11,4,1,0,91
100253,12,3,0,0,75
100253,13,1,0,0,16
100253,14,3,0,0,97
100254,1,2,1,1,39
100254,2,3,0,0,83
100254,3,4,0,2,75
100254,4,1,0,0,31
100254,5,0,0,2,0
100254,6,1,0,0,0
100254,7,2,0,0,50
100254,8,2,0,0,25
100254,9,2,0,0,21
100254,10,1,0,0,35
100254,11,1,0,1,57
100254,12,1,0,0,37
100254,13,3,1,0,94
100255,1,7,1,1,187
100255,2,14,2,2,405
100255,3,8,0,1,197
100255,4,9,2,0,247
100255,5,10,1,2,232
100255,6,5,1,0,138
100255,7,7,0,3,204
100255,8,5,0,1,111
100255,9,10,0,1,247
100255,10,15,0,1,402
100255,11,10,1,2,252
100255,12,6,1,1,154
100255,13,7,2,0,172
100255,14,7,1,1,182
100256,1,5,1,2,140
100256,2,2,0,0,60
100256,3,8,1,0,178
100256,4,8,1,0,224
100256,5,5,1,0,127
100256,6,9,1,1,239
100256,7,7,2,1,182
100256,8,7,0,1,187
100256,9,5,0,0,138
100256,10,9,0,2,273
100256,11,10,1,1,304
100256,12,1,1,0,21
100256,13,4,0,1,79
100256,14,3,0,0,56
100257,1,2,0,1,39
100257,2,2,0,1,59
100257,3,3,0,0,84
100257,4,1,0,0,18
100257,5,1,0,0,67
100257,6,1,0,2,32
100257,7,1,0,0,34
100257,8,0,0,0,0
100257,9,1,0,0,33
100257,10,1,1,1,12
100257,11,2,0,1,40
100257,12,1,1,1,26
100257,13,0,0,1,1
100257,14,0,0,0,0
100258,1,4,1,1,105
100258,2,5,0,1,153
100258,3,1,0,1,5
100258,4,7,0,1,184
100258,5,2,1,1,45
100258,6,3,0,1,77
100258,7,1,0,0,33
100258,8,2,0,1,50
100258,9,1,0,0,46
100258,10,5,0,0,149
100258,11,4,1,0,120
100258,12,6,1,2,152
100258,13,9,0,0,216
100258,14,2,1,0,37
100259,1,3,0,0,58
100259,2,2,2,0,0
100259,3,4,0,0,124
100259,4,2,1,1,56
100259,5,1,0,1,22
100259,6,3,0,0,24
100259,7,3,0,0,67
100259,8,4,0,0,84
100259,9,3,0,0,84
100259,10,4,0,0,123
100259,11,2,0,1,76
100259,12,0,0,1,14
100259,13,0,0,0,3
100259,14,4,0,0,86
100260,1,6,0,0,162
100260,2,5,0,2,101
100260,3,4,1,1,134
100260,4,7,0,1,171
100260,5,2,0,0,78
100260,6,8,0,0,197
100260,7,2,1,0,46
100260,8,8,1,1,202
100260,9,4,1,0,102
100260,10,7,1,0,196
100260,11,5,0,2,102
100260,12,5,0,2,146
100260,13,2,0,1,59
100260,14,7,0,1,197
100261,1,11,1,0,297
100261,2,4,0,3,99
100261,3,3,2,0,65
100261,4,4,0,0,67
100261,5,5,0,0,146
100261,6,5,0,1,123
100261,7,3,1,3,85
100261,8,3,1,1,114
100261,9,3,0,1,74
100261,10,1,1,1,17
100261,11,3,0,0,112
100261,12,4,1,0,101
100261,13,2,0,2,69
100261,14,6,1,2,140
100262,1,8,0,2,210
100262,2,6,1,1,148
100262,3,4,1,1,107
100262,4,7,0,0,200
100262,5,10,1,0,269
100262,6,8,0,1,220
100262,7,7,1,1,160
100262,8,6,0,0,126
100262,9,7,0,0,169
100262,10,11,1,1,272
100262,11,13,0,2,337
100262,12,10,0,0,286
100262,13,6,1,0,139
100262,14,7,0,0,169
100263,1,11,0,1,296
100263,2,14,0,1,376
100263,3,15,0,4,418
100263,4,8,0,1,183
100263,5,12,1,1,308
100263,6,6,0,2,146
100263,7,5,0,0,152
100263,8,6,1,1,144
100263,9,7,1,1,142
100263,10,11,1,1,319
100263,11,9,0,0,263
100263,12,7,1,3,182
100263,13,5,0,2,123
100263,14,10,0,2,252
100264,1,12,0,2,310
100264,2,7,1,1,164
100264,3,13,0,2,353
100264,4,7,2,1,152
100264,5,14,1,0,386
100264,6,7,0,1,191
100264,7,5,1,0,120
100264,8,9,0,2,222
100264,9,6,1,0,144
100264,10,9,1,0,209
100264,11,8,1,1,180
100264,12,14,0,1,369
100264,13,14,1,1,346
100264,14,5,1,0,107
100265,1,6,1,1,126
100265,2,5,1,0,125
100265,3,5,0,0,126
100265,4,5,1,2,145
100265,5,8,0,0,205
100265,6,4,2,0,129
100265,7,7,0,1,168
100265,8,7,0,1,194
100265,9,8,1,1,187
100265,10,4,1,1,103
100265,11,4,0,2,121
100265,12,5,1,0,160
100265,13,5,0,0,140
100265,14,4,1,1,91
100266,1,1,1,0,41
100266,2,3,0,0,80
100266,3,3,0,0,96
100266,4,4,0,0,81
100266,5,2,0,0,26
100266,6,0,0,0,11
100266,7,1,0,0,2
100267,1,5,0,1,142
100267,2,2,1,0,63
100267,3,4,0,0,95
100267,4,3,0,0,109
100267,5,4,1,0,92
100267,6,5,1,0,117
100267,7,6,1,1,156
100267,8,3,0,3,82
100267,9,5,1,1,118
100267,10,10,0,0,263
100267,11,6,0,1,175
100267,12,4,1,0,67
100267,13,4,0,0,117
100267,14,2,1,1,65
100268,1,0,0,0,4
100268,2,1,0,0,40
100268,3,2,0,0,66
100268,4,4,0,0,96
100268,5,3,0,1,92
100268,6,3,0,0,83
100268,7,0,0,2,0
100268,8,1,0,1,22
100268,9,2,0,1,50
100268,10,4,0,0,124
100268,11,2,0,0,38
100268,12,1,0,0,54
100268,13,1,0,0,55
100268,14,4,0,0,133
100269,1,6,0,3,169
100269,2,14,2,1,334
100269,3,10,1,0,240
100269,4,7,2,0,169
100269,5,5,0,0,126
100269,6,11,1,0,279
100269,7,5,2,0,146
100269,8,11,1,2,287
100269,9,7,0,1,173
100269,10,9,0,4,226
100269,11,5,0,1,96
100269,12,8,2,0,219
100269,13,7,2,3,153
100269,14,10,0,1,255
100270,1,5,0,0,133
100270,2,2,0,1,50
100270,3,3,0,0,82
100270,4,8,1,1,220
100270,5,2,0,0,53
100270,6,4,1,0,115
100270,7,6,0,0,163
100270,8,5,0,0,126
100270,9,3,0,0,97
100270,10,3,2,1,93
100270,11,2,0,0,32
100270,12,7,0,0,175
100270,13,6,0,0,162
100270,14,9,0,0,217
100271,1,4,1,2,73
100271,2,14,0,1,359
100271,3,7,1,2,164
100271,4,11,0,0,298
100271,5,11,1,0,296
100271,6,9,1,1,246
100271,7,2,1,1,67
100271,8,6,0,1,154
100271,9,12,0,2,319
100271,10,11,0,1,285
100271,11,9,0,2,259
100271,12,7,1,0,184
100271,13,11,1,2,307
100272,1,2,0,1,78
100272,2,8,0,1,192
100272,3,5,0,0,128
100272,4,6,0,1,184
100272,5,9,0,1,225
100272,6,9,0,0,227
100272,7,10,1,0,267
100272,8,2,0,1,27
100272,9,7,1,1,174
100272,10,7,0,2,189
100272,11,6,1,0,153
100272,12,6,1,0,133
100272,13,2,2,0,38
100272,14,5,1,1,122
100273,1,6,0,0,156
100273,2,6,0,0,141
100273,3,13,0,1,343
100273,4,2,0,0,23
100273,5,6,0,0,146
100273,6,8,1,0,218
100273,7,5,0,1,130
100273,8,4,0,1,106
100273,9,3,0,1,65
100273,10,2,0,1,44
100273,11,5,0,1,149
100273,12,5,0,1,116
100273,13,5,1,0,148
100273,14,4,0,0,103
100274,1,0,0,1,9
100274,2,5,1,0,163
100274,3,3,0,2,54
100274,4,1,0,0,32
100274,5,5,1,0,129
100274,6,5,0,0,148
100274,7,6,0,2,152
100274,8,4,1,0,90
100274,9,1,0,0,43
100274,10,6,0,3,153
100274,11,2,0,0,48
100274,12,3,0,1,101
100274,13,5,0,0,114
100274,14,2,0,0,62
100275,1,1,0,1,17
100275,2,4,0,3,114
100275,3,12,1,1,300
100275,4,9,1,1,227
100275,5,11,1,3,319
100275,6,9,1,1,236
100275,7,11,1,4,264
100275,8,12,1,1,306
100275,9,5,0,1,134
100275,10,12,2,0,336
100275,11,10,0,0,240
100275,12,7,1,0,173
100275,13,12,2,0,311
100275,14,10,1,2,273
100276,1,0,0,0,0
100276,2,3,0,0,86
100276,3,1,0,3,35
100276,4,2,0,0,79
100276,5,3,0,0,73
100276,6,3,0,0,76
100276,7,1,0,0,68
100276,8,2,0,0,43
100276,9,0,0,0,0
100276,10,2,0,0,45
100276,11,3,0,0,74
100276,12,0,0,0,17
100276,13,0,1,0,0
100276,14,0,0,0,0
100277,1,6,2,0,131
100277,2,7,0,0,178
100277,3,6,0,1,169
100277,4,5,1,1,142
100277,5,10,0,0,268
100277,6,5,0,1,167
100277,7,6,2,0,145
100277,8,7,1,2,159
100277,9,7,1,0,168
100277,10,6,2,1,155
100277,11,11,0,1,317
100277,12,5,1,0,125
100277,13,7,0,0,177
100277,14,7,1,1,194
100278,1,3,0,0,97
100278,2,3,0,0,85
100278,3,0,0,0,0
100278,4,6,0,0,149
100278,5,2,0,0,29
100278,6,2,1,0,34
100278,7,1,0,0,0
100278,8,1,0,2,20
100278,9,4,1,2,103
100278,10,2,0,0,72
100278,11,2,0,0,31
100278,12,3,0,0,53
100278,13,4,0,0,86
100278,14,1,0,0,48
100279,1,3,1,0,97
100279,2,2,0,0,12
100279,3,0,1,0,7
100279,4,1,0,0,12
100279,5,3,0,0,93
100279,6,2,0,0,69
100279,7,3,0,0,61
100279,8,2,0,1,46
100280,1,5,1,1,118
100280,2,1,1,1,5
100280,3,7,0,0,146
100280,4,7,1,1,202
100280,5,3,1,1,73
100280,6,5,0,0,136
100280,7,6,1,1,190
100280,8,6,0,1,205
100280,9,3,1,1,96
100280,10,7,1,3,167
100280,11,8,1,0,202
100280,12,7,0,0,151
100280,13,2,1,0,64
100280,14,8,1,1,211
100281,1,2,1,1,89
100281,2,4,1,0,132
100281,3,1,1,1,36
100281,4,8,0,0,176
100281,5,3,0,0,53
100281,6,5,1,0,152
100281,7,3,0,0,39
100281,8,4,1,0,71
100281,9,4,0,0,124
100281,10,5,0,0,142
100281,11,0,0,0,8
100281,12,4,0,0,104
100281,13,5,1,0,107
100281,14,4,0,0,96
100282,1,1,0,0,22
100282,2,3,0,0,82
100282,3,1,1,0,15
100282,4,2,0,0,60
100282,5,2,0,2,15
100282,6,2,0,0,27
100282,7,0,0,0,6
100282,8,0,0,1,23
100282,9,1,1,0,9
100282,10,0,0,0,22
100282,11,1,0,0,35
100283,1,7,0,3,170
100283,2,2,1,0,48
100283,3,9,2,1,243
100283,4,9,0,0,258
100283,5,2,2,0,55
100283,6,5,0,2,136
100283,7,6,1,0,108
100283,8,6,1,0,173
100283,9,5,2,1,153
100283,10,4,1,1,152
100283,11,4,1,3,95
100283,12,14,1,1,375
100283,13,9,1,0,252
100283,14,9,0,4,234
100284,1,10,1,1,286
100284,2,7,2,1,199
100284,3,7,1,1,183
100284,4,6,0,0,152
100284,5,6,1,2,159
100284,6,7,0,2,175
100284,7,4,0,0,146
100284,8,7,1,2,160
100284,9,4,0,2,105
100284,10,5,1,2,160
100284,11,9,1,0,242
100284,12,6,1,2,173
100284,13,7,0,2,175
100284,14,6,0,0,143
100285,1,6,0,0,164
100285,2,10,0,0,267
100285,3,7,0,2,180
100285,4,5,0,2,146
100285,5,9,0,1,227
100285,6,4,2,2,113
100285,7,5,0,0,102
100285,8,4,0,1,91
100285,9,11,1,0,321
100285,10,1,1,0,62
100285,11,4,0,1,81
100285,12,7,0,1,165
100285,13,1,0,0,11
100285,14,12,1,1,336
100286,1,5,0,0,119
100286,2,9,0,1,238
100286,3,6,1,0,133
100286,4,5,0,2,156
100286,5,8,0,1,197
100286,6,10,0,0,270
100286,7,13,2,1,360
100286,8,10,1,0,293
100286,9,6,1,0,132
100286,10,13,1,1,369
100286,11,3,1,0,84
100286,12,8,1,0,223
100286,13,10,1,0,269
100286,14,4,1,1,77
100287,1,3,0,1,77
100287,2,7,0,1,197
100287,3,7,0,2,208
100287,4,3,1,0,55
100287,5,7,1,1,174
100287,6,6,1,2,160
100287,7,9,0,2,213
100287,8,6,0,0,145
100287,9,4,0,0,100
100287,10,8,1,0,192
100287,11,6,0,1,165
100287,12,5,1,1,143
100287,13,7,0,0,185
100287,14,5,0,0,117
100288,1,4,0,1,77
100288,2,2,0,0,38
100288,3,1,0,0,38
100288,4,1,0,0,37
100288,5,1,0,2,0
100288,6,3,0,0,75
100288,7,0,0,0,0
100288,8,2,0,0,57
100288,9,2,0,0,71
100288,10,1,0,0,37
100288,11,1,0,0,44
100288,12,1,0,0,7
100288,13,1,0,0,31
100288,14,0,0,0,8
100289,1,1,0,0,25
100289,2,4,0,1,85
100289,3,0,0,0,0
100289,4,1,0,0,15
100289,5,1,1,0,39
100289,6,3,0,0,79
100289,7,1,0,0,29
100289,8,2,0,1,49
100289,9,1,0,1,2
100289,10,1,0,1,4
100289,11,6,0,0,147
100289,12,1,0,0,48
100289,13,0,0,0,0
100289,14,1,0,1,60
100290,1,2,0,0,53
100290,2,1,0,0,30
100290,3,5,0,0,111
100290,4,2,0,0,64
100290,5,3,0,0,102
100290,6,1,0,1,37
100290,7,1,0,0,25
100290,8,1,0,0,25
100290,9,2,0,1,58
100290,10,2,0,0,35
100290,11,0,0,0,0
100290,12,0,0,0,0
100290,13,0,0,0,27
100290,14,0,0,0,0
100291,1,2,0,0,56
100291,2,3,0,0,105
100291,3,1,0,0,19
100291,4,1,0,0,18
100291,5,1,0,0,35
100291,6,1,0,0,47
100291,7,0,0,0,12
100291,8,1,0,0,11
100291,9,0,0,0,0
100291,10,0,0,0,0
100291,11,0,0,0,16
100291,12,0,0,1,9
100291,13,0,0,0,0
100291,14,0,0,0,6
100292,1,2,0,1,49
100292,2,3,0,0,88
100292,3,6,0,1,162
100292,4,1,1,0,0
100292,5,5,0,0,155
100292,6,9,2,0,259
100292,7,5,1,0,116
100292,8,4,0,1,74
100292,9,1,0,0,15
100292,10,3,0,0,65
100292,11,3,0,3,97
100292,12,6,1,0,157
100292,13,2,0,1,56
100292,14,5,0,1,148
100293,1,2,0,0,46
100293,2,2,0,0,53
100293,3,2,0,0,48
100293,4,1,0,0,0
100293,5,3,0,0,87
100294,1,7,1,0,178
100294,2,6,0,1,153
100294,3,9,0,0,199
100294,4,12,2,1,293
100294,5,5,0,1,117
100294,6,14,0,0,351
100294,7,5,2,1,120
100294,8,11,0,0,263
100294,9,5,1,1,126
100294,10,8,1,1,225
100294,11,7,2,2,182
100294,12,8,0,1,221
100294,13,8,1,2,186
100294,14,5,0,1,143
100295,1,9,1,0,231
100295,2,14,0,1,387
100295,3,11,0,0,289
100295,4,11,0,0,277
100295,5,17,0,2,462
100295,6,8,2,3,186
100295,7,8,1,0,207
100295,8,9,2,0,224
100295,9,7,0,2,190
100295,10,13,1,0,335
100295,11,4,1,1,96
100295,12,9,1,0,229
100295,13,5,2,1,124
100295,14,12,0,1,326
100296,1,7,0,1,162
100296,2,9,1,2,231
100296,3,4,0,1,110
100296,4,3,0,1,73
100296,5,6,1,1,171
100296,6,9,1,1,241
100296,7,8,1,1,237
100296,8,7,0,1,188
100296,9,4,0,1,85
100296,10,6,0,3,121
100296,11,6,1,0,176
100296,12,1,0,1,34
100296,13,8,1,3,220
100296,14,5,0,0,92
100297,1,4,0,0,114
100297,2,3,0,0,93
100297,3,1,0,0,19
100297,4,0,0,0,8
100297,5,7,0,0,199
100297,6,3,0,0,48
100297,7,6,0,0,159
100297,8,6,0,1,155
100297,9,5,0,1,104
100297,10,2,0,0,66
100297,11,4,0,0,101
100297,12,2,0,1,32
100297,13,4,0,0,90
100297,14,2,0,1,49
100298,1,3,0,0,80
100298,2,5,1,1,137
100298,3,4,0,1,70
100298,4,4,0,1,104
100298,5,7,1,0,170
100298,6,3,0,0,86
100298,7,4,1,1,97
100298,8,7,0,0,185
100298,9,2,0,2,42
100298,10,3,2,0,79
100298,11,5,0,0,129
100298,12,7,0,0,173
100298,13,4,0,0,91
100298,14,3,1,0,71
100299,1,9,1,2,228
100299,2,5,1,0,115
100299,3,2,0,0,86
100299,4,7,0,0,172
100299,5,2,1,0,75
100299,6,5,0,0,125
100299,7,7,0,0,199
100299,8,8,1,1,169
100299,9,12,0,2,299
100299,10,3,1,0,93
100299,11,8,2,1,203
100299,12,8,0,0,185
100299,13,7,0,2,193
100299,14,4,1,0,116
100300,1,3,0,2,64
100300,2,8,0,1,230
100300,3,3,0,2,40
100300,4,4,0,1,99
100300,5,4,1,1,67
100300,6,7,1,0,165
100300,7,2,1,1,25
100300,8,4,0,0,117
100300,9,9,0,1,226
100300,10,3,0,2,98
100301,1,2,0,0,61
100301,2,3,0,0,77
100301,3,5,0,0,137
100301,4,6,0,1,154
100301,5,2,0,0,43
100301,6,1,0,0,18
100301,7,4,0,0,99
100301,8,0,0,0,3
100301,9,3,1,0,64
100301,10,2,0,0,29
100301,11,1,1,0,13
100301,12,2,1,0,52
100301,13,1,1,0,58
100301,14,0,0,1,43
100302,1,12,1,2,288
100302,2,6,1,0,153
100302,3,5,2,2,118
100302,4,11,1,2,259
100302,5,6,2,2,148
100302,6,5,0,0,124
100302,7,11,0,0,297
100302,8,10,0,0,274
100302,9,9,0,1,234
100302,10,8,0,0,225
100302,11,6,0,1,147
100302,12,11,2,1,253
100302,13,9,1,0,231
100302,14,7,0,1,186
100303,1,4,0,1,100
100303,2,6,0,1,137
100303,3,3,2,0,78
100303,4,6,1,1,158
100303,5,5,1,0,142
100303,6,5,0,2,147
100303,7,3,0,1,32
100303,8,3,1,0,88
100303,9,5,0,1,99
100303,10,2,1,0,61
100303,11,6,0,1,151
100303,12,5,0,0,123
100303,13,3,0,0,110
100303,14,9,1,0,230
100304,1,9,0,2,243
100304,2,7,0,0,193
100304,3,3,1,1,77
100304,4,12,0,3,295
100304,5,5,0,0,138
100304,6,11,0,1,286
100304,7,7,1,0,183
100304,8,3,1,0,66
100304,9,4,1,2,135
100304,10,8,0,3,219
100304,11,5,0,0,122
100304,12,4,0,2,77
100304,13,4,1,1,98
100304,14,0,1,1,3
100305,1,1,0,0,5
100305,2,1,1,0,30
100305,3,2,0,0,40
100305,4,4,1,0,107
100305,5,1,0,1,25
100305,6,3,0,1,50
100305,7,1,0,0,22
100305,8,4,0,0,78
100305,9,2,0,0,51
100305,10,1,0,1,31
100305,11,1,0,0,27
100305,12,4,0,0,134
100305,13,2,0,0,46
100305,14,2,0,1,66
100306,1,7,1,1,213
100306,2,8,0,0,211
100306,3,6,0,1,179
100306,4,3,0,0,55
100306,5,5,0,0,95
100306,6,2,0,0,62
100306,7,5,0,0,111
100306,8,5,0,0,142
100306,9,1,0,0,38
100306,10,6,0,1,136
100306,11,2,0,0,70
100306,12,5,0,2,130
100306,13,1,0,2,17
100306,14,1,1,3,14
100307,1,7,0,0,194
100307,2,4,0,0,131
100307,3,1,0,1,39
100307,4,1,0,0,24
100307,5,0,0,0,0
100307,6,2,0,0,82
100307,7,1,0,0,45
100307,8,2,0,1,58
100307,9,1,1,0,15
100307,10,2,0,0,55
100307,11,3,0,0,55
100307,12,0,0,1,0
100307,13,1,0,0,0
100307,14,0,0,0,21
100308,1,6,0,0,143
100308,2,7,0,0,208
100308,3,3,0,0,70
100308,4,7,1,1,176
100308,5,4,0,0,95
100308,6,4,0,0,94
100308,7,7,0,1,180
100308,8,7,0,1,198
100308,9,2,0,0,52
100308,10,7,0,0,208
100308,11,5,0,0,142
100308,12,1,0,0,0
100308,13,4,0,1,101
100308,14,8,0,1,228
100309,1,4,0,0,100
100309,2,4,0,1,118
100309,3,3,0,2,85
100309,4,4,0,0,94
100309,5,6,0,0,144
100309,6,1,0,1,36
100309,7,4,0,1,120
100309,8,2,0,1,40
100309,9,2,0,2,71
100309,10,1,0,1,9
100309,11,6,1,0,147
100309,12,1,0,0,0
100309,13,5,0,0,119
100309,14,4,0,1,105
100310,1,7,0,0,192
100310,2,5,0,0,122
100310,3,5,1,1,118
100310,4,4,0,0,104
100310,5,6,1,0,160
100310,6,5,1,0,159
100310,7,2,0,1,29
100310,8,4,0,0,87
100310,9,4,1,2,139
100310,10,10,0,1,260
100310,11,5,1,0,126
100310,12,8,1,1,215
100310,13,8,1,0,210
100310,14,5,0,1,125
100311,1,20,2,0,515
100311,2,24,0,3,631
100311,3,16,2,3,404
100311,4,19,2,0,475
100311,5,15,2,1,387
100311,6,18,2,2,453
100311,7,8,1,3,256
100311,8,13,2,4,355
100311,9,12,2,0,335
100311,10,17,2,1,450
100311,11,24,2,3,632
100311,12,24,2,3,593
100311,13,15,2,0,372
100311,14,18,0,1,491
100312,1,5,0,1,115
100312,2,6,0,0,175
100312,3,6,0,1,165
100312,4,7,1,0,161
100312,5,6,1,0,160
100312,6,6,0,2,142
100312,7,9,0,0,243
100312,8,7,0,0,155
100312,9,9,0,1,228
100312,10,6,0,1,160
100312,11,6,1,1,187
100312,12,0,1,0,0
100312,13,7,0,0,180
100312,14,5,0,2,122
100313,1,11,1,1,284
100313,2,4,0,0,71
100313,3,5,2,2,133
100313,4,8,2,0,195
100313,5,4,1,2,98
100313,6,8,1,0,189
100313,7,7,0,2,173
100313,8,5,0,0,133
100313,9,10,1,2,267
100313,10,7,0,2,175
100313,11,4,1,0,98
100313,12,9,1,1,238
100313,13,14,1,0,337
100313,14,7,1,0,175
100314,1,8,0,0,219
100314,2,9,0,1,234
100314,3,7,2,0,152
100314,4,4,1,0,82
100314,5,1,1,0,16
100314,6,6,0,1,131
100314,7,6,1,0,168
100314,8,7,0,1,179
100314,9,2,1,0,61
100314,10,6,1,0,143
100314,11,5,1,2,149
100314,12,2,0,1,65
100314,13,8,0,0,205
100314,14,3,1,0,62
100315,1,2,1,0,44
100315,2,3,0,1,96
100315,3,5,0,0,118
100315,4,4,0,0,102
100315,5,2,0,0,30
100315,6,6,1,0,125
100315,7,4,0,0,138
100315,8,3,1,2,62
100315,9,3,0,1,67
100315,10,3,0,1,77
100315,11,2,0,0,66
100315,12,4,0,0,131
100315,13,2,1,1,55
100315,14,3,0,0,81
100316,1,3,0,0,73
100316,2,1,0,0,31
100316,3,1,0,0,53
100316,4,5,0,0,138
100316,5,1,0,0,6
100316,6,0,1,0,32
100316,7,0,0,0,0
100316,8,0,0,0,20
100316,9,1,0,0,0
100316,10,0,0,0,10
100316,11,0,0,0,25
100316,12,0,0,0,0
100316,13,0,0,0,0
100316,14,0,0,0,10
100317,1,6,0,2,161
100317,2,7,0,2,209
100317,3,8,0,0,228
100317,4,7,2,1,174
100317,5,8,0,3,205
100317,6,6,1,0,149
100317,7,8,1,1,231
100317,8,11,2,1,298
100317,9,7,1,2,168
100317,10,9,1,2,225
100317,11,9,0,0,239
100317,12,7,1,0,173
100317,13,7,2,1,221
100317,14,9,1,0,221
100318,1,7,0,0,185
100318,2,6,1,0,182
100318,3,4,1,1,95
100318,4,3,0,2,78
100318,5,9,1,0,235
100318,6,7,1,3,218
100318,7,5,0,0,149
100318,8,4,0,0,145
100318,9,10,1,0,271
100318,10,6,0,1,145
100318,11,4,0,2,87
100318,12,12,2,2,315
100318,13,5,1,2,127
100318,14,5,2,0,151
100319,1,10,1,2,243
100319,2,4,2,0,76
100319,3,6,2,0,154
100319,4,4,1,0,120
100319,5,3,1,0,82
100319,6,7,1,0,163
100319,7,5,1,0,136
100319,8,3,0,1,100
100319,9,4,1,0,94
100319,10,11,2,5,279
100319,11,4,0,0,87
100319,12,5,0,1,147
100319,13,2,1,1,52
100319,14,9,0,0,205
100320,1,14,1,1,366
100320,2,12,2,2,317
100320,3,7,0,0,160
100320,4,6,1,1,166
100320,5,12,0,0,323
100320,6,10,1,1,246
100320,7,6,0,1,170
100320,8,9,1,1,257
100320,9,15,0,1,406
100320,10,13,1,1,334
100320,11,17,0,1,470
100320,12,8,0,0,222
100320,13,10,2,2,255
100320,14,10,0,1,246
100321,1,5,0,0,145
100321,2,3,0,1,88
100321,3,7,0,2,166
100321,4,4,1,2,110
100321,5,4,1,1,96
100321,6,6,1,1,164
100321,7,7,1,0,181
100321,8,9,0,1,187
100321,9,5,0,0,122
100321,10,2,1,2,60
100321,11,10,2,1,266
100321,12,4,1,2,92
100321,13,3,0,0,59
100321,14,9,1,1,214
100322,1,1,0,0,29
100322,2,1,0,0,62
100322,3,1,0,0,15
100322,4,1,0,0,36
100322,5,0,0,0,23
100322,6,0,0,0,27
100322,7,0,0,0,0
100322,8,0,0,0,13
100322,9,0,0,0,4
100322,10,0,0,0,28
100322,11,1,0,0,35
100322,12,0,0,0,42
100322,13,1,0,0,38
100322,14,0,0,0,0
100323,1,5,1,0,137
100323,2,4,0,1,109
100323,3,8,1,0,211
100323,4,5,0,0,158
100323,5,6,1,0,144
100323,6,2,0,0,58
100323,7,2,0,1,52
100323,8,3,0,0,44
100323,9,5,1,0,144
100323,10,7,0,1,151
100323,11,3,1,0,82
100323,12,4,2,1,115
100323,13,7,0,0,194
100323,14,3,0,2,72
100324,1,8,0,1,197
100324,2,3,0,1,87
100324,3,8,0,0,220
100324,4,1,1,0,20
100324,5,7,1,1,160
100324,6,9,0,1,229
100324,7,5,1,0,113
100324,8,2,2,3,68
100324,9,3,2,0,73
100324,10,5,1,1,136
100324,11,4,0,1,104
100324,12,7,0,1,192
100324,13,7,1,0,174
100324,14,5,0,0,156
100325,1,3,0,0,89
100325,2,2,0,0,76
100325,3,1,1,0,45
100325,4,3,0,0,59
100325,5,1,0,1,35
100325,6,2,0,0,76
100325,7,2,0,0,65
100325,8,1,0,0,4
100325,9,2,0,0,30
100325,10,0,0,0,20
100325,11,3,0,0,92
100325,12,2,0,1,45
100325,13,1,0,0,48
100326,1,3,0,0,100
100326,2,3,1,0,103
100326,3,2,0,1,17
100326,4,4,0,0,131
100326,5,3,0,0,63
100326,6,4,1,0,107
100326,7,4,0,1,119
100326,8,3,0,0,38
100326,9,3,0,1,58
100326,10,2,1,0,52
100326,11,2,0,0,59
100326,12,2,0,1,43
100326,13,4,0,1,128
100326,14,2,0,0,66
100327,1,4,0,0,75
100327,2,0,0,0,0
100327,3,2,0,0,36
100327,4,1,0,0,55
100327,5,1,0,1,12
100327,6,2,0,0,38
100327,7,3,0,0,77
100327,8,1,0,0,48
100327,9,1,0,0,15
100327,10,0,0,0,0
100327,11,0,0,0,0
100327,12,0,0,0,3
100327,13,0,0,0,5
100327,14,0,0,0,14
100328,1,7,0,0,212
100328,2,6,0,0,184
100328,3,2,0,1,56
100328,4,4,0,0,98
100328,5,10,1,0,242
100328,6,3,0,0,55
100328,7,4,1,0,113
100328,8,0,1,0,0
100328,9,3,2,0,67
100328,10,9,1,1,242
100328,11,3,0,2,81
100328,12,2,0,0,43
100328,13,7,0,1,180
100328,14,4,0,0,132
100329,1,9,0,0,215
100329,2,8,1,1,163
100329,3,7,0,1,153
100329,4,6,0,1,91
100329,5,7,1,1,169
100329,6,5,0,2,147
100329,7,6,0,0,156
100329,8,1,1,0,37
100329,9,6,0,1,135
100329,10,7,1,1,145
100329,11,4,2,0,68
100329,12,3,1,0,60
100329,13,7,1,0,166
100329,14,8,0,3,200
100330,1,2,0,1,75
100330,2,6,0,1,165
100330,3,4,0,0,115
100330,4,7,0,0,174
100330,5,3,1,3,68
100330,6,4,0,0,101
100330,7,3,0,2,93
100330,8,4,0,1,105
100330,9,3,1,0,85
100330,10,7,0,1,197
100330,11,5,0,0,157
100330,12,4,0,0,126
100330,13,4,0,1,132
100330,14,7,0,1,198
100331,1,5,0,2,127
100331,2,4,1,0,122
100331,3,6,1,2,176
100331,4,5,0,1,147
100331,5,5,0,0,130
100331,6,9,1,0,242
100331,7,7,0,0,165
100331,8,3,0,0,73
100331,9,6,0,0,167
100331,10,6,1,1,150
100331,11,11,2,1,295
100331,12,8,0,0,170
100331,13,4,0,0,112
100331,14,3,0,0,96
100332,1,1,0,0,40
100332,2,1,0,0,35
100332,3,1,0,0,14
100332,4,1,0,0,50
100332,5,1,0,0,0
100332,6,0,1,0,2
100332,7,0,0,0,2
100332,8,0,1,0,0
100332,9,0,0,0,0
100332,10,0,0,0,0
100332,11,0,0,0,40
100332,12,0,0,0,0
100332,13,0,0,0,20
100332,14,0,0,0,0
100333,1,5,2,0,138
100333,2,2,1,0,75
100333,3,6,1,1,154
100333,4,7,0,0,194
100333,5,9,1,2,232
100333,6,3,0,0,66
100333,7,6,0,1,138
100333,8,5,0,0,129
100333,9,7,0,1,136
100333,10,6,1,0,149
100333,11,4,0,0,110
100333,12,7,0,3,155
100333,13,3,1,1,71
100333,14,0,1,0,0
100334,1,19,2,0,460
100334,2,12,2,2,274
100334,3,9,0,1,242
100334,4,8,1,1,181
100334,5,11,2,1,280
100334,6,5,2,1,107
100334,7,13,1,0,350
100334,8,8,1,1,204
100334,9,12,0,2,283
100334,10,11,1,3,316
100334,11,15,0,0,418
100334,12,13,1,3,336
100334,13,11,2,2,280
100334,14,7,2,2,144
100335,1,5,1,0,140
100335,2,6,0,0,167
100335,3,10,1,0,226
100335,4,5,1,1,152
100335,5,4,1,1,124
100335,6,10,1,2,259
100335,7,10,1,1,275
100335,8,8,0,1,227
100335,9,1,1,1,26
100335,10,8,2,2,215
100335,11,3,0,0,69
100335,12,4,0,2,119
100335,13,6,1,1,195
100335,14,4,2,0,85
100336,1,2,0,1,14
100336,2,5,0,0,145
100336,3,3,0,1,52
100336,4,3,0,0,98
100336,5,3,0,0,105
100336,6,7,0,0,204
100336,7,6,0,0,128
100336,8,0,1,2,37
100336,9,0,0,1,33
100336,10,4,0,1,100
100336,11,2,1,2,30
100336,12,4,0,1,135
100336,13,3,0,1,92
100336,14,1,0,0,22
100337,1,8,1,1,229
100337,2,6,1,1,179
100337,3,3,0,0,86
100337,4,6,1,2,146
100337,5,3,2,1,80
100337,6,11,1,1,256
100337,7,10,0,0,236
100337,8,6,2,0,151
100337,9,7,1,0,221
100337,10,7,0,2,188
100337,11,12,1,2,334
100337,12,5,1,1,138
100337,13,8,1,3,197
100337,14,7,1,0,211
100338,1,5,0,2,95
100338,2,12,0,0,336
100338,3,7,1,0,174
100338,4,3,1,0,100
100338,5,7,0,0,159
100338,6,13,0,1,343
100338,7,7,1,0,195
100338,8,6,1,2,166
100338,9,10,2,2,256
100338,10,10,1,0,252
100338,11,7,0,2,188
100338,12,5,2,0,119
100338,13,9,1,2,213
100338,14,8,2,3,206
100339,1,6,0,1,123
100339,2,3,0,0,123
100339,3,6,0,0,133
100339,4,9,0,1,248
100339,5,6,0,0,181
100339,6,3,0,0,72
100339,7,7,0,2,189
100339,8,4,0,0,93
100339,9,3,1,1,45
100339,10,2,0,2,41
100339,11,4,1,2,85
100339,12,9,0,0,230
100339,13,6,0,0,163
100339,14,5,0,1,172
100340,1,4,1,0,106
100340,2,4,1,0,122
100340,3,2,0,0,34
100340,4,5,0,0,128
100340,5,2,0,1,40
100340,6,2,0,0,35
100340,7,6,0,0,136
100340,8,4,0,0,111
100340,9,3,0,0,66
100340,10,6,0,0,165
100340,11,5,1,0,140
100340,12,1,1,0,25
100340,13,1,0,1,1
100340,14,2,1,0,62
100341,1,11,2,0,293
100341,2,4,0,4,127
100341,3,8,1,0,228
100341,4,7,1,0,173
100341,5,7,0,0,174
100341,6,3,0,1,79
100341,7,6,0,0,153
100341,8,5,0,2,101
100341,9,0,0,0,10
100341,10,4,1,1,155
100341,11,8,0,0,215
100341,12,8,1,0,175
100341,13,3,0,0,80
100341,14,9,0,2,239
100342,1,2,0,0,33
100342,2,2,0,1,57
100342,3,2,0,1,39
100342,4,5,0,0,97
100342,5,4,0,0,104
100342,6,1,0,1,8
100342,7,4,0,0,109
100342,8,4,1,0,134
100342,9,1,1,0,25
100342,10,7,1,0,145
100342,11,1,0,1,37
100342,12,2,0,0,77
100342,13,2,0,0,45
100342,14,2,0,0,65
100343,1,3,1,0,63
100343,2,2,0,0,35
100343,3,3,0,2,77
100343,4,3,0,1,106
100343,5,2,0,1,71
100343,6,1,0,0,25
100343,7,1,0,0,63
100343,8,2,1,0,52
100343,9,1,0,0,49
100343,10,1,0,1,8
100343,11,1,0,1,44
100343,12,2,0,0,48
100343,13,1,0,0,13
100343,14,2,0,0,32
100344,1,4,2,1,101
100344,2,11,1,0,252
100344,3,5,1,0,144
100344,4,6,1,1,124
100344,5,5,1,0,119
100344,6,7,0,1,194
100344,7,3,1,1,44
100344,8,11,1,2,293
100344,9,10,0,1,255
100344,10,4,0,1,97
100344,11,9,1,0,237
100344,12,6,0,0,145
100344,13,10,2,1,252
100344,14,10,0,0,277
100345,1,7,0,0,175
100345,2,8,1,0,187
100345,3,5,1,1,86
100345,4,7,0,1,189
100345,5,4,1,1,91
100345,6,3,0,0,62
100345,7,7,1,1,185
100345,8,7,2,1,190
100345,9,5,2,0,133
100345,10,11,1,0,297
100345,11,8,1,2,222
100345,12,6,1,0,191
100345,13,2,1,0,62
100345,14,9,0,0,226
100346,1,3,0,0,62
100346,2,1,0,1,30
100346,3,3,0,0,92
100346,4,0,0,0,0
100346,5,0,0,1,0
100346,6,1,0,1,19
100347,1,6,0,0,160
100347,2,15,1,0,338
100347,3,4,0,0,133
100347,4,9,1,1,252
100347,5,10,2,0,243
100347,6,6,2,2,173
100347,7,7,2,1,165
100347,8,8,0,1,209
100347,9,14,0,2,340
100347,10,9,2,0,224
100347,11,4,1,1,102
100347,12,9,0,2,213
100347,13,11,1,1,260
100347,14,6,1,0,144
100348,1,3,1,2,75
100348,2,4,0,3,115
100348,3,4,0,1,126
100348,4,7,0,2,186
100348,5,4,0,0,86
100348,6,4,0,0,109
100348,7,4,0,0,124
100348,8,1,0,0,40
100348,9,3,0,0,92
100348,10,6,0,1,180
100348,11,6,1,1,108
100348,12,2,0,0,22
100348,13,5,0,0,126
100348,14,8,0,0,196
100349,1,5,0,1,115
100349,2,4,0,0,92
100349,3,6,0,2,171
100349,4,5,0,1,125
100349,5,9,1,1,243
100349,6,0,0,0,1
100349,7,1,0,0,16
100349,8,4,0,0,59
100349,9,3,0,0,92
100349,10,2,0,1,66
100349,11,2,0,1,57
100349,12,4,1,1,96
100349,13,3,1,1,80
100349,14,5,0,1,127
100350,1,4,0,1,90
100350,2,1,0,0,13
100350,3,1,0,0,28
100350,4,4,0,0,105
100350,5,2,0,1,61
100350,6,2,0,1,40
100350,7,1,0,0,17
100350,8,1,0,0,29
100350,9,1,0,0,52
100350,10,3,0,0,77
100350,11,3,0,0,69
100350,12,1,0,0,17
100350,13,2,1,0,47
100350,14,1,0,0,48
100351,1,7,0,0,203
100351,2,8,0,3,203
100351,3,4,2,0,105
100351,4,6,1,0,170
100351,5,5,0,0,134
100351,6,11,1,1,292
100351,7,10,0,1,258
100351,8,4,0,2,140
100351,9,10,0,0,229
100351,10,7,1,1,197
100351,11,6,1,1,148
100351,12,3,0,1,78
100351,13,7,1,0,218
100351,14,0,1,0,29
100352,1,3,0,0,96
100352,2,5,1,1,141
100352,3,5,0,0,122
100352,4,5,0,0,116
100352,5,6,1,1,139
100352,6,3,1,0,54
100352,7,1,0,0,35
100352,8,3,0,1,56
100352,9,3,0,0,82
100352,10,1,0,1,0
100352,11,2,0,0,66
100352,12,2,1,1,55
100352,13,2,0,0,75
100352,14,0,0,0,0
100353,1,3,0,0,116
100353,2,3,0,0,73
100353,3,2,0,0,25
100353,4,2,0,1,52
100353,5,2,0,0,62
100353,6,0,0,1,2
100353,7,4,0,1,92
100353,8,1,0,0,51
100353,9,1,0,0,36
100353,10,0,0,1,2
100353,11,0,0,0,0
100353,12,1,0,0,21
100353,13,5,0,0,116
100353,14,2,0,0,72
100354,1,4,0,1,90
100354,2,5,0,0,139
100354,3,7,0,1,193
100354,4,5,1,0,120
100354,5,7,1,1,182
100354,6,7,0,1,197
100354,7,8,1,2,185
100354,8,11,0,0,281
100354,9,10,1,1,241
100354,10,7,0,0,187
100354,11,5,1,0,128
100354,12,3,1,0,77
100354,13,5,0,0,136
100354,14,14,0,0,375
100355,1,3,2,2,87
100355,2,3,0,0,63
100355,3,4,1,0,117
100355,4,6,1,0,174
100355,5,5,0,0,147
100355,6,6,1,0,104
100355,7,4,1,1,91
100355,8,6,2,2,137
100355,9,3,1,2,90
100355,10,3,2,1,52
100355,11,7,0,0,207
100355,12,4,2,0,97
100355,13,2,0,3,48
100355,14,3,1,0,65
100356,1,4,0,1,80
100356,2,2,0,1,32
100356,3,3,0,1,94
100356,4,2,0,0,32
100356,5,4,0,1,95
100356,6,1,1,0,15
100356,7,2,0,1,79
100356,8,1,0,0,42
100356,9,1,0,0,0
100356,10,0,0,0,0
100356,11,10,0,1,279
100356,12,3,0,1,100
100356,13,1,1,0,16
100356,14,2,1,0,28
100357,1,4,0,0,95
100357,2,1,0,0,14
100357,3,2,0,1,72
100357,4,5,0,0,109
100357,5,0,0,1,22
100357,6,1,0,0,18
100357,7,1,0,0,5
100357,8,3,0,0,71
100357,9,3,1,0,59
100357,10,0,0,0,0
100357,11,2,0,0,51
100357,12,2,0,0,48
100357,13,1,0,0,10
100357,14,1,0,1,17
100358,1,5,1,1,119
100358,2,6,0,1,167
100358,3,8,2,1,196
100358,4,6,0,2,163
100358,5,7,2,0,188
100358,6,8,0,1,204
100358,7,7,1,0,201
100358,8,10,1,1,244
100358,9,9,1,1,234
100358,10,4,1,3,106
100358,11,3,1,1,92
100358,12,7,0,1,220
100358,13,7,1,1,191
100358,14,8,1,2,214
100359,1,5,0,0,139
100359,2,1,0,0,52
100359,3,2,0,0,57
100359,4,1,1,0,25
100359,5,1,0,0,7
100359,6,1,0,0,32
100359,7,0,0,0,13
100359,8,1,0,0,0
100359,9,2,0,0,75
100359,10,1,0,0,41
100359,11,0,0,0,0
100359,12,0,0,0,0
100359,13,0,0,0,6
100359,14,0,0,0,0
100360,1,1,0,0,33
100360,2,3,0,0,104
100360,3,1,0,0,28
100360,4,2,0,0,62
100360,5,0,0,0,0
100360,6,1,0,0,0
100360,7,5,0,0,93
100360,8,0,0,0,5
100360,9,1,0,0,20
100360,10,0,0,0,43
100360,11,1,0,0,35
100360,12,0,0,0,19
100360,13,0,1,0,39
100360,14,0,0,0,0
100361,1,0,0,1,18
100361,2,4,0,0,139
100361,3,1,0,0,51
100361,4,0,0,0,0
100361,5,0,0,0,0
100361,6,0,0,0,0
100361,7,0,0,0,0
100361,8,1,0,0,49
100361,9,0,0,0,8
100361,10,0,0,1,18
100361,11,0,0,0,0
100361,12,0,0,0,0
100361,13,1,0,1,24
100361,14,1,0,0,21
100362,1,4,2,1,100
100362,2,3,1,0,77
100362,3,5,0,0,121
100362,4,6,0,0,184
100362,5,6,0,1,159
100362,6,7,0,0,191
100362,7,6,2,1,153
100362,8,10,0,0,268
100362,9,7,0,1,180
100362,10,3,1,0,99
100362,11,9,0,1,277
100362,12,5,1,1,132
100362,13,6,0,0,146
100362,14,5,2,0,119
100363,1,5,0,0,109
100363,2,4,0,0,109
100363,3,9,2,0,219
100363,4,6,1,1,150
100363,5,6,1,0,136
100363,6,9,1,0,234
100363,7,5,0,0,120
100363,8,9,1,2,231
100363,9,9,1,0,223
100363,10,6,0,0,193
100363,11,3,2,0,63
100363,12,7,0,2,178
100363,13,11,1,1,329
100363,14,7,0,0,146
100364,1,3,0,0,81
100364,2,7,0,1,200
100364,3,4,0,0,97
100364,4,6,0,0,137
100364,5,4,1,0,125
100364,6,3,0,0,94
100364,7,3,0,1,58
100364,8,3,0,0,86
100364,9,2,0,0,56
100364,10,2,0,1,45
100364,11,2,0,1,55
100364,12,3,0,0,66
100364,13,5,0,1,132
100364,14,1,0,0,24
100365,1,7,0,0,197
100365,2,4,2,3,70
100365,3,6,0,2,160
100365,4,5,0,1,164
100365,5,7,1,0,135
100365,6,8,0,0,214
100365,7,7,1,0,181
100365,8,5,0,1,150
100365,9,8,0,0,187
100365,10,5,0,0,150
100365,11,10,1,0,267
100365,12,3,0,1,45
100365,13,7,1,0,190
100365,14,7,1,0,162
100366,1,7,2,0,200
100366,2,5,0,0,159
100366,3,6,0,1,139
100366,4,1,0,0,41
100366,5,4,1,0,100
100366,6,2,2,0,74
100366,7,4,0,0,83
100366,8,3,0,0,77
100366,9,0,0,2,11
100366,10,12,0,0,311
100366,11,1,0,1,7
100366,12,3,1,0,74
100366,13,3,1,0,77
100366,14,5,0,1,133
100367,1,12,1,1,315
100367,2,12,1,2,336
100367,3,10,1,2,255
100367,4,13,1,5,321
100367,5,5,2,2,89
100367,6,17,2,0,464
100367,7,16,1,1,419
100367,8,11,1,3,283
100367,9,11,1,1,275
100367,10,12,1,3,359
100367,11,8,1,1,205
100367,12,11,2,2,291
100367,13,8,1,3,242
100367,14,12,0,0,286
100368,1,6,1,0,138
100368,2,6,0,1,178
100368,3,8,0,1,201
100368,4,5,0,0,95
100368,5,4,0,0,63
100368,6,5,0,1,131
100368,7,1,0,1,16
100368,8,6,1,1,174
100368,9,7,1,0,148
100368,10,7,1,1,179
100368,11,11,0,0,312
100368,12,3,0,1,95
100368,13,3,1,0,100
100368,14,2,1,1,45
100369,1,6,1,0,166
100369,2,2,0,1,34
100369,3,5,1,1,105
100369,4,9,1,0,249
100369,5,5,0,1,152
100369,6,5,0,1,118
100369,7,4,2,1,90
100369,8,7,0,1,176
100369,9,3,0,1,95
100369,10,4,0,0,77
100369,11,4,0,1,119
100369,12,6,0,1,113
100369,13,5,1,0,99
100369,14,4,1,1,122
100370,1,2,0,0,71
100370,2,3,2,0,87
100370,3,4,0,1,114
100370,4,5,0,1,131
100370,5,7,0,1,155
100370,6,2,2,3,42
100370,7,4,0,2,91
100370,8,6,1,1,167
100370,9,4,1,1,78
100370,10,6,0,0,139
100370,11,7,0,1,176
100370,12,5,0,0,123
100370,13,7,1,0,139
100370,14,9,0,0,212
100371,1,5,0,0,154
100371,2,4,0,0,127
100371,3,5,0,0,113
100371,4,6,0,1,152
100371,5,2,1,0,66
100371,6,3,0,0,79
100371,7,3,0,0,74
100371,8,4,1,1,115
100371,9,5,0,0,122
100371,10,0,0,0,19
100371,11,4,0,0,97
100371,12,5,0,0,131
100371,13,5,0,1,128
100371,14,2,0,0,46
100372,1,8,0,1,216
100372,2,9,1,0,204
100372,3,6,1,1,163
100372,4,12,2,1,304
100372,5,6,2,1,201
100372,6,10,1,1,238
100372,7,6,1,1,162
100372,8,11,0,1,261
100372,9,9,1,1,249
100372,10,11,0,0,289
100372,11,7,0,4,166
100372,12,11,1,1,295
100372,13,13,2,1,347
100372,14,9,0,1,259
100373,1,4,0,1,100
100373,2,6,1,0,179
100373,3,10,0,1,233
100373,4,3,1,1,76
100373,5,8,0,0,194
100373,6,4,2,0,97
100373,7,3,0,0,93
100373,8,5,0,0,139
100373,9,5,1,1,128
100373,10,11,0,2,286
100373,11,7,1,0,217
100373,12,4,1,0,63
100373,13,4,1,2,130
100373,14,7,1,0,148
100374,1,4,0,0,104
100374,2,2,1,0,80
100374,3,6,1,0,133
100374,4,2,1,0,48
100374,5,5,1,2,157
100374,6,2,1,2,70
100374,7,5,0,0,123
100374,8,8,1,0,233
100374,9,3,1,0,96
100374,10,5,0,0,107
100374,11,8,0,0,216
100374,12,7,0,1,170
100374,13,7,0,1,197
100374,14,8,0,2,258
100375,1,2,1,0,44
100375,2,3,0,1,99
100375,3,4,0,0,111
100375,4,3,1,1,80
100375,5,5,0,0,125
100375,6,3,1,0,84
100375,7,1,0,0,59
100375,8,2,0,1,53
100375,9,4,0,1,105
100375,10,3,0,0,86
100375,11,1,0,0,29
100375,12,0,1,0,0
100375,13,0,0,0,26
100375,14,5,0,1,128
100376,1,7,1,2,179
100376,2,7,1,0,169
100376,3,10,0,0,258
100376,4,8,0,1,208
100376,5,8,0,0,204
100376,6,9,1,0,275
100376,7,6,0,0,156
100376,8,7,1,2,206
100376,9,5,0,1,139
100376,10,10,0,0,258
100376,11,6,1,1,152
100376,12,5,1,3,139
100376,13,2,2,1,40
100376,14,9,0,2,243
100377,1,3,0,0,87
100377,2,3,0,0,104
100377,3,2,0,0,16
100377,4,3,0,0,100
100377,5,0,0,0,7
100377,6,1,0,0,21
100377,7,3,0,0,85
100377,8,2,0,0,69
100377,9,2,0,0,59
100377,10,2,0,1,99
100377,11,4,0,0,114
100377,12,1,1,0,30
100377,13,2,1,0,58
100377,14,3,0,1,59
100378,1,7,1,2,185
100378,2,10,0,0,238
100378,3,3,1,1,97
100378,4,8,1,1,209
100378,5,7,0,1,135
100378,6,12,1,0,307
100378,7,14,1,0,357
100378,8,10,0,3,266
100378,9,9,2,1,239
100378,10,13,1,1,346
100378,11,6,1,1,139
100378,12,9,2,2,247
100378,13,8,1,1,226
100378,14,10,1,3,270
100379,1,7,0,0,203
100379,2,2,0,0,72
100379,3,1,0,0,16
100379,4,4,0,1,80
100379,5,4,1,1,125
100379,6,5,1,0,137
100379,7,2,0,0,33
100379,8,3,0,0,72
100379,9,1,0,0,1
100379,10,1,1,0,49
100379,11,1,0,0,37
100379,12,5,0,0,116
100379,13,2,0,0,68
100379,14,0,0,1,17
100380,1,1,0,0,4
100380,2,2,0,0,45
100380,3,2,0,0,61
100380,4,1,0,0,42
100380,5,1,0,0,48
100380,6,1,0,0,49
100380,7,0,0,0,17
100380,8,0,0,0,20
100380,9,1,0,0,33
100380,10,0,0,0,0
100381,1,4,0,0,97
100381,2,5,0,0,131
100381,3,2,1,0,51
100381,4,7,2,0,186
100381,5,4,0,3,102
100381,6,3,0,2,82
100381,7,3,1,0,73
100381,8,10,1,0,257
100381,9,10,0,1,229
100381,10,4,0,2,112
100381,11,4,0,1,100
100381,12,7,1,2,151
100381,13,4,1,2,96
100381,14,7,0,1,175
100382,1,2,1,0,61
100382,2,8,0,1,216
100382,3,4,0,1,91
100382,4,4,0,1,109
100382,5,3,2,0,102
100382,6,6,0,0,128
100382,7,4,0,0,98
100382,8,2,0,0,74
100382,9,4,0,1,142
100382,10,5,1,0,125
100383,1,2,0,1,55
100383,2,3,0,0,69
100383,3,5,0,0,116
100383,4,3,1,0,56
100383,5,1,0,3,20
100383,6,3,0,1,67
100383,7,4,2,1,116
100383,8,2,0,0,41
100383,9,7,0,1,177
100383,10,2,0,0,78
100383,11,4,0,0,145
100383,12,3,0,0,84
100383,13,5,0,0,109
100383,14,5,0,1,137
100384,1,3,0,0,81
100384,2,0,0,2,23
100384,3,0,0,0,2
100384,4,2,0,0,53
100384,5,3,0,0,73
100384,6,1,0,0,50
100384,7,1,0,1,42
100384,8,1,1,0,26
100384,9,2,0,0,50
100384,10,1,0,0,27
100384,11,0,0,1,22
100384,12,1,0,0,8
100384,13,2,0,0,55
100384,14,2,0,0,43
100385,1,8,1,0,234
100385,2,5,0,1,120
100385,3,3,0,0,122
100385,4,2,1,1,89
100385,5,5,1,0,134
100385,6,7,0,0,186
100385,7,3,0,2,85
100385,8,4,0,0,77
100385,9,4,1,0,103
100385,10,3,0,0,60
100385,11,3,0,0,84
100385,12,1,0,1,30
100385,13,6,1,1,141
100385,14,4,1,1,92
100386,1,2,0,0,56
100386,2,5,0,1,139
100386,3,3,0,0,39
100386,4,2,1,1,19
100386,5,1,2,1,30
100386,6,4,0,2,140
100387,1,0,0,0,0
100387,2,3,1,0,115
100387,3,0,0,0,0
100387,4,3,0,0,72
100387,5,4,0,0,108
100387,6,1,0,0,27
100387,7,0,0,0,8
100387,8,1,0,0,6
100387,9,0,0,1,0
100387,10,2,0,0,67
100388,1,2,0,0,44
100388,2,2,0,0,47
100388,3,5,0,0,92
100388,4,2,0,0,62
100388,5,5,0,0,131
100388,6,3,0,0,101
100388,7,2,0,0,39
100388,8,2,0,0,44
100388,9,2,0,0,16
100388,10,1,0,0,49
100388,11,2,0,0,42
100388,12,2,0,0,29
100388,13,0,0,0,18
100388,14,1,0,0,33
100389,1,1,0,1,49
100389,2,7,0,2,205
100389,3,3,0,1,80
100389,4,3,0,0,55
100389,5,2,1,1,34
100389,6,4,1,0,115
100389,7,0,0,0,9
100389,8,5,0,1,133
100389,9,1,1,2,27
100389,10,2,1,0,70
100389,11,2,0,1,24
100389,12,3,0,0,50
100389,13,3,0,0,83
100389,14,1,0,0,10
100390,1,7,0,0,197
100390,2,6,1,0,138
100390,3,10,1,1,245
100390,4,5,1,1,126
100390,5,6,2,0,152
100390,6,3,1,2,76
100390,7,9,2,2,250
100390,8,6,0,0,159
100390,9,9,0,0,213
100390,10,4,1,1,94
100390,11,5,1,0,128
100390,12,6,1,1,157
100390,13,6,0,0,192
100390,14,4,1,1,84
100391,1,9,0,0,257
100391,2,9,2,0,215
100391,3,8,0,0,213
100391,4,7,0,2,142
100391,5,9,1,1,222
100391,6,11,1,1,287
100391,7,7,1,1,177
100391,8,13,0,1,349
100391,9,9,0,0,216
100391,10,10,1,0,236
100391,11,11,0,1,295
100391,12,8,0,2,229
100391,13,12,0,0,330
100391,14,10,1,0,263
100392,1,3,0,0,80
100392,2,5,0,1,105
100392,3,5,0,1,137
100392,4,6,1,0,158
100392,5,6,0,1,163
100392,6,2,0,0,18
100392,7,2,0,1,54
100392,8,6,0,0,184
100392,9,2,0,1,59
100392,10,3,0,1,103
100392,11,6,1,2,154
100392,12,8,0,0,198
100392,13,6,0,0,166
100392,14,3,1,2,96
100393,1,8,0,0,200
100393,2,8,0,0,188
100393,3,8,0,0,207
100393,4,2,0,0,37
100393,5,4,0,1,127
100393,6,7,0,1,195
100393,7,10,0,1,244
100393,8,3,0,0,58
100393,9,5,1,0,136
100393,10,6,1,0,141
100393,11,4,0,0,114
100393,12,7,0,0,224
100393,13,5,0,0,144
100393,14,8,1,0,205
100394,1,3,2,0,89
100394,2,9,2,0,211
100394,3,6,1,0,177
100394,4,6,0,0,144
100394,5,4,0,1,87
100394,6,4,1,0,83
100394,7,5,0,1,131
100394,8,4,0,0,133
100394,9,4,0,1,98
100394,10,6,1,0,172
100394,11,1,1,0,16
100394,12,3,0,2,67
100394,13,5,1,0,118
100394,14,7,1,0,188
100395,1,4,0,1,118
100395,2,4,0,1,94
100395,3,3,0,0,65
100395,4,3,0,0,70
100395,5,1,0,0,36
100395,6,7,0,0,156
100396,1,12,0,1,298
100396,2,9,2,1,285
100396,3,6,0,2,187
100396,4,5,1,2,138
100396,5,7,0,0,206
100396,6,2,0,0,37
100396,7,5,1,1,139
100396,8,5,2,1,132
100396,9,4,1,1,117
100396,10,10,1,2,264
100396,11,2,1,0,34
100396,12,5,0,1,118
100397,1,0,0,0,54
100397,2,0,0,0,0
100397,3,1,0,1,70
100397,4,2,0,0,70
100397,5,1,0,0,21
100397,6,0,0,0,0
100397,7,2,0,0,82
100398,1,5,1,3,93
100398,2,10,1,0,280
100398,3,10,1,1,239
100398,4,7,1,1,163
100398,5,5,1,0,138
100398,6,9,0,0,242
100398,7,7,2,2,173
100398,8,6,1,1,153
100398,9,6,0,0,180
100398,10,9,1,0,210
100398,11,7,1,2,168
100398,12,11,0,0,265
100398,13,13,0,1,294
100398,14,14,0,2,392
100399,1,3,0,0,83
100399,2,6,0,0,160
100399,3,7,0,1,162
100399,4,3,1,1,61
100399,5,5,0,0,132
100399,6,3,0,0,69
100399,7,5,0,3,146
100399,8,4,1,1,108
100399,9,4,0,0,112
100399,10,8,1,0,237
100399,11,11,0,0,280
100399,12,5,1,0,142
100399,13,2,0,0,6
100399,14,0,0,0,0
100400,1,3,0,0,106
100400,2,11,0,0,299
100400,3,5,0,0,116
100400,4,5,0,1,116
100400,5,4,0,1,95
100400,6,2,1,1,32
100400,7,3,1,0,74
100400,8,3,1,1,81
100400,9,6,1,0,168
100400,10,7,0,1,192
100400,11,6,1,1,159
100400,12,4,0,1,86
100400,13,7,0,0,221
100400,14,3,1,0,51
100401,1,0,0,0,2
100401,2,2,0,2,23
100401,3,1,0,0,34
100401,4,4,1,0,106
100401,5,4,0,0,102
100401,6,0,0,0,14
100401,7,0,0,0,0
100401,8,0,1,2,16
100401,9,1,0,0,10
100401,10,0,1,1,13
100401,11,3,0,0,68
100401,12,0,0,1,0
100401,13,2,0,1,42
100401,14,0,0,0,0
100402,1,5,1,1,135
100402,2,3,1,1,92
100402,3,3,0,2,66
100402,4,1,0,2,33
100402,5,4,1,0,119
100402,6,2,0,0,90
100402,7,3,0,0,74
100402,8,4,0,0,121
100402,9,3,0,0,72
100402,10,3,0,0,56
100402,11,3,0,0,85
100402,12,6,0,3,168
100402,13,2,0,0,38
100402,14,2,1,1,62
100403,1,7,0,1,172
100403,2,7,2,0,170
100403,3,7,1,0,161
100403,4,4,1,0,83
100403,5,7,2,1,201
100403,6,2,1,0,49
100403,7,10,1,1,266
100403,8,10,1,1,251
100403,9,5,1,1,178
100403,10,5,1,0,140
100403,11,5,2,0,104
100403,12,5,0,0,132
100403,13,5,1,0,131
100403,14,11,1,3,280
100404,1,5,0,2,93
100404,2,10,1,1,245
100404,3,5,1,0,117
100404,4,6,1,1,137
100404,5,6,0,0,149
100404,6,6,0,0,138
100404,7,3,0,0,95
100404,8,3,1,1,93
100404,9,3,1,0,51
100404,10,5,1,0,145
100404,11,5,0,1,110
100404,12,6,2,2,175
100404,13,5,0,0,125
100404,14,11,2,1,283
100405,1,11,1,1,278
100405,2,8,0,1,193
100405,3,8,1,1,211
100405,4,11,1,0,244
100405,5,3,0,0,86
100405,6,7,1,2,186
100405,7,6,0,1,164
100405,8,11,1,0,261
100405,9,3,1,0,68
100405,10,4,2,0,104
100405,11,6,0,0,192
100405,12,3,1,0,64
100405,13,3,1,0,43
100405,14,1,1,0,20
100406,1,7,0,0,159
100406,2,4,0,1,124
100406,3,2,0,1,38
100406,4,2,0,0,78
100406,5,10,0,1,258
100406,6,0,1,0,5
100406,7,1,0,1,14
100406,8,7,0,0,165
100406,9,3,1,0,103
100406,10,2,1,0,31
100406,11,4,0,0,91
100406,12,2,0,1,46
100406,13,3,0,0,40
100406,14,2,0,0,55
100407,1,2,0,0,27
100407,2,4,0,0,104
100407,3,0,0,0,13
100407,4,1,0,0,49
100407,5,0,0,0,11
100407,6,2,0,0,81
100407,7,0,0,0,0
100407,8,2,0,0,37
100407,9,1,0,0,59
100407,10,0,0,0,0
100407,11,0,0,0,0
100407,12,0,0,0,20
100407,13,0,0,0,0
100407,14,1,0,0,31
100408,1,3,0,0,64
100408,2,4,1,0,103
100408,3,3,1,0,114
100408,4,4,0,0,102
100408,5,8,0,0,193
100408,6,1,0,0,11
100408,7,1,1,0,61
100408,8,5,0,0,136
100408,9,4,0,0,131
100408,10,0,0,0,1
100408,11,1,0,0,7
100408,12,2,0,1,90
100408,13,0,1,1,0
100408,14,1,1,0,22
100409,1,2,0,0,41
100409,2,2,0,0,28
100409,3,0,0,0,15
100409,4,0,0,0,0
100409,5,0,0,0,0
100409,6,1,0,0,31
100410,1,2,0,2,62
100410,2,6,0,0,184
100410,3,1,0,0,49
100410,4,6,0,0,167
100410,5,3,1,0,39
100410,6,4,0,0,122
100410,7,3,0,0,60
100410,8,3,1,0,83
100410,9,1,0,0,36
100410,10,3,1,0,76
100410,11,5,0,0,144
100410,12,4,0,0,121
100410,13,4,0,0,96
100410,14,1,1,1,28
100411,1,3,0,0,99
100411,2,4,0,0,134
100411,3,4,0,0,71
100411,4,1,0,0,50
100411,5,4,0,0,81
100411,6,1,0,0,35
100411,7,2,0,0,57
100411,8,2,0,0,90
100411,9,1,0,0,22
100411,10,0,0,1,0
100411,11,2,0,0,58
100411,12,1,0,0,24
100411,13,3,0,0,76
100411,14,0,0,0,0
100412,1,7,0,1,189
100412,2,5,1,1,106
100412,3,9,0,1,268
100412,4,2,1,1,14
100412,5,7,0,0,173
100412,6,1,1,0,41
100412,7,6,0,0,165
100412,8,5,0,0,120
100412,9,6,1,1,161
100412,10,3,0,1,86
100412,11,2,2,0,59
100412,12,1,0,2,15
100412,13,8,1,1,199
100412,14,3,1,2,54
100413,1,0,0,0,0
100413,2,2,0,0,12
100413,3,2,0,0,77
100413,4,2,0,0,29
100413,5,0,0,0,19
100413,6,1,0,0,60
100413,7,0,0,0,0
100413,8,0,0,0,0
100413,9,0,0,0,0
100413,10,0,0,0,0
100414,1,6,1,0,159
100414,2,9,1,0,227
100414,3,6,1,1,127
100414,4,10,0,0,249
100414,5,10,0,1,261
100414,6,8,0,0,209
100414,7,3,1,0,28
100414,8,7,0,1,187
100414,9,10,0,1,264
100414,10,7,1,0,181
100414,11,3,1,1,62
100414,12,7,1,0,183
100414,13,7,1,2,194
100414,14,7,1,0,172
100415,1,2,0,0,97
100415,2,4,0,0,99
100415,3,1,0,0,33
100415,4,1,0,1,0
100415,5,3,0,0,100
100415,6,2,0,1,13
100415,7,1,0,0,32
100415,8,3,1,0,95
100415,9,9,0,0,223
100415,10,3,0,0,91
100415,11,2,0,0,51
100415,12,2,0,1,91
100415,13,0,0,1,30
100415,14,0,0,0,16
100416,1,5,0,0,132
100416,2,3,0,1,79
100416,3,3,0,0,112
100416,4,2,0,0,31
100416,5,5,0,1,110
100416,6,10,0,0,252
100416,7,4,1,2,111
100416,8,4,0,0,91
100416,9,3,0,2,58
100416,10,3,0,2,76
100416,11,1,1,0,66
100416,12,1,0,0,41
100416,13,4,0,0,88
100416,14,6,0,0,184
100417,1,5,0,0,149
100417,2,5,0,0,158
100417,3,3,0,1,72
100417,4,6,0,0,155
100417,5,4,0,0,97
100417,6,4,0,0,105
100417,7,3,1,0,63
100417,8,5,0,1,128
100417,9,4,0,1,86
100417,10,3,1,2,102
100417,11,3,1,0,111
100417,12,1,0,0,44
100417,13,2,0,2,39
100417,14,4,1,2,116
100418,1,6,1,1,183
100418,2,4,1,0,121
100418,3,8,1,1,204
100418,4,5,0,3,121
100418,5,8,1,3,206
100418,6,6,0,0,165
100418,7,2,0,4,29
100418,8,8,1,0,203
100418,9,6,0,1,161
100418,10,6,2,1,136
100418,11,3,1,1,72
100418,12,6,1,1,168
100418,13,5,1,1,92
100418,14,9,0,1,223
100419,1,4,1,0,107
100419,2,6,1,0,168
100419,3,1,1,1,13
100419,4,3,0,1,78
100419,5,2,1,0,57
100419,6,3,1,2,76
100419,7,1,0,0,14
100419,8,4,1,0,101
100419,9,3,0,0,74
100419,10,7,1,0,157
100419,11,1,0,0,36
100419,12,9,0,0,277
100419,13,4,1,0,132
100419,14,6,0,0,159
100420,1,3,1,0,86
100420,2,5,1,1,141
100420,3,3,0,0,70
100420,4,1,0,0,0
100420,5,7,0,1,167
100420,6,1,1,1,38
100420,7,5,1,1,122
100420,8,2,0,0,49
100420,9,1,1,1,12
100420,10,4,0,1,106
100420,11,3,1,0,73
100420,12,2,0,0,50
100420,13,1,0,0,38
100420,14,2,0,0,24
100421,1,5,0,1,125
100421,2,6,0,1,181
100421,3,8,1,0,185
100421,4,5,1,1,108
100421,5,4,1,0,97
100421,6,5,0,0,116
100421,7,9,0,0,248
100421,8,1,0,0,6
100421,9,2,0,1,44
100421,10,2,0,0,37
100421,11,9,1,2,234
100421,12,4,0,0,106
100421,13,4,0,1,98
100421,14,5,1,1,175
100422,1,6,1,0,162
100422,2,4,0,1,88
100422,3,3,0,3,75
100422,4,2,0,0,66
100422,5,2,1,0,75
100422,6,0,2,2,6
100422,7,4,2,1,104
100422,8,5,2,1,125
100422,9,3,1,0,88
100422,10,5,0,0,143
100422,11,8,0,0,208
100422,12,3,0,2,74
100422,13,8,0,1,195
100422,14,7,0,2,203
100423,1,3,0,0,96
100423,2,3,0,0,68
100423,3,0,0,0,15
100423,4,1,0,0,67
100423,5,0,0,0,0
100423,6,1,0,0,33
100423,7,0,0,0,12
100423,8,0,0,0,3
100423,9,0,0,0,5
100423,10,0,0,0,0
100423,11,0,0,0,0
100423,12,0,0,0,10
100423,13,0,0,0,0
100423,14,0,0,0,0
100424,1,8,0,2,205
100424,2,7,0,1,198
100424,3,14,0,2,345
100424,4,4,1,0,112
100424,5,9,0,2,246
100424,6,9,0,1,265
100424,7,7,0,0,186
100424,8,6,1,2,170
100424,9,7,1,0,161
100424,10,6,1,2,150
100424,11,5,0,1,120
100424,12,3,0,1,90
100424,13,7,2,1,175
100424,14,9,0,1,239
100425,1,9,1,0,235
100425,2,12,0,0,310
100425,3,8,2,0,220
100425,4,13,0,4,367
100425,5,17,2,2,472
100425,6,13,0,1,379
100425,7,12,1,2,305
100425,8,12,0,2,288
100425,9,10,1,0,278
100425,10,11,1,2,302
100425,11,17,1,0,449
100425,12,8,1,1,220
100425,13,18,2,1,440
100425,14,9,2,0,222
100426,1,4,0,0,86
100426,2,2,0,0,78
100426,3,0,0,0,10
100426,4,0,0,0,0
100426,5,3,0,0,61
100426,6,4,0,0,110
100426,7,2,0,0,37
100426,8,2,0,0,49
100426,9,0,0,0,0
100426,10,2,0,0,54
100426,11,0,0,0,0
100426,12,1,0,0,13
100426,13,0,0,0,0
100426,14,0,0,0,9
100427,1,1,0,0,12
100427,2,4,0,0,87
100427,3,3,0,1,100
100427,4,2,0,2,52
100427,5,2,0,0,26
100427,6,2,0,0,56
100427,7,5,1,0,102
100427,8,3,1,2,50
100427,9,3,0,0,79
100427,10,3,0,2,64
100428,1,8,1,0,231
100428,2,4,0,3,87
100428,3,3,1,0,25
100428,4,8,0,0,191
100428,5,1,0,1,49
100428,6,7,2,1,177
100428,7,5,0,0,134
100428,8,3,0,0,100
100428,9,6,0,0,185
100428,10,4,0,2,120
100428,11,2,0,0,69
100428,12,5,0,1,112
100428,13,10,1,0,242
100428,14,6,1,1,113
100429,1,5,0,1,147
100429,2,4,1,1,106
100429,3,1,0,0,32
100429,4,3,0,0,87
100429,5,3,1,0,99
100429,6,2,0,0,56
100429,7,4,0,0,105
100429,8,1,0,1,16
100429,9,2,1,1,66
100429,10,2,0,0,85
100429,11,2,0,0,27
100429,12,5,1,0,145
100429,13,2,1,0,72
100429,14,0,0,1,0
100430,1,2,1,1,83
100430,2,4,1,1,83
100430,3,6,0,1,161
100430,4,4,0,1,95
100430,5,5,0,1,133
100430,6,6,0,1,177
100430,7,5,0,1,136
100430,8,2,0,0,59
100430,9,8,1,1,168
100430,10,4,0,1,96
100430,11,2,0,0,26
100430,12,0,0,1,0
100430,13,2,0,1,52
100430,14,4,0,0,116
100431,1,1,1,0,16
100431,2,6,0,0,142
100431,3,4,1,0,82
100431,4,3,0,0,77
100431,5,6,1,1,166
100431,6,3,1,1,65
100431,7,3,0,0,95
100431,8,7,1,0,208
100431,9,5,0,1,139
100431,10,2,0,0,39
100431,11,7,1,1,201
100431,12,4,1,0,101
100431,13,4,1,0,110
100431,14,2,1,2,72
100432,1,2,0,0,72
100432,2,4,0,0,111
100432,3,2,0,0,26
100432,4,4,0,0,93
100432,5,2,0,0,58
100432,6,0,0,0,37
100432,7,1,0,0,32
100432,8,1,0,0,18
100432,9,1,0,0,18
100432,10,0,0,0,10
100432,11,1,0,0,51
100432,12,1,0,0,37
100432,13,1,1,1,29
100432,14,1,0,0,0
100433,1,8,0,1,218
100433,2,10,0,0,256
100433,3,5,0,0,121
100433,4,1,0,1,26
100433,5,2,0,1,51
100433,6,6,0,1,167
100433,7,3,0,1,69
100433,8,5,0,0,143
100433,9,4,2,0,80
100434,1,5,0,0,146
100434,2,9,1,1,209
100434,3,6,0,0,180
100434,4,3,0,0,67
100434,5,5,1,0,138
100434,6,5,0,0,165
100434,7,3,2,3,87
100434,8,4,0,1,128
100434,9,4,0,1,109
100434,10,6,2,0,147
100434,11,4,0,0,103
100434,12,1,1,1,32
100434,13,4,0,0,87
100434,14,3,0,1,87
100435,1,6,0,1,186
100435,2,0,0,0,27
100435,3,5,0,0,134
100435,4,4,0,1,134
100435,5,1,0,0,54
100435,6,2,0,0,38
100435,7,1,0,0,8
100435,8,3,1,1,91
100435,9,5,1,0,113
100435,10,3,0,0,70
100435,11,1,1,1,40
100435,12,0,1,0,7
100435,13,3,1,0,89
100435,14,4,1,0,89
100436,1,4,1,0,83
100436,2,4,0,1,92
100436,3,2,0,0,53
100436,4,3,1,0,78
100436,5,7,0,1,178
100436,6,4,0,0,101
100436,7,3,0,1,82
100436,8,1,0,0,32
100436,9,1,1,0,0
100436,10,2,0,1,42
100436,11,1,0,0,0
100436,12,1,0,1,39
100436,13,3,1,0,70
100436,14,2,0,0,54
100437,1,7,2,0,175
100437,2,6,0,1,166
100437,3,3,0,0,99
100437,4,1,0,1,39
100437,5,2,0,0,47
100437,6,4,0,2,116
100437,7,2,0,2,51
100437,8,4,1,1,85
100438,1,6,2,1,167
100438,2,9,0,1,235
100438,3,8,1,1,211
100438,4,12,1,0,298
100438,5,7,1,1,205
100438,6,9,0,2,240
100438,7,5,2,0,177
100438,8,8,0,0,221
100438,9,4,1,3,76
100438,10,8,0,0,205
100438,11,7,0,0,183
100438,12,3,0,0,102
100438,13,1,0,1,53
100438,14,10,2,1,257
100439,1,4,0,0,86
100439,2,5,0,0,113
100439,3,3,1,1,77
100439,4,8,1,2,192
100439,5,4,0,0,89
100439,6,11,0,1,287
100439,7,3,0,1,62
100439,8,5,1,3,137
100439,9,9,0,1,231
100439,10,7,1,0,205
100439,11,6,0,1,159
100439,12,7,0,0,179
100439,13,3,1,0,71
100439,14,4,1,3,116
100440,1,3,0,0,55
100440,2,2,0,0,52
100440,3,3,0,0,72
100440,4,2,0,0,53
100440,5,3,1,1,80
100440,6,3,1,1,85
100440,7,3,0,1,92
100440,8,1,0,1,40
100440,9,3,0,0,71
100441,1,6,0,0,169
100441,2,7,0,2,150
100441,3,5,1,0,106
100441,4,7,1,1,149
100441,5,8,0,2,183
100441,6,5,0,1,117
100441,7,5,2,0,132
100441,8,6,0,0,144
100441,9,9,0,1,234
100441,10,5,1,0,144
100441,11,4,0,0,135
100441,12,11,0,0,293
100441,13,3,0,0,74
100441,14,4,0,0,113
100442,1,3,1,0,104
100442,2,6,0,1,144
100442,3,4,0,0,103
100442,4,5,0,0,149
100442,5,5,0,0,164
100442,6,4,2,0,118
100442,7,4,0,0,119
100442,8,9,0,1,261
100442,9,1,0,0,54
100443,1,3,0,0,67
100443,2,2,0,1,53
100443,3,1,0,0,16
100443,4,3,0,0,95
100443,5,2,0,0,42
100443,6,1,0,0,33
100443,7,0,0,0,0
100443,8,1,0,0,14
100443,9,0,0,0,4
100444,1,2,1,0,26
100444,2,4,0,2,104
100444,3,1,0,1,74
100444,4,5,0,0,85
100444,5,3,0,0,72
100444,6,10,0,1,261
100444,7,4,0,0,97
100444,8,8,1,1,160
100444,9,3,0,1,109
100444,10,5,1,1,106
100444,11,3,1,2,81
100444,12,2,1,2,39
100444,13,7,1,1,150
100444,14,7,0,0,196
100445,1,10,1,2,270
100445,2,12,0,2,321
100445,3,5,1,1,158
100445,4,6,0,1,141
100445,5,8,2,0,193
100445,6,11,0,2,278
100445,7,15,0,2,407
100445,8,18,1,0,469
100445,9,0,1,1,16
100445,10,8,1,0,204
100445,11,4,1,0,85
100445,12,15,1,0,385
100445,13,8,1,1,205
100445,14,10,1,0,280
100446,1,11,1,1,275
100446,2,10,2,3,252
100446,3,12,2,1,318
100446,4,14,0,0,374
100446,5,5,2,1,136
100446,6,9,2,0,245
100446,7,10,0,1,292
100446,8,16,0,2,398
100446,9,19,1,2,505
100446,10,11,0,1,290
100446,11,11,0,0,286
100446,12,14,1,3,362
100446,13,12,0,1,304
100446,14,13,1,1,321
100447,1,3,1,0,74
100447,2,3,1,1,94
100447,3,3,1,2,88
100447,4,6,2,0,149
100447,5,2,0,0,37
100447,6,2,0,0,23
100447,7,5,1,0,117
100447,8,3,0,0,61
100447,9,2,0,0,74
100447,10,2,0,1,20
100447,11,4,0,0,92
100447,12,3,0,1,89
100447,13,4,0,1,103
100447,14,1,1,0,19
100448,1,9,0,1,219
100448,2,3,0,1,91
100448,3,5,0,1,124
100448,4,5,0,1,119
100448,5,5,0,0,109
100448,6,3,0,0,99
100448,7,0,1,1,0
100448,8,5,1,0,104
100448,9,12,0,0,302
100448,10,5,0,0,123
100448,11,6,0,0,194
100448,12,2,0,0,81
100448,13,4,1,1,116
100448,14,6,0,2,150
100449,1,5,0,0,117
100449,2,11,1,2,314
100449,3,7,1,1,184
100449,4,8,0,1,209
100449,5,6,2,0,139
100449,6,17,1,1,472
100449,7,9,1,2,255
100449,8,7,0,1,189
100449,9,7,1,2,169
100449,10,18,1,0,489
100449,11,2,0,0,53
100449,12,8,1,1,190
100449,13,7,1,1,173
100449,14,9,1,0,199
100450,1,4,0,1,83
100450,2,1,0,1,37
100450,3,2,1,1,45
100450,4,2,0,0,21
100450,5,5,0,0,114
100450,6,3,0,3,73
100450,7,1,0,0,4
100450,8,5,0,2,143
100450,9,0,0,2,9
100450,10,1,0,0,37
100450,11,2,1,1,77
100450,12,3,1,2,88
100450,13,1,0,0,70
100450,14,4,0,1,112
100451,1,2,0,0,100
100451,2,0,0,0,0
100451,3,3,0,0,82
100451,4,1,0,0,65
100451,5,1,0,0,18
100451,6,1,0,0,45
100451,7,1,0,0,20
100451,8,2,0,0,28
100451,9,2,0,1,20
100452,1,3,0,2,70
100452,2,5,1,0,126
100452,3,6,0,1,167
100452,4,3,0,0,51
100452,5,4,1,0,77
100452,6,4,1,2,126
100452,7,9,1,0,220
100452,8,7,0,2,181
100452,9,7,2,0,185
100452,10,5,0,1,131
100452,11,3,0,0,86
100452,12,4,1,1,78
100452,13,5,0,0,147
100452,14,3,0,3,89
100453,1,2,0,0,60
100453,2,2,0,1,34
100453,3,3,0,0,79
100453,4,3,0,1,72
100453,5,1,0,0,38
100453,6,0,0,0,25
100453,7,2,0,1,43
100453,8,0,0,1,9
100453,9,2,0,0,69
100453,10,0,0,0,0
100453,11,1,0,0,31
100453,12,2,0,1,63
100453,13,0,0,0,0
100453,14,1,0,0,59
100454,1,6,1,0,155
100454,2,3,0,2,72
100454,3,4,1,0,122
100454,4,8,0,1,195
100454,5,4,0,0,109
100454,6,4,0,0,118
100454,7,3,1,0,78
100454,8,2,0,0,71
100454,9,3,0,2,54
100454,10,8,0,1,209
100454,11,5,0,0,121
100454,12,5,0,0,144
100454,13,6,1,0,160
100454,14,1,1,0,71
100455,1,5,1,0,136
100455,2,5,1,0,160
100455,3,3,0,1,95
100455,4,1,0,0,19
100455,5,11,0,0,268
100455,6,3,0,0,68
100455,7,2,1,0,52
100455,8,4,0,1,89
100455,9,6,0,0,154
100455,10,2,0,0,32
100455,11,5,0,1,138
100455,12,4,0,0,96
100455,13,7,1,0,181
100455,14,4,0,1,100
100456,1,7,0,2,178
100456,2,7,1,0,168
100456,3,14,1,0,349
100456,4,4,2,0,115
100456,5,9,1,1,233
100456,6,11,1,2,298
100456,7,9,0,1,207
100456,8,9,1,0,248
100456,9,6,2,0,153
100456,10,8,0,0,223
100456,11,7,0,0,169
100456,12,9,0,3,255
100456,13,5,0,3,141
100456,14,11,0,1,272
100457,1,5,0,2,135
100457,2,6,0,1,171
100457,3,7,1,1,192
100457,4,3,0,1,94
100457,5,4,0,1,103
100457,6,9,1,1,216
100457,7,1,2,1,29
100457,8,2,0,0,63
100457,9,6,0,2,146
100457,10,6,1,0,188
100457,11,11,0,0,312
100457,12,6,0,0,142
100457,13,4,0,0,78
100457,14,8,0,1,209
100458,1,4,0,1,89
100458,2,6,1,0,169
100458,3,6,0,0,135
100458,4,10,0,1,221
100458,5,3,0,0,66
100458,6,7,0,1,177
100458,7,11,2,0,268
100458,8,6,1,0,135
100458,9,6,0,0,136
100458,10,4,0,0,98
100458,11,5,0,1,146
100458,12,5,1,0,159
100459,1,9,1,2,252
100459,2,4,2,1,120
100459,3,5,1,2,146
100459,4,9,1,3,227
100459,5,10,0,0,295
100459,6,6,0,0,154
100459,7,10,0,3,248
100459,8,8,1,1,222
100459,9,5,0,2,130
100459,10,8,1,3,206
100459,11,4,0,0,105
100459,12,10,2,0,251
100459,13,6,0,4,139
100459,14,8,2,2,192
100460,1,2,0,0,17
100460,2,2,0,0,75
100460,3,2,1,0,63
100460,4,3,0,0,86
100460,5,2,0,0,42
100460,6,4,0,3,87
100461,1,2,0,0,60
100461,2,4,0,0,97
100461,3,1,1,0,13
100461,4,2,0,2,33
100461,5,7,0,0,214
100461,6,0,0,1,0
100461,7,3,1,2,79
100461,8,3,0,0,76
100461,9,2,0,0,53
100461,10,0,1,1,13
100461,11,2,0,0,45
100461,12,3,1,0,72
100461,13,2,0,0,18
100461,14,3,0,0,89
100462,1,3,0,0,78
100462,2,6,0,1,145
100462,3,2,0,0,53
100462,4,2,0,1,47
100462,5,2,0,0,66
100462,6,1,0,0,53
100462,7,1,1,0,14
100462,8,1,0,0,22
100462,9,2,0,0,41
100462,10,1,0,0,53
100462,11,1,0,0,20
100462,12,0,0,0,25
100462,13,1,0,0,50
100462,14,1,0,0,0
100463,1,3,0,0,117
100463,2,4,0,0,70
100463,3,3,0,0,68
100463,4,5,1,0,127
100463,5,4,0,0,86
100463,6,5,0,0,112
100463,7,2,0,0,59
100463,8,5,0,1,130
100463,9,4,0,1,131
100463,10,0,0,1,1
100463,11,5,1,0,120
100463,12,3,0,0,62
100463,13,2,0,0,36
100463,14,3,1,1,83
100464,1,3,0,0,73
100464,2,4,0,0,91
100464,3,5,0,0,145
100464,4,1,0,0,0
100464,5,3,0,0,77
100464,6,2,0,0,27
100464,7,4,0,0,78
100464,8,0,0,0,0
100464,9,1,0,0,0
100464,10,0,0,0,35
100464,11,2,0,0,71
100464,12,0,0,1,7
100464,13,0,0,0,7
100464,14,0,0,0,0
100465,1,2,0,1,45
100465,2,1,1,2,0
100465,3,5,0,1,96
100465,4,3,1,1,48
100465,5,5,0,0,133
100465,6,7,0,0,199
100465,7,6,0,0,169
100465,8,2,1,0,62
100465,9,4,0,0,127
100465,10,3,0,2,79
100465,11,4,0,0,113
100465,12,3,0,1,96
100465,13,7,0,0,189
100465,14,6,0,0,135
100466,1,6,1,1,138
100466,2,3,0,1,55
100466,3,3,1,0,43
100466,4,3,1,0,86
100466,5,4,0,2,72
100466,6,4,1,0,128
100466,7,7,1,0,198
100466,8,4,0,1,88
100466,9,4,0,2,113
100466,10,8,1,0,208
100466,11,6,0,0,164
100466,12,6,1,0,150
100466,13,6,0,0,167
100466,14,0,1,1,8
100467,1,3,1,2,45
100467,2,10,1,0,260
100467,3,3,1,0,97
100467,4,3,1,1,134
100467,5,6,0,1,200
100467,6,1,1,0,12
100467,7,7,0,0,197
100467,8,7,1,4,158
100467,9,4,0,0,122
100467,10,6,0,3,168
100467,11,8,1,1,218
100467,12,5,1,0,111
100467,13,7,1,0,174
100467,14,11,0,0,288
100468,1,4,0,0,119
100468,2,2,0,1,67
100468,3,6,2,0,164
100468,4,5,0,0,149
100468,5,5,0,0,142
100468,6,3,0,1,55
100468,7,7,0,0,165
100468,8,3,0,1,72
100468,9,6,0,0,184
100468,10,6,0,0,130
100468,11,0,0,0,7
100468,12,7,0,0,217
100468,13,5,0,0,118
100468,14,4,1,1,109
100469,1,2,0,2,52
100469,2,12,0,0,310
100469,3,10,0,1,255
100469,4,8,1,0,209
100469,5,9,0,1,247
100470,1,7,1,1,153
100470,2,5,0,0,145
100470,3,5,0,1,106
100470,4,7,0,0,183
100470,5,5,0,0,109
100470,6,7,0,1,200
100470,7,5,0,1,102
100470,8,8,1,0,213
100470,9,7,1,0,203
100470,10,11,0,3,252
100470,11,7,0,3,217
100470,12,2,2,1,34
100470,13,5,1,2,134
100470,14,4,1,1,81
100471,1,2,0,0,49
100471,2,0,0,0,3
100471,3,4,1,0,109
100471,4,2,0,0,42
100471,5,3,0,0,68
100471,6,2,0,0,36
100471,7,1,0,0,4
100471,8,3,0,0,91
100471,9,0,0,0,0
100471,10,0,0,0,34
100471,11,0,0,0,3
100471,12,0,0,0,0
100471,13,0,0,0,11
100471,14,0,0,0,0
100472,1,6,1,1,136
100472,2,1,0,0,44
100472,3,5,0,0,137
100472,4,5,1,1,101
100472,5,3,0,0,113
100472,6,8,0,3,200
100472,7,4,0,1,107
100472,8,3,0,0,82
100472,9,4,1,0,99
100472,10,1,2,2,4
100472,11,3,1,2,79
100472,12,5,0,1,139
100472,13,3,0,1,94
100472,14,5,1,0,108
100473,1,8,1,0,194
100473,2,9,2,1,237
100473,3,5,1,1,107
100473,4,10,1,0,225
100473,5,14,0,1,372
100473,6,6,2,0,149
100473,7,7,1,1,160
100473,8,7,0,0,193
100473,9,8,1,0,218
100473,10,10,1,1,272
100473,11,4,1,1,98
100473,12,10,1,0,257
100473,13,7,1,0,184
100473,14,15,1,0,391
100474,1,8,1,2,199
100474,2,6,1,1,127
100474,3,1,1,2,34
100474,4,3,2,1,55
100474,5,2,0,1,52
100474,6,3,0,0,52
100474,7,4,0,0,123
100474,8,6,1,1,146
100474,9,1,0,1,22
100474,10,3,0,0,65
100474,11,9,1,1,220
100474,12,8,1,0,226
100474,13,6,0,0,156
100474,14,6,0,1,183
100475,1,2,1,0,64
100475,2,2,0,1,66
100475,3,5,0,0,139
100475,4,4,0,0,135
100475,5,5,0,0,134
100475,6,2,1,0,86
100476,1,3,1,0,83
100476,2,0,1,0,0
100476,3,3,0,1,62
100476,4,3,1,0,94
100476,5,1,0,0,10
100476,6,3,0,0,68
100476,7,3,0,0,65
100476,8,3,1,0,87
100476,9,2,0,0,54
100476,10,2,0,0,38
100476,11,6,1,0,163
100476,12,3,0,0,104
100476,13,1,0,0,13
100476,14,4,0,0,102
100477,1,6,1,3,112
100477,2,4,1,0,103
100477,3,8,0,2,200
100477,4,6,1,1,157
100477,5,6,0,1,155
100477,6,5,0,0,116
100477,7,7,0,0,157
100477,8,5,1,0,146
100477,9,5,0,2,135
100477,10,6,0,1,129
100477,11,3,0,1,66
100477,12,7,1,0,218
100477,13,5,1,0,125
100477,14,12,1,1,295
100478,1,6,2,0,159
100478,2,7,1,0,196
100478,3,6,0,1,142
100478,4,7,1,1,161
100478,5,8,0,0,183
100478,6,10,0,1,247
100478,7,9,0,0,228
100478,8,7,0,1,206
100478,9,6,0,0,171
100478,10,3,1,2,84
100478,11,1,0,2,39
100478,12,4,1,1,120
100478,13,5,0,2,145
100478,14,5,0,0,144
100479,1,6,2,2,126
100479,2,8,0,1,177
100479,3,7,2,1,167
100479,4,3,1,2,94
100479,5,4,1,1,94
100479,6,12,1,0,326
100479,7,16,2,1,386
100479,8,10,1,0,256
100479,9,6,0,1,140
100479,10,9,0,1,232
100479,11,9,1,0,250
100479,12,10,1,3,247
100479,13,9,0,1,240
100479,14,13,0,3,339
100480,1,7,0,0,171
100480,2,2,1,1,67
100480,3,6,0,1,161
100480,4,11,0,1,284
100480,5,6,1,0,185
100480,6,3,0,2,85
100480,7,3,0,0,61
100480,8,6,0,1,130
100480,9,9,1,0,249
100480,10,4,0,0,122
100480,11,4,0,0,128
100480,12,4,0,1,107
100480,13,4,1,0,91
100480,14,4,1,0,75
100481,1,0,0,0,0
100481,2,2,0,0,47
100481,3,0,0,0,15
100481,4,0,0,0,18
100481,5,1,0,0,11
100481,6,2,1,0,57
100481,7,1,0,1,25
100481,8,0,0,0,0
100481,9,0,0,0,5
100481,10,0,0,0,0
100481,11,0,0,0,0
100481,12,0,0,0,19
100481,13,0,0,1,0
100481,14,0,0,0,13
100482,1,9,0,0,206
100482,2,4,0,0,103
100482,3,8,1,1,198
100482,4,3,0,0,70
100482,5,5,0,0,152
100482,6,2,2,1,48
100482,7,9,1,1,267
100482,8,3,0,0,88
100482,9,10,0,0,260
100482,10,1,1,0,36
100482,11,5,1,1,142
100482,12,4,1,1,132
100482,13,6,0,2,146
100482,14,6,1,0,155
100483,1,2,0,0,59
100483,2,6,0,2,169
100483,3,7,0,1,165
100483,4,7,0,1,190
100483,5,1,1,0,0
100483,6,2,0,0,48
100483,7,1,0,2,37
100483,8,3,0,1,72
100483,9,0,1,1,22
100483,10,2,0,0,62
100483,11,3,0,0,76
100483,12,2,0,0,64
100483,13,3,1,1,94
100483,14,5,1,1,140
100484,1,4,1,0,112
100484,2,6,1,0,157
100484,3,6,0,0,162
100484,4,5,0,1,124
100484,5,2,0,0,50
100484,6,5,0,1,139
100484,7,2,1,0,25
100484,8,4,0,0,105
100484,9,7,0,0,198
100484,10,3,0,0,77
100484,11,4,1,1,99
100484,12,6,0,1,189
100484,13,2,1,0,66
100484,14,8,0,0,192
100485,1,6,0,0,149
100485,2,4,0,1,104
100485,3,7,2,0,217
100485,4,5,0,0,112
100485,5,2,0,0,24
100485,6,0,0,0,1
100485,7,3,0,3,100
100485,8,3,0,0,66
100485,9,3,0,1,69
100485,10,0,1,0,0
100485,11,0,0,0,4
100485,12,3,0,1,122
100485,13,0,0,0,0
100485,14,0,0,0,0
100486,1,4,0,0,97
100486,2,2,0,1,62
100486,3,2,0,0,32
100486,4,2,0,0,22
100486,5,2,0,0,74
100487,1,1,0,0,24
100487,2,2,0,0,69
100487,3,5,0,0,127
100487,4,5,0,0,110
100487,5,4,0,0,83
100487,6,2,1,0,23
100487,7,5,0,0,131
100487,8,3,0,0,72
100487,9,3,0,0,35
100487,10,2,0,1,42
100488,1,1,0,0,18
100488,2,4,0,1,114
100488,3,3,1,1,85
100488,4,2,0,1,40
100488,5,7,0,1,192
100488,6,1,0,1,51
100488,7,3,1,0,69
100488,8,2,0,0,51
100488,9,5,0,1,118
100488,10,4,0,0,97
100488,11,11,2,0,251
100488,12,10,0,0,254
100488,13,4,1,1,69
100488,14,3,0,0,104
100489,1,7,0,0,205
100489,2,7,0,0,172
100489,3,2,2,0,82
100489,4,2,0,0,29
100489,5,2,0,1,65
100489,6,0,0,1,0
100489,7,1,0,1,34
100489,8,3,1,0,96
100489,9,4,0,0,106
100489,10,3,0,0,70
100489,11,6,0,1,148
100489,12,1,1,1,5
100489,13,2,0,0,57
100489,14,2,2,0,79
100490,1,4,0,0,118
100490,2,4,1,1,103
100490,3,7,0,0,148
100490,4,4,1,0,99
100490,5,5,0,0,130
100490,6,4,1,2,120
100490,7,5,1,4,127
100490,8,4,0,0,90
100490,9,6,2,0,141
100490,10,3,0,1,81
100490,11,4,1,0,77
100490,12,5,0,1,93
100490,13,6,1,1,158
100490,14,4,0,1,92
100491,1,10,0,2,250
100491,2,12,0,0,315
100491,3,8,1,1,212
100491,4,7,1,1,193
100491,5,8,0,0,182
100491,6,5,2,0,167
100491,7,12,0,2,301
100491,8,7,1,1,167
100491,9,10,0,1,241
100491,10,9,1,2,262
100491,11,8,1,2,222
100491,12,9,0,0,247
100491,13,4,2,1,89
100491,14,10,0,1,255
100492,1,2,0,1,32
100492,2,3,1,1,55
100492,3,5,1,0,133
100492,4,3,1,0,78
100492,5,4,1,0,79
100492,6,7,0,1,175
100492,7,4,1,0,99
100492,8,2,1,0,85
100492,9,1,0,0,6
100492,10,5,1,0,113
100492,11,3,0,0,110
100492,12,4,0,0,103
100492,13,1,0,0,30
100493,1,7,2,0,156
100493,2,5,1,1,94
100493,3,3,0,0,74
100493,4,3,0,2,91
100493,5,1,0,0,5
100493,6,3,1,1,75
100493,7,6,0,1,128
100493,8,5,1,1,135
100493,9,3,0,1,75
100493,10,2,0,0,69
100493,11,4,0,1,109
100493,12,3,0,0,78
100493,13,3,1,0,40
100493,14,4,0,0,109
100494,1,1,0,1,20
100494,2,4,0,0,108
100494,3,7,0,0,187
100494,4,4,0,0,109
100494,5,2,1,1,54
100494,6,2,1,0,41
100494,7,6,0,1,169
100494,8,2,0,1,75
100494,9,8,0,0,181
100494,10,8,0,0,222
100494,11,5,1,0,117
100494,12,4,0,0,106
100494,13,5,1,1,143
100495,1,11,0,1,279
100495,2,7,1,2,191
100495,3,8,0,0,211
100495,4,8,1,1,201
100495,5,4,2,1,83
100495,6,7,0,3,180
100495,7,8,2,0,214
100495,8,8,1,1,185
100495,9,7,1,0,199
100495,10,9,1,1,226
100495,11,4,1,0,87
100495,12,7,1,0,182
100495,13,7,1,3,168
100495,14,2,1,0,52
100496,1,4,0,1,91
100496,2,5,0,0,144
100496,3,1,0,1,18
100496,4,2,0,0,47
100496,5,2,0,0,57
100496,6,4,0,0,94
100496,7,4,0,0,121
100496,8,2,0,0,64
100497,1,3,1,0,76
100497,2,1,1,1,22
100497,3,0,0,0,0
100497,4,0,0,0,11
100497,5,1,0,0,5
100497,6,3,1,0,82
100497,7,0,0,0,0
100497,8,0,0,1,0
100497,9,0,0,0,7
100497,10,1,0,0,23
100497,11,0,0,0,22
100497,12,0,0,0,0
100497,13,0,0,0,5
100497,14,0,0,1,0
100498,1,2,0,1,57
100498,2,3,1,0,92
100498,3,2,0,0,53
100498,4,0,1,0,45
100498,5,3,0,1,66
100498,6,2,0,0,54
100498,7,4,0,0,114
100498,8,0,0,0,25
100498,9,0,0,1,14
100498,10,2,0,0,26
100499,1,1,0,1,16
100499,2,3,0,0,89
100499,3,1,0,1,34
100499,4,4,0,0,88
100499,5,1,1,0,22
100499,6,4,0,0,100
100499,7,0,0,1,0
100499,8,0,0,0,0
100500,1,5,1,0,139
100500,2,3,1,1,93
100500,3,5,0,0,133
100500,4,2,0,0,60
100500,5,3,0,1,95
100500,6,6,0,0,146
100500,7,3,0,0,88
100500,8,2,0,0,30
100500,9,2,2,1,61
100500,10,2,2,0,44
100500,11,3,0,0,94
100500,12,3,0,1,44
100500,13,4,1,2,132
100500,14,2,0,0,52
100501,1,1,0,0,29
100501,2,3,0,0,76
100501,3,2,0,0,47
100501,4,5,0,0,143
100501,5,0,0,1,0
100501,6,2,0,1,13
100502,1,8,1,0,228
100502,2,11,0,0,307
100502,3,6,2,0,164
100502,4,7,0,3,197
100502,5,11,1,1,258
100502,6,10,1,0,272
100502,7,9,0,2,242
100502,8,5,0,0,128
100502,9,5,0,2,151
100502,10,3,0,0,61
100502,11,5,1,0,140
100502,12,8,1,0,193
100502,13,1,0,2,35
100502,14,8,1,0,217
100503,1,4,1,1,61
100503,2,5,0,0,144
100503,3,4,0,0,91
100503,4,6,1,0,166
100503,5,3,0,0,67
100503,6,3,0,1,55
100503,7,2,0,0,75
100503,8,1,1,0,11
100503,9,5,0,0,111
100503,10,2,1,0,52
100503,11,1,0,1,51
100503,12,2,1,0,98
100503,13,4,0,1,125
100503,14,0,0,1,5
100504,1,5,0,2,125
100504,2,3,1,0,70
100504,3,7,0,1,183
100504,4,2,1,0,45
100504,5,5,0,0,124
100504,6,2,0,0,48
100504,7,3,0,0,104
100504,8,3,1,0,82
100504,9,2,0,0,60
100504,10,4,0,1,98
100504,11,3,0,0,90
100504,12,3,0,1,90
100504,13,4,0,0,97
100504,14,1,1,0,29
100505,1,1,0,0,30
100505,2,0,0,0,0
100505,3,1,0,0,34
100505,4,1,0,0,8
100505,5,0,0,0,0
100505,6,0,0,0,9
100505,7,1,0,0,24
100505,8,3,0,1,74
100505,9,0,0,0,14
100505,10,0,0,0,0
100505,11,1,0,0,34
100505,12,2,0,0,55
100505,13,0,0,0,34
100505,14,2,0,0,57
100506,1,4,1,0,135
100506,2,4,0,0,96
100506,3,3,0,0,83
100506,4,7,0,0,187
100506,5,6,0,0,176
100506,6,2,0,0,48
100506,7,2,0,2,55
100506,8,2,0,0,41
100506,9,2,0,2,88
100506,10,3,1,0,76
100506,11,2,0,0,52
100506,12,2,0,1,38
100506,13,1,0,1,15
100506,14,0,0,0,24
100507,1,6,1,0,156
100507,2,2,0,1,64
100507,3,6,1,0,144
100507,4,4,1,2,111
100507,5,3,0,1,59
100507,6,2,0,0,44
100507,7,5,1,1,133
100507,8,7,0,1,242
100507,9,3,0,0,65
100507,10,2,0,1,63
100507,11,4,0,0,88
100507,12,5,0,2,107
100507,13,5,0,1,112
100507,14,9,0,0,237
100508,1,2,1,1,68
100508,2,1,0,0,26
100508,3,4,0,2,109
100508,4,3,0,0,78
100508,5,4,0,0,98
100508,6,3,0,0,72
100508,7,3,0,2,50
100508,8,3,0,0,91
100508,9,2,0,0,86
100508,10,3,0,0,79
100508,11,4,0,0,100
100508,12,4,0,1,92
100508,13,2,0,0,29
100508,14,1,1,1,15
100509,1,7,0,1,180
100509,2,7,2,3,197
100509,3,8,1,0,203
100509,4,9,1,0,217
100509,5,8,0,0,206
100509,6,10,0,0,227
100509,7,8,2,1,214
100509,8,7,1,1,194
100509,9,7,1,0,207
100509,10,5,2,0,138
100509,11,8,1,0,224
100509,12,5,2,0,132
100509,13,10,2,0,234
100509,14,11,1,1,272
100510,1,2,0,0,47
100510,2,3,0,1,84
100510,3,3,0,1,64
100510,4,3,0,0,97
100510,5,2,0,0,59
100510,6,2,0,0,54
100510,7,2,0,0,31
100510,8,2,0,0,78
100510,9,0,0,0,11
100510,10,0,0,2,3
100510,11,6,0,1,135
100510,12,4,0,1,84
100510,13,0,0,0,0
100510,14,3,2,0,63
100511,1,4,1,0,84
100511,2,5,0,2,144
100511,3,1,0,0,46
100511,4,3,0,0,98
100511,5,4,0,0,125
100511,6,0,0,1,0
100511,7,3,1,0,78
100511,8,2,0,2,49
100511,9,1,1,0,42
100511,10,0,0,0,29
100511,11,7,0,1,178
100511,12,4,0,1,73
100511,13,0,0,1,8
100511,14,3,0,0,97
100512,1,7,0,1,172
100512,2,7,0,0,194
100512,3,10,0,2,264
100512,4,9,0,0,233
100512,5,5,0,1,138
100512,6,11,1,1,290
100512,7,8,0,0,203
100512,8,9,1,0,247
100512,9,13,2,1,310
100512,10,10,1,3,260
100512,11,5,1,0,143
100512,12,8,0,2,213
100512,13,6,1,1,132
100512,14,12,2,1,322
100513,1,11,1,0,294
100513,2,10,0,1,262
100513,3,7,1,0,160
100513,4,3,0,1,59
100513,5,5,2,0,147
100513,6,5,0,0,131
100513,7,7,0,0,158
100513,8,5,0,1,152
100513,9,7,0,1,171
100513,10,7,1,1,148
100513,11,7,0,4,182
100513,12,6,2,0,163
100513,13,10,1,1,253
100513,14,4,1,1,105
100514,1,5,0,1,161
100514,2,4,0,0,129
100514,3,3,0,0,55
100514,4,3,0,0,68
100514,5,0,0,0,0
100514,6,3,1,0,69
100514,7,3,0,0,38
100514,8,2,1,2,38
100514,9,2,0,0,35
100514,10,1,0,0,5
100514,11,4,0,0,103
100514,12,2,0,1,64
100514,13,1,0,1,15
100514,14,2,0,0,99
100515,1,4,1,0,83
100515,2,3,0,0,121
100515,3,6,0,0,142
100515,4,4,0,0,70
100515,5,5,0,0,111
100515,6,3,0,0,63
100515,7,4,0,0,57
100515,8,5,0,0,142
100515,9,5,0,0,143
100515,10,8,0,1,193
100515,11,9,0,1,234
100515,12,4,1,1,102
100515,13,6,1,1,141
100515,14,5,0,2,126
100516,1,9,0,3,262
100516,2,10,1,2,226
100516,3,10,1,1,279
100516,4,6,0,1,146
100516,5,4,0,1,107
100516,6,6,0,2,143
100516,7,5,0,0,137
100516,8,7,0,0,158
100516,9,7,1,2,166
100516,10,5,2,2,164
100516,11,4,0,0,101
100516,12,3,0,0,58
100516,13,5,0,0,130
100516,14,9,2,0,239
100517,1,6,1,1,154
100517,2,10,1,0,269
100517,3,9,1,1,244
100517,4,8,1,1,207
100517,5,12,0,0,305
100517,6,9,0,0,237
100517,7,4,1,1,98
100517,8,8,1,0,220
100517,9,12,1,1,321
100517,10,10,1,1,260
100517,11,6,2,0,129
100517,12,11,0,0,268
100517,13,7,0,1,177
100517,14,11,1,0,272
100518,1,1,1,0,30
100518,2,5,0,0,151
100518,3,2,0,0,69
100518,4,4,0,0,90
100518,5,2,0,2,84
100518,6,3,1,1,60
100518,7,1,0,0,34
100518,8,1,1,1,46
100518,9,4,1,0,105
100518,10,2,0,0,35
100518,11,0,0,0,15
100518,12,2,0,0,46
100518,13,1,0,0,0
100518,14,1,0,0,8
100519,1,10,2,2,242
100519,2,6,0,1,183
100519,3,12,0,2,312
100519,4,8,0,0,193
100519,5,4,2,1,103
100519,6,11,2,0,326
100519,7,9,2,1,255
100519,8,10,1,0,277
100519,9,6,1,3,166
100519,10,17,1,1,453
100519,11,8,2,1,215
100519,12,6,1,1,148
100519,13,10,1,1,258
100519,14,11,1,3,284
100520,1,5,0,1,111
100520,2,15,0,1,383
100520,3,10,1,1,274
100520,4,6,1,0,175
100520,5,4,1,3,110
100520,6,2,0,0,40
100520,7,6,0,0,160
100520,8,7,0,3,197
100520,9,7,0,1,188
100520,10,9,1,2,231
100520,11,7,0,0,178
100520,12,5,0,0,128
100520,13,5,0,1,139
100520,14,6,1,0,168
100521,1,3,0,0,92
100521,2,5,0,0,145
100521,3,6,0,0,76
100521,4,3,0,0,64
100521,5,2,0,0,49
100521,6,4,0,0,113
100521,7,3,0,1,87
100521,8,3,0,0,93
100521,9,1,1,0,14
100521,10,1,0,1,24
100521,11,0,1,0,6
100521,12,3,0,1,46
100521,13,1,0,1,24
100521,14,4,0,1,105
100522,1,0,0,0,57
100522,2,1,0,0,22
100522,3,0,0,0,13
100522,4,2,0,0,100
100522,5,0,0,0,19
100522,6,0,0,0,0
100522,7,1,0,0,23
100522,8,0,0,0,19
100522,9,0,0,0,5
100522,10,2,0,0,65
100522,11,0,0,0,0
100522,12,0,0,1,0
100522,13,0,0,0,7
100522,14,0,1,0,0
100523,1,2,2,1,76
100523,2,10,1,2,259
100523,3,7,1,0,160
100523,4,7,1,2,154
100523,5,8,0,0,198
100523,6,6,1,1,167
100523,7,7,1,0,187
100523,8,8,2,0,205
100523,9,2,0,0,21
100523,10,5,0,1,98
100523,11,5,1,1,120
100523,12,5,0,0,110
100523,13,5,0,1,155
100523,14,13,0,0,311
100524,1,4,0,0,109
100524,2,6,0,1,171
100524,3,6,1,0,192
100524,4,5,0,0,147
100524,5,7,0,0,192
100524,6,2,0,1,50
100524,7,3,0,1,111
100524,8,3,0,1,98
100524,9,4,0,2,107
100524,10,5,0,0,116
100524,11,4,0,1,84
100524,12,3,1,0,84
100524,13,2,0,2,43
100524,14,2,0,0,48
100525,1,7,0,0,181
100525,2,10,1,1,249
100525,3,3,0,0,72
100525,4,10,1,0,224
100525,5,11,0,0,271
100525,6,9,0,1,243
100525,7,12,1,2,311
100525,8,3,1,1,68
100525,9,5,0,0,119
100525,10,9,1,0,214
100525,11,2,1,0,101
100525,12,9,1,1,268
100525,13,5,0,0,139
100525,14,5,1,1,126
100526,1,14,2,2,333
100526,2,8,2,1,175
100526,3,9,2,1,224
100526,4,12,1,1,313
100526,5,12,2,3,269
100526,6,12,1,0,311
100526,7,10,2,5,279
100526,8,6,1,1,153
100526,9,14,1,2,358
100526,10,10,2,3,257
100526,11,10,2,1,274
100526,12,9,2,2,237
100526,13,14,1,6,364
100526,14,7,0,2,193
100527,1,14,0,2,374
100527,2,19,1,0,495
100527,3,10,2,1,231
100527,4,6,0,1,150
100527,5,12,1,0,294
100527,6,14,1,0,354
100527,7,9,1,1,227
100527,8,6,2,2,167
100527,9,17,1,2,443
100527,10,8,1,1,205
100527,11,9,2,0,259
100527,12,11,1,0,271
100527,13,13,2,1,331
100527,14,8,2,1,248
100528,1,1,0,0,33
100528,2,1,0,1,43
100528,3,5,0,0,109
100528,4,2,1,0,43
100528,5,2,0,1,80
100528,6,2,0,0,47
100528,7,1,1,0,41
100528,8,4,0,0,95
100528,9,1,0,0,33
100528,10,2,0,2,15
100528,11,3,1,0,79
100528,12,1,0,0,21
100528,13,0,0,0,0
100528,14,0,0,1,17
100529,1,2,0,0,54
100529,2,4,0,0,121
100529,3,0,0,0,0
100529,4,2,0,0,59
100529,5,2,0,0,43
100529,6,2,0,0,31
100529,7,3,0,1,63
100529,8,2,0,0,31
100529,9,2,0,0,64
100529,10,2,0,1,58
100529,11,3,0,0,68
100529,12,1,0,0,26
100529,13,0,0,0,6
100529,14,0,0,0,0
100530,1,2,0,0,82
100530,2,2,0,0,36
100530,3,1,0,0,14
100530,4,1,0,0,6
100530,5,3,0,0,73
100530,6,1,0,0,73
100530,7,1,0,1,36
100530,8,0,0,0,19
100530,9,1,0,0,42
100530,10,0,0,0,2
100531,1,1,0,0,25
100531,2,3,1,0,55
100531,3,1,0,0,22
100531,4,1,0,0,15
100531,5,1,0,0,1
100531,6,0,0,0,3
100531,7,1,0,0,33
100531,8,0,0,0,0
100531,9,1,0,0,78
100531,10,1,0,0,25
100531,11,0,0,0,3
100531,12,0,0,0,0
100531,13,0,0,0,0
100531,14,0,0,0,0
100532,1,3,1,0,92
100532,2,1,0,0,43
100532,3,0,0,0,49
100532,4,0,1,0,0
100532,5,3,0,0,68
100532,6,1,0,2,6
100532,7,1,0,0,10
100532,8,3,0,0,53
100532,9,0,0,0,12
100532,10,4,0,0,89
100532,11,1,1,0,0
100532,12,2,0,0,30
100532,13,0,0,0,0
100532,14,0,0,0,0
100533,1,3,1,0,89
100533,2,6,1,1,155
100533,3,2,0,1,54
100533,4,4,0,0,82
100533,5,3,1,0,78
100533,6,1,0,0,24
100533,7,1,0,0,0
100533,8,4,0,1,124
100533,9,8,0,2,235
100533,10,5,0,0,162
100533,11,3,0,0,87
100533,12,3,0,1,79
100533,13,4,0,1,71
100533,14,3,0,0,67
100534,1,2,0,0,47
100534,2,3,1,0,83
100534,3,8,1,0,214
100534,4,5,0,1,109
100534,5,7,0,1,202
100534,6,3,0,0,59
100534,7,3,0,1,112
100534,8,4,0,1,86
100534,9,6,0,0,183
100534,10,6,1,2,155
100534,11,5,0,2,109
100534,12,6,1,1,130
100534,13,4,0,0,96
100534,14,7,0,0,191
100535,1,5,0,1,158
100535,2,9,2,0,197
100535,3,3,0,2,74
100535,4,7,1,0,178
100535,5,5,0,0,105
100535,6,11,1,1,255
100535,7,7,0,0,198
100535,8,5,1,3,126
100535,9,13,1,0,340
100535,10,3,0,2,54
100535,11,11,1,0,313
100535,12,1,1,1,46
100535,13,7,1,1,216
100535,14,9,2,0,219
100536,1,5,2,1,114
100536,2,10,1,0,268
100536,3,20,0,0,506
100536,4,12,1,1,317
100536,5,18,1,1,468
100536,6,15,1,1,368
100536,7,23,1,1,563
100536,8,11,1,2,292
100536,9,10,1,1,259
100536,10,15,1,0,400
100536,11,18,1,2,433
100536,12,12,0,1,314
100536,13,15,0,4,393
100536,14,12,2,2,352
100537,1,8,1,0,175
100537,2,8,1,1,223
100537,3,7,1,2,176
100537,4,11,0,3,299
100537,5,6,1,0,143
100537,6,11,1,3,324
100537,7,13,0,0,338
100537,8,12,1,2,288
100537,9,13,2,1,332
100537,10,15,1,1,373
100537,11,15,1,2,400
100537,12,10,1,2,292
100537,13,9,0,2,239
100537,14,14,1,2,360
100538,1,7,0,1,172
100538,2,5,2,1,149
100538,3,6,0,1,167
100538,4,3,1,1,109
100538,5,7,0,0,183
100538,6,4,1,2,83
100538,7,6,2,1,168
100538,8,6,1,1,196
100538,9,5,1,0,117
100538,10,6,0,0,186
100538,11,13,1,2,348
100538,12,13,1,1,339
100538,13,4,2,0,99
100538,14,5,2,3,96
100539,1,7,1,1,152
100539,2,2,0,0,27
100539,3,3,1,1,104
100539,4,2,0,0,60
100539,5,7,0,0,161
100539,6,2,0,0,63
100539,7,1,1,0,34
100539,8,5,0,0,151
100539,9,3,0,0,78
100539,10,5,0,0,94
100539,11,4,1,0,90
100539,12,4,0,0,98
100539,13,6,0,1,137
100539,14,4,0,3,98
100540,1,5,0,1,126
100540,2,5,0,0,140
100540,3,2,2,2,61
100540,4,3,0,0,83
100540,5,2,0,1,58
100540,6,5,0,0,151
100540,7,0,0,0,25
100540,8,1,0,0,24
100540,9,2,1,0,44
100540,10,1,0,0,24
100540,11,2,0,0,67
100540,12,2,1,1,49
100540,13,2,0,0,36
100540,14,4,1,0,93
100541,1,3,1,0,78
100541,2,5,1,0,109
100541,3,5,0,1,104
100541,4,3,1,2,92
100541,5,10,1,0,274
100541,6,9,0,3,226
100541,7,8,1,1,232
100541,8,3,0,1,46
100541,9,13,0,0,335
100542,1,2,1,1,53
100542,2,3,1,0,103
100542,3,5,2,1,138
100542,4,5,1,0,140
100542,5,2,1,0,46
100542,6,4,0,1,127
100542,7,7,0,0,174
100542,8,3,1,3,57
100542,9,2,1,1,69
100542,10,4,0,2,140
100542,11,5,0,0,142
100542,12,2,0,1,36
100542,13,4,2,0,99
100542,14,5,1,0,138
100543,1,8,2,1,196
100543,2,9,0,0,235
100543,3,2,0,0,61
100543,4,5,0,1,140
100543,5,9,1,0,232
100543,6,7,0,2,148
100543,7,8,2,2,214
100543,8,4,0,0,110
100543,9,7,2,1,178
100543,10,6,0,0,149
100543,11,8,0,2,195
100543,12,6,0,1,159
100543,13,9,1,2,241
100543,14,2,1,0,89
100544,1,1,0,0,4
100544,2,1,0,0,26
100544,3,2,0,1,66
100544,4,3,0,0,56
100544,5,2,0,1,69
100544,6,1,1,3,7
100544,7,3,0,0,70
100544,8,1,0,0,11
100544,9,2,0,0,65
100544,10,1,0,1,15
100544,11,2,0,0,62
100544,12,3,0,0,80
100544,13,3,0,0,91
100544,14,2,0,1,31
100545,1,2,0,0,61
100545,2,2,0,0,86
100545,3,3,0,0,53
100545,4,0,0,0,23
100545,5,3,0,0,71
100545,6,0,0,0,0
100545,7,2,0,0,55
100545,8,0,0,0,6
100545,9,0,0,0,14
100545,10,0,0,1,12
100545,11,2,0,0,43
100545,12,0,0,0,0
100545,13,0,0,0,52
100545,14,1,0,0,47
100546,1,8,0,0,203
100546,2,5,2,1,166
100546,3,2,1,1,46
100546,4,5,1,1,97
100546,5,13,0,1,348
100546,6,11,0,1,298
100546,7,10,1,0,258
100546,8,6,2,1,143
100546,9,3,1,0,89
100546,10,5,2,0,127
100546,11,8,0,1,223
100546,12,7,2,1,201
100546,13,11,1,1,312
100546,14,3,0,2,86
100547,1,2,1,1,54
100547,2,7,1,0,200
100547,3,1,0,0,34
100547,4,1,0,0,22
100547,5,3,0,0,77
100547,6,2,1,0,81
100547,7,3,0,1,78
100547,8,2,1,1,36
100547,9,1,0,0,47
100547,10,1,0,0,47
100547,11,0,0,0,2
100548,1,5,2,0,141
100548,2,6,1,0,183
100548,3,6,0,1,157
100548,4,12,1,0,295
100548,5,7,0,0,167
100548,6,7,0,1,227
100548,7,6,0,1,146
100548,8,6,1,2,134
100548,9,6,1,1,139
100548,10,3,2,1,42
100548,11,10,0,0,249
100548,12,8,0,2,190
100548,13,5,0,0,129
100548,14,5,1,0,154
100549,1,4,1,0,106
100549,2,7,0,2,201
100549,3,2,0,0,63
100549,4,7,0,1,186
100549,5,0,0,0,0
100549,6,2,0,0,28
100549,7,2,0,0,57
100549,8,2,0,0,79
100549,9,4,0,0,129
100549,10,2,1,1,60
100549,11,3,1,0,69
100549,12,1,1,0,25
100549,13,6,0,0,106
100549,14,4,0,1,93
100550,1,1,0,0,69
100550,2,5,0,0,127
100550,3,2,0,0,78
100550,4,4,1,0,88
100550,5,3,1,0,91
100550,6,2,0,1,52
100550,7,5,0,0,147
100550,8,1,0,0,60
100550,9,5,0,0,126
100550,10,3,0,0,55
100550,11,1,1,1,36
100550,12,6,0,0,169
100550,13,3,0,1,71
100550,14,4,0,0,98
100551,1,7,1,0,185
100551,2,4,0,0,103
100551,3,2,0,0,49
100551,4,2,0,0,41
100551,5,0,0,0,9
100551,6,3,0,0,78
100551,7,2,0,0,52
100551,8,2,0,0,38
100551,9,2,0,0,46
100551,10,2,0,0,75
100551,11,1,0,2,22
100551,12,2,0,0,58
100551,13,0,0,0,6
100551,14,0,0,1,13
100552,1,9,0,4,241
100552,2,7,0,0,180
100552,3,8,0,0,209
100552,4,10,0,0,287
100552,5,14,0,2,381
100552,6,10,0,1,273
100552,7,7,1,0,192
100552,8,8,0,0,220
100552,9,7,2,2,166
100552,10,6,1,1,159
100552,11,11,2,1,300
100552,12,8,0,1,200
100552,13,8,0,2,182
100552,14,9,1,1,246
100553,1,4,1,1,105
100553,2,11,1,1,308
100553,3,6,1,0,158
100553,4,2,1,0,75
100553,5,6,1,0,142
100553,6,5,0,0,117
100553,7,7,1,1,192
100553,8,7,1,1,197
100553,9,5,1,0,130
100553,10,2,1,1,68
100553,11,8,1,0,196
100553,12,6,1,1,141
100553,13,13,1,1,365
100553,14,5,2,2,109
100554,1,4,0,0,109
100554,2,2,0,0,80
100554,3,0,0,1,17
100554,4,2,0,0,59
100554,5,0,0,0,35
100554,6,1,0,0,69
100554,7,0,0,0,0
100554,8,0,0,0,0
100554,9,0,0,0,0
100554,10,0,0,0,0
100554,11,0,0,0,0
100554,12,0,0,0,0
100554,13,0,0,0,24
100554,14,0,0,0,0
100555,1,5,1,1,125
100555,2,5,0,0,124
100555,3,1,0,0,8
100555,4,6,0,1,133
100555,5,9,2,1,252
100555,6,10,0,0,283
100555,7,7,1,2,191
100555,8,8,0,0,199
100555,9,9,0,1,227
100555,10,8,0,1,211
100555,11,10,0,0,266
100555,12,7,0,1,183
100555,13,6,0,4,180
100555,14,5,2,0,154
100556,1,8,0,3,205
100556,2,1,0,1,38
100556,3,5,0,0,142
100556,4,3,0,0,95
100556,5,4,0,0,91
100556,6,2,0,0,82
100556,7,5,2,0,137
100556,8,3,1,0,58
100556,9,5,0,0,105
100557,1,2,0,0,73
100557,2,4,0,1,108
100557,3,4,0,0,105
100557,4,9,0,1,217
100557,5,7,0,1,163
100557,6,4,0,0,125
100557,7,1,0,1,3
100557,8,4,1,0,108
100557,9,5,1,0,102
100557,10,2,0,1,44
100557,11,4,0,0,109
100557,12,3,0,1,77
100557,13,1,0,0,18
100557,14,5,0,1,164
100558,1,0,0,0,0
100558,2,0,0,0,0
100558,3,3,0,0,85
100558,4,2,0,0,74
100558,5,1,0,0,29
100558,6,0,1,0,0
100558,7,0,0,0,9
100558,8,0,0,0,0
100558,9,0,0,0,0
100558,10,0,0,0,28
100558,11,1,0,0,60
100558,12,0,0,0,23
100558,13,0,0,0,0
100558,14,0,0,0,0
100559,1,2,2,1,44
100559,2,8,1,1,208
100559,3,9,2,0,241
100559,4,6,0,2,165
100559,5,9,1,2,220
100559,6,6,0,2,149
100559,7,11,2,4,289
100559,8,8,1,0,219
100559,9,8,1,1,203
100559,10,4,1,2,91
100559,11,12,1,1,322
100559,12,6,0,0,153
100559,13,6,1,3,145
100559,14,10,1,1,245
100560,1,3,0,0,47
100560,2,3,0,1,73
100560,3,1,0,0,0
100560,4,1,0,0,43
100560,5,0,0,0,15
100560,6,4,0,0,121
100560,7,1,0,0,2
100560,8,2,0,0,0
100560,9,1,0,1,0
100560,10,1,0,0,21
100560,11,1,0,0,14
100560,12,0,0,0,22
100560,13,2,1,1,20
100560,14,1,0,0,37
100561,1,3,0,0,73
100561,2,4,0,0,125
100561,3,5,1,2,93
100561,4,5,1,1,125
100561,5,6,1,0,134
100561,6,7,0,0,164
100561,7,12,1,1,308
100561,8,11,0,0,281
100561,9,6,0,1,131
100561,10,5,0,1,144
100561,11,4,1,1,144
100561,12,3,1,2,104
100561,13,8,0,1,191
100561,14,4,1,1,95
100562,1,8,1,1,230
100562,2,1,0,1,6
100562,3,5,1,1,145
100562,4,6,0,1,144
100562,5,5,1,1,135
100562,6,2,0,0,63
100562,7,3,0,2,57
100562,8,7,1,0,199
100562,9,4,1,0,129
100562,10,6,0,0,161
100562,11,5,0,0,126
100562,12,6,0,1,157
100562,13,8,1,0,232
100562,14,4,0,0,136
100563,1,13,1,0,344
100563,2,8,0,0,222
100563,3,15,0,1,387
100563,4,16,2,0,402
100563,5,7,1,0,172
100563,6,16,0,2,408
100563,7,8,1,1,214
100563,8,6,1,2,167
100563,9,11,0,0,314
100563,10,7,0,3,126
100563,11,7,0,1,194
100563,12,9,0,0,209
100563,13,17,0,1,452
100563,14,11,1,3,292
100564,1,1,0,0,0
100564,2,2,0,1,30
100564,3,0,1,0,0
100564,4,3,0,1,97
100564,5,3,0,1,100
100564,6,7,0,0,202
100564,7,5,0,0,118
100564,8,2,0,0,55
100564,9,4,1,1,124
100564,10,1,0,2,27
100564,11,4,0,0,101
100564,12,4,0,0,114
100564,13,3,0,0,105
100564,14,1,0,0,22
100565,1,5,1,2,101
100565,2,3,2,1,67
100565,3,14,0,2,353
100565,4,6,1,1,180
100565,5,9,1,1,228
100565,6,6,0,1,157
100565,7,9,2,1,241
100565,8,7,1,3,174
100565,9,7,0,0,183
100565,10,8,0,2,219
100565,11,7,1,0,179
100565,12,11,1,0,303
100565,13,4,2,2,124
100565,14,6,1,2,172
100566,1,2,0,0,59
100566,2,5,0,1,121
100566,3,1,0,1,10
100566,4,7,1,0,199
100566,5,6,0,0,180
100566,6,4,0,0,139
100566,7,4,1,0,112
100566,8,2,1,0,33
100566,9,6,0,1,129
100566,10,2,0,1,75
100566,11,6,0,0,99
100566,12,1,0,0,21
100566,13,4,1,0,93
100567,1,3,1,2,85
100567,2,5,0,0,141
100567,3,9,0,0,241
100567,4,3,2,0,88
100567,5,5,0,2,99
100567,6,8,1,1,176
100567,7,4,0,0,93
100567,8,6,0,1,191
100567,9,9,2,1,222
100567,10,8,0,1,203
100567,11,6,2,0,134
100567,12,4,1,3,111
100567,13,5,1,2,133
100567,14,7,1,3,184
100568,1,9,1,0,208
100568,2,3,0,0,50
100568,3,11,1,0,252
100568,4,4,2,0,115
100568,5,7,0,0,186
100568,6,8,1,1,206
100568,7,3,1,0,90
100568,8,3,1,0,54
100568,9,6,2,3,139
100568,10,5,0,0,98
100569,1,1,0,0,10
100569,2,13,0,0,311
100569,3,6,0,0,171
100569,4,2,0,1,50
100569,5,4,1,1,118
100569,6,0,0,0,28
100569,7,5,1,0,135
100569,8,6,1,1,175
100569,9,9,1,0,235
100569,10,8,1,0,272
100569,11,7,1,1,179
100569,12,4,0,2,100
100569,13,3,1,0,119
100569,14,4,0,0,95
100570,1,3,0,2,44
100570,2,6,0,0,125
100570,3,8,1,1,226
100570,4,10,0,0,234
100570,5,7,0,0,181
100570,6,5,1,1,132
100570,7,13,1,0,319
100570,8,8,2,1,167
100570,9,8,1,0,203
100570,10,7,1,3,175
100570,11,8,0,2,220
100570,12,6,1,0,153
100570,13,4,1,0,79
100570,14,1,0,2,20
100571,1,4,0,1,136
100571,2,3,1,1,45
100571,3,2,0,0,38
100571,4,1,1,0,15
100571,5,2,0,0,81
100571,6,5,0,1,153
100571,7,1,1,1,59
100571,8,3,1,0,51
100571,9,3,0,0,69
100571,10,0,0,1,0
100571,11,3,0,0,80
100571,12,1,0,1,53
100571,13,2,0,0,52
100571,14,4,0,1,93
100572,1,1,0,0,0
100572,2,1,0,0,14
100572,3,1,0,0,56
100572,4,2,1,0,45
100572,5,2,0,0,68
100572,6,0,0,1,0
100572,7,2,0,0,39
100572,8,4,0,0,87
100572,9,0,0,0,0
100572,10,0,0,0,12
100572,11,0,0,0,0
100572,12,1,0,0,64
100572,13,0,0,0,0
100572,14,0,0,1,0
100573,1,3,1,0,92
100573,2,4,0,1,133
100573,3,6,1,0,151
100573,4,5,0,0,134
100573,5,3,1,2,72
100573,6,2,1,0,43
100573,7,7,1,0,183
100573,8,3,1,1,82
100573,9,3,0,1,72
100573,10,8,0,2,227
100573,11,8,0,1,215
100573,12,8,0,1,172
100573,13,2,1,1,59
100573,14,5,1,1,126
100574,1,8,0,0,210
100574,2,11,1,1,300
100574,3,4,0,3,99
100574,4,9,1,2,232
100574,5,6,1,0,162
100574,6,5,1,1,77
100574,7,4,0,2,130
100574,8,3,2,0,69
100574,9,7,0,3,181
100574,10,3,1,0,78
100574,11,7,1,1,197
100574,12,13,1,1,337
100574,13,9,0,1,227
100574,14,4,1,0,91
100575,1,9,0,4,237
100575,2,6,0,2,168
100575,3,5,0,1,162
100575,4,4,1,1,99
100575,5,11,0,1,235
100575,6,4,1,1,77
100575,7,6,1,2,137
100575,8,8,0,0,224
100575,9,2,0,3,36
100575,10,9,0,0,232
100575,11,7,1,0,178
100575,12,8,1,1,190
100575,13,10,1,0,285
100575,14,5,1,0,116
100576,1,10,0,2,241
100576,2,11,1,0,304
100576,3,8,0,1,252
100576,4,10,1,2,260
100576,5,8,1,0,207
100576,6,9,1,1,245
100576,7,10,0,2,243
100576,8,8,0,3,201
100576,9,11,1,0,265
100576,10,8,2,1,210
100576,11,7,0,0,181
100576,12,8,0,0,190
100576,13,13,0,1,338
100576,14,8,2,0,199
100577,1,2,0,0,63
100577,2,1,0,1,33
100577,3,3,0,0,65
100577,4,1,0,1,36
100577,5,2,0,0,61
100577,6,2,0,0,56
100577,7,3,1,0,100
100577,8,3,0,0,71
100577,9,4,1,0,101
100577,10,4,1,1,91
100577,11,2,0,0,53
100577,12,3,0,1,87
100577,13,2,0,0,77
100577,14,2,0,1,35
100578,1,7,1,1,178
100578,2,6,0,1,171
100578,3,6,0,3,160
100578,4,10,1,0,246
100578,5,2,0,1,65
100578,6,6,1,0,112
100578,7,3,0,1,82
100578,8,7,0,1,179
100578,9,6,0,2,157
100578,10,5,0,0,121
100578,11,6,0,0,111
100578,12,2,1,2,47
100578,13,7,1,0,181
100578,14,9,0,0,252
100579,1,7,1,0,192
100579,2,6,0,0,169
100579,3,7,1,1,191
100579,4,2,0,2,34
100579,5,0,0,2,12
100579,6,7,2,0,180
100579,7,8,2,0,179
100579,8,9,0,0,224
100579,9,6,1,1,126
100579,10,5,1,0,126
100579,11,7,1,0,181
100579,12,7,1,0,151
100579,13,4,0,1,105
100579,14,3,1,0,85
100580,1,7,1,0,176
100580,2,6,1,1,163
100580,3,7,0,1,195
100580,4,6,1,0,190
100580,5,2,2,0,42
100580,6,5,0,0,138
100580,7,10,0,0,260
100580,8,8,0,0,221
100580,9,6,1,2,158
100580,10,6,1,2,133
100580,11,4,0,1,125
100580,12,5,1,0,132
100580,13,8,0,1,208
100580,14,7,0,0,171
100581,1,4,1,1,98
100581,2,1,0,0,0
100581,3,2,0,0,44
100581,4,6,1,0,173
100581,5,3,0,0,96
100581,6,4,0,0,121
100581,7,6,0,0,135
100581,8,5,0,0,139
100581,9,3,0,2,94
100581,10,1,2,0,40
100581,11,4,0,0,113
100581,12,0,2,0,0
100581,13,4,0,1,81
100581,14,3,0,1,80
100582,1,5,2,0,118
100582,2,5,0,1,154
100582,3,4,1,2,86
100582,4,4,0,1,92
100582,5,5,2,1,144
100582,6,9,0,1,236
100582,7,6,1,3,142
100582,8,6,1,0,171
100582,9,7,1,0,194
100582,10,8,1,1,229
100582,11,5,2,1,121
100582,12,16,0,3,402
100582,13,4,0,0,102
100582,14,12,0,1,308
100583,1,3,0,1,116
100583,2,7,0,0,203
100583,3,2,1,2,25
100583,4,3,1,2,97
100583,5,5,0,0,139
100583,6,1,0,0,22
100583,7,6,0,0,152
100583,8,1,0,0,47
100583,9,1,0,0,30
100583,10,2,0,2,55
100583,11,1,0,0,42
100583,12,3,0,0,81
100583,13,2,1,0,26
100583,14,0,0,1,0
100584,1,2,0,0,84
100584,2,0,0,0,0
100584,3,2,0,0,40
100584,4,3,0,0,66
100584,5,0,0,0,11
100584,6,1,0,0,39
100584,7,1,0,0,65
100584,8,1,0,0,0
100584,9,0,0,0,18
100584,10,0,0,0,0
100584,11,0,0,0,6
100584,12,0,0,1,26
100584,13,1,0,0,1
100584,14,1,0,1,25
100585,1,6,1,2,153
100585,2,6,2,1,171
100585,3,2,1,0,58
100585,4,8,0,1,200
100585,5,5,0,1,143
100585,6,3,1,0,93
100585,7,2,0,1,63
100585,8,4,0,0,85
100585,9,8,0,0,187
100585,10,5,0,0,145
100585,11,5,1,1,111
100585,12,3,0,1,86
100585,13,2,1,0,64
100586,1,5,1,2,102
100586,2,7,0,0,191
100586,3,1,1,0,39
100586,4,3,0,1,77
100586,5,2,1,1,12
100586,6,5,1,1,134
100586,7,5,0,0,133
100586,8,1,0,0,30
100586,9,4,0,0,108
100586,10,3,0,1,87
100587,1,1,1,0,30
100587,2,3,0,2,72
100587,3,6,1,0,179
100587,4,4,2,1,116
100587,5,3,1,1,75
100587,6,2,0,1,52
100587,7,5,1,0,142
100587,8,10,0,1,240
100587,9,2,0,0,27
100587,10,6,1,0,150
100587,11,3,0,1,83
100587,12,3,1,1,97
100587,13,4,1,0,75
100587,14,2,0,2,51
100588,1,5,0,0,111
100588,2,4,0,0,96
100588,3,6,0,1,165
100588,4,2,1,0,46
100588,5,2,0,1,42
100588,6,3,0,1,94
100588,7,2,0,0,55
100588,8,1,0,0,25
100588,9,3,0,0,51
100588,10,0,0,1,16
100588,11,1,0,0,18
100588,12,0,0,0,0
100588,13,0,0,0,0
100588,14,0,0,0,31
100589,1,3,1,0,79
100589,2,2,0,2,27
100589,3,5,0,0,140
100589,4,8,2,2,218
100589,5,2,1,1,39
100589,6,3,0,2,66
100589,7,9,1,1,209
100589,8,9,1,0,226
100589,9,5,1,1,137
100589,10,2,0,1,58
100589,11,4,1,0,116
100589,12,0,0,0,0
100589,13,5,0,1,164
100589,14,7,1,0,217
100590,1,1,0,0,47
100590,2,2,0,0,35
100590,3,1,0,0,50
100590,4,0,0,0,6
100590,5,3,0,0,52
100590,6,1,0,1,34
100590,7,0,0,0,0
100590,8,0,0,0,8
100590,9,1,0,0,52
100590,10,0,0,0,0
100590,11,1,0,0,23
100590,12,0,0,0,0
100590,13,0,0,0,20
100590,14,0,0,0,0
100591,1,4,0,1,87
100591,2,1,0,0,20
100591,3,3,0,2,115
100591,4,3,0,0,65
100591,5,2,0,0,58
100591,6,5,0,0,165
100591,7,1,0,0,46
100591,8,3,0,0,99
100591,9,1,0,0,53
100591,10,0,0,0,28
100591,11,0,0,0,0
100591,12,2,0,0,75
100591,13,0,1,0,0
100591,14,0,0,0,22
100592,1,5,1,0,147
100592,2,7,1,1,180
100592,3,1,0,0,42
100592,4,2,1,0,26
100592,5,7,0,0,176
100592,6,5,1,0,139
100592,7,7,0,0,198
100592,8,6,1,0,153
100592,9,3,1,1,70
100592,10,8,1,0,185
100592,11,1,0,1,47
100592,12,3,2,1,67
100592,13,5,0,0,131
100592,14,5,0,1,133
100593,1,3,0,0,55
100593,2,3,0,0,54
100593,3,0,0,0,12
100593,4,1,0,0,41
100593,5,2,1,0,54
100593,6,3,0,0,95
100593,7,1,0,0,5
100593,8,2,0,0,63
100593,9,3,0,1,52
100593,10,1,0,0,19
100593,11,0,0,0,23
100593,12,1,0,0,60
100593,13,0,0,0,6
100593,14,0,0,0,1
100594,1,1,0,0,10
100594,2,2,0,0,37
100594,3,0,0,2,20
100594,4,4,1,1,78
100594,5,2,0,0,22
100594,6,1,0,1,21
100594,7,3,0,1,70
100594,8,3,0,0,54
100594,9,1,0,1,14
100594,10,2,0,0,26
100594,11,3,1,1,98
100594,12,2,1,0,79
100594,13,2,0,0,70
100594,14,2,0,0,69
100595,1,3,1,1,53
100595,2,1,1,0,45
100595,3,2,0,1,64
100595,4,2,1,1,32
100595,5,2,0,0,30
100595,6,2,1,1,91
100595,7,2,0,0,55
100595,8,2,0,0,40
100595,9,4,0,0,75
100595,10,1,0,1,21
100595,11,2,0,0,34
100595,12,1,0,0,9
100595,13,0,0,1,0
100595,14,5,1,1,114
100596,1,4,0,0,129
100596,2,3,0,0,93
100596,3,4,0,1,89
100596,4,3,1,0,86
100596,5,3,1,2,88
100596,6,3,1,3,100
100596,7,5,0,1,122
100596,8,2,0,0,29
100596,9,6,1,2,160
100596,10,2,0,1,63
100596,11,5,0,3,116
100596,12,4,0,0,94
100596,13,7,0,0,163
100596,14,7,0,1,210
100597,1,1,0,0,18
100597,2,0,0,0,36
100597,3,2,0,0,46
100597,4,0,0,0,0
100597,5,3,0,0,57
100597,6,0,0,0,13
100597,7,0,0,0,0
100597,8,0,0,0,23
100597,9,4,0,0,87
100597,10,0,1,0,0
100597,11,2,0,0,45
100597,12,1,0,0,11
100597,13,0,0,0,19
100597,14,0,0,0,0
100598,1,4,1,1,116
100598,2,3,0,0,66
100598,3,0,0,0,0
100598,4,4,2,0,120
100598,5,2,0,0,62
100598,6,5,1,0,133
100598,7,6,1,1,133
100598,8,3,0,0,63
100598,9,2,1,0,34
100598,10,6,0,1,150
100598,11,3,1,0,60
100598,12,0,0,0,0
100598,13,3,1,0,101
100598,14,3,1,1,66
100599,1,5,1,1,141
100599,2,1,0,0,17
100599,3,2,0,0,59
100599,4,2,0,0,49
100599,5,3,0,0,79
100599,6,6,0,0,131
100599,7,0,0,2,0
100599,8,0,1,0,0
100599,9,3,2,1,68
100599,10,2,0,0,33
100599,11,0,1,0,0
100599,12,1,0,0,0
100599,13,3,0,1,34
100599,14,0,0,0,23
100600,1,2,0,1,79
100600,2,5,0,1,94
100600,3,0,0,1,0
100600,4,3,0,1,101
100600,5,1,0,0,26
100600,6,1,0,0,45
100600,7,5,0,0,127
100600,8,5,0,0,109
100600,9,2,0,1,82
100600,10,1,0,0,0
100600,11,1,0,1,22
100600,12,1,0,0,55
100600,13,3,0,1,82
100600,14,1,0,0,19
100601,1,5,0,0,126
100601,2,12,1,3,312
100601,3,10,0,0,241
100601,4,12,1,0,317
100601,5,9,0,0,251
100601,6,9,0,0,259
100601,7,9,0,2,260
100601,8,5,1,0,156
100601,9,10,1,2,238
100601,10,10,2,0,242
100601,11,8,1,1,195
100601,12,9,1,3,239
100601,13,6,2,1,149
100601,14,7,2,1,175
100602,1,7,1,0,158
100602,2,2,0,2,47
100602,3,3,2,1,95
100602,4,5,1,0,171
100602,5,7,2,1,213
100602,6,6,0,0,175
100602,7,15,1,1,381
100602,8,11,1,3,303
100602,9,6,1,0,167
100602,10,8,0,2,222
100602,11,7,1,0,185
100602,12,10,2,1,243
100602,13,8,1,0,212
100602,14,9,1,1,227
100603,1,5,0,0,147
100603,2,5,1,1,127
100603,3,3,0,0,61
100603,4,7,0,0,192
100603,5,4,0,0,100
100603,6,5,0,0,159
100603,7,3,1,0,64
100603,8,5,0,0,132
100603,9,6,0,1,164
100604,1,5,0,0,127
100604,2,9,0,0,288
100604,3,3,1,1,55
100604,4,7,2,0,186
100604,5,10,0,0,283
100604,6,9,0,0,259
100604,7,7,1,0,169
100604,8,10,0,1,232
100604,9,4,1,1,99
100604,10,5,1,0,128
100604,11,4,0,2,108
100604,12,3,0,1,62
100604,13,4,2,1,111
100604,14,6,0,1,176
100605,1,3,0,1,81
100605,2,2,0,1,81
100605,3,5,2,1,106
100605,4,0,1,0,5
100605,5,6,1,0,132
100605,6,1,0,0,18
100605,7,1,0,0,12
100605,8,3,1,0,88
100605,9,2,1,0,35
100605,10,2,0,0,53
100605,11,9,1,0,226
100605,12,3,0,0,72
100605,13,3,0,1,48
100605,14,3,1,2,99
100606,1,4,0,0,102
100606,2,5,2,0,147
100606,3,2,1,0,50
100606,4,4,1,1,81
100606,5,1,1,1,21
100606,6,1,0,0,33
100606,7,5,0,1,127
100606,8,3,1,0,85
100606,9,3,0,0,83
100606,10,5,0,0,127
100606,11,5,0,1,129
100606,12,3,0,0,106
100606,13,5,1,0,124
100606,14,4,0,1,115
100607,1,5,0,1,121
100607,2,3,1,0,55
100607,3,1,0,1,58
100607,4,6,0,0,150
100607,5,3,0,1,63
100607,6,10,0,2,241
100607,7,6,2,0,134
100607,8,5,0,1,127
100607,9,5,0,0,126
100607,10,5,1,2,141
100607,11,8,0,0,209
100607,12,5,0,1,104
100607,13,1,0,1,34
100607,14,1,0,2,37
100608,1,3,0,0,91
100608,2,3,0,0,77
100608,3,3,0,0,83
100608,4,3,0,0,71
100608,5,4,0,0,93
100608,6,2,0,0,31
100608,7,2,0,1,44
100608,8,2,1,1,37
100608,9,3,0,0,79
100608,10,3,1,1,63
100608,11,7,0,0,204
100608,12,3,1,0,42
100608,13,2,0,0,64
100608,14,2,0,0,37
100609,1,5,1,3,115
100609,2,10,1,0,214
100609,3,7,2,1,218
100609,4,10,0,1,231
100609,5,8,1,2,214
100609,6,6,0,1,169
100609,7,9,0,1,237
100609,8,8,1,1,187
100609,9,17,0,1,435
100609,10,2,0,1,37
100609,11,5,1,5,155
100609,12,9,1,1,189
100609,13,8,1,4,197
100609,14,9,1,1,208
100610,1,0,0,0,0
100610,2,1,0,2,43
100610,3,2,0,1,65
100610,4,5,0,1,131
100610,5,2,0,0,53
100610,6,2,0,0,76
100610,7,2,0,0,42
100610,8,2,0,0,43
100610,9,1,0,2,14
100610,10,0,0,0,19
100610,11,2,0,0,42
100610,12,3,0,0,82
100610,13,0,0,0,0
100610,14,0,0,0,4
100611,1,9,0,0,205
100611,2,2,2,1,33
100611,3,8,0,1,218
100611,4,7,1,0,180
100611,5,4,1,1,120
100611,6,3,1,0,99
100611,7,4,0,2,85
100611,8,3,0,1,75
100611,9,5,2,2,129
100612,1,2,0,0,56
100612,2,3,1,0,65
100612,3,3,1,0,102
100612,4,4,0,0,129
100612,5,7,1,0,185
100612,6,2,0,0,53
100612,7,3,0,1,67
100612,8,1,0,0,23
100612,9,4,0,1,83
100612,10,3,1,0,58
100612,11,4,1,0,116
100612,12,3,0,0,61
100612,13,3,0,1,82
100612,14,1,0,0,37
100613,1,11,1,0,285
100613,2,8,0,2,189
100613,3,7,0,1,169
100613,4,11,1,3,290
100613,5,8,1,1,206
100613,6,12,0,3,306
100613,7,10,1,1,248
100613,8,17,0,0,449
100613,9,10,1,1,246
100613,10,3,2,0,75
100613,11,5,0,2,133
100613,12,12,1,2,360
100613,13,7,1,2,141
100613,14,13,1,2,360
100614,1,8,1,1,211
100614,2,3,0,0,51
100614,3,4,0,0,100
100614,4,6,1,1,164
100614,5,9,1,0,222
100614,6,1,0,2,11
100614,7,9,0,0,208
100614,8,4,0,0,94
100614,9,11,0,0,252
100614,10,5,0,3,105
100614,11,10,0,2,251
100614,12,7,1,0,165
100614,13,7,0,3,184
100614,14,9,0,0,213
100615,1,2,0,0,52
100615,2,0,0,0,18
100615,3,2,0,0,56
100615,4,0,0,0,0
100615,5,0,0,0,0
100615,6,0,0,0,24
100615,7,0,0,0,0
100615,8,0,0,0,0
100615,9,1,0,1,21
100615,10,3,1,0,122
100615,11,1,0,0,40
100616,1,5,0,2,143
100616,2,10,0,2,264
100616,3,4,1,1,97
100616,4,14,2,0,351
100616,5,4,0,1,98
100616,6,7,1,1,169
100616,7,2,0,2,41
100616,8,4,0,0,93
100616,9,7,0,3,170
100616,10,13,1,2,359
100616,11,6,2,0,147
100617,1,2,1,0,29
100617,2,6,1,0,174
100617,3,10,0,0,247
100617,4,5,0,1,157
100617,5,4,0,1,112
100617,6,6,2,0,152
100617,7,4,0,2,116
100617,8,4,0,0,97
100617,9,4,0,1,109
100617,10,6,1,0,134
100617,11,7,1,0,188
100617,12,4,0,0,91
100617,13,4,1,0,108
100617,14,4,0,2,102
100618,1,4,0,0,106
100618,2,4,0,0,39
100618,3,7,0,0,163
100618,4,4,0,2,68
100618,5,6,0,2,147
100618,6,5,0,0,111
100618,7,3,0,0,83
100618,8,5,0,1,137
100618,9,5,1,0,104
100618,10,6,1,1,150
100618,11,2,0,0,47
100618,12,5,0,0,105
100618,13,3,0,1,88
100618,14,5,1,0,133
100619,1,6,2,0,146
100619,2,7,0,1,169
100619,3,9,0,1,238
100619,4,3,1,0,87
100619,5,6,1,1,126
100619,6,2,2,0,40
100619,7,7,1,2,185
100619,8,6,0,1,180
100619,9,6,0,1,164
100619,10,4,1,1,84
100619,11,6,1,0,152
100619,12,10,1,0,260
100619,13,5,0,0,148
100619,14,8,0,2,246
100620,1,5,1,1,144
100620,2,6,0,1,163
100620,3,5,1,0,142
100620,4,4,0,1,106
100620,5,7,0,1,187
100620,6,5,1,1,138
100620,7,10,0,0,244
100620,8,5,0,1,127
100620,9,7,0,1,239
100620,10,7,2,1,166
100620,11,5,0,1,134
100620,12,6,2,0,167
100620,13,7,0,2,198
100620,14,7,1,0,165
100621,1,5,0,1,121
100621,2,4,1,0,100
100621,3,6,0,0,162
100621,4,7,1,1,165
100621,5,8,1,0,210
100621,6,13,1,0,358
100621,7,4,0,2,94
100621,8,2,0,1,58
100621,9,7,0,1,170
100621,10,8,1,1,215
100621,11,8,0,0,225
100621,12,6,0,0,163
100621,13,4,0,0,113
100621,14,5,0,4,136
100622,1,6,0,0,167
100622,2,5,0,0,113
100622,3,3,0,1,37
100622,4,5,1,1,135
100622,5,5,0,0,152
100622,6,5,0,2,137
100622,7,2,0,2,44
100622,8,3,1,1,88
100622,9,4,0,0,87
100622,10,3,0,0,79
100622,11,7,1,0,171
100622,12,4,2,0,104
100622,13,2,0,2,22
100622,14,7,0,0,179
100623,1,2,0,0,44
100623,2,2,0,0,49
100623,3,2,0,0,51
100623,4,4,0,0,73
100623,5,1,0,0,0
100623,6,1,0,0,68
100623,7,4,0,1,111
100623,8,2,0,0,77
100623,9,6,0,1,151
100623,10,3,1,0,109
100623,11,4,0,1,97
100623,12,2,1,0,53
100623,13,4,1,0,100
100624,1,3,0,1,73
100624,2,2,0,0,78
100624,3,3,0,0,63
100624,4,5,1,0,111
100624,5,1,0,0,31
100624,6,4,0,0,111
100624,7,8,1,1,211
100624,8,3,0,0,94
100624,9,2,0,1,50
100624,10,1,1,0,29
100624,11,7,1,0,160
100624,12,7,0,0,171
100624,13,0,0,1,1
100624,14,2,0,0,43
100625,1,14,2,4,341
100625,2,13,2,1,347
100625,3,18,2,0,458
100625,4,9,0,2,230
100625,5,10,0,1,237
100625,6,5,2,0,142
100625,7,17,1,2,416
100625,8,5,1,1,126
100625,9,10,0,2,282
100625,10,8,2,2,208
100625,11,14,0,0,378
100625,12,4,2,1,116
100625,13,7,1,2,190
100625,14,13,2,1,341
100626,1,4,0,3,129
100626,2,1,0,3,30
100626,3,5,0,0,102
100626,4,3,0,2,57
100626,5,3,0,0,69
100626,6,1,1,0,30
100626,7,2,1,1,72
100626,8,4,0,0,115
100626,9,6,1,0,155
100626,10,5,0,2,90
100626,11,2,0,0,58
100626,12,2,0,1,52
100626,13,3,0,1,101
100626,14,6,0,0,158
100627,1,1,0,0,10
100627,2,3,0,1,50
100627,3,4,0,0,115
100627,4,4,1,2,79
100627,5,1,0,0,13
100627,6,0,0,1,0
100627,7,2,0,1,41
100627,8,1,0,1,0
100627,9,2,1,0,58
100627,10,2,0,0,60
100627,11,4,0,0,69
100627,12,0,0,1,0
100627,13,2,0,0,51
100627,14,7,0,0,174
100628,1,3,0,0,86
100628,2,4,0,0,118
100628,3,3,0,0,45
100628,4,2,0,0,54
100628,5,2,0,0,41
100628,6,2,0,0,12
100628,7,1,0,0,36
100628,8,0,0,0,0
100628,9,2,0,0,48
100628,10,1,0,1,62
100628,11,2,0,0,93
100628,12,0,0,0,0
100628,13,1,1,0,54
100628,14,0,0,0,31
100629,1,10,1,0,296
100629,2,9,2,0,226
100629,3,4,1,0,69
100629,4,6,1,0,160
100629,5,6,0,0,157
100629,6,4,1,1,111
100629,7,10,2,1,247
100629,8,9,0,0,238
100629,9,5,1,0,148
100629,10,9,0,2,278
100629,11,7,0,0,184
100629,12,4,0,0,101
100629,13,7,1,3,183
100629,14,4,2,0,129
100630,1,4,1,2,113
100630,2,5,0,0,141
100630,3,1,0,1,61
100630,4,2,1,0,58
100630,5,2,1,2,41
100630,6,1,0,0,56
100630,7,4,1,1,130
100630,8,4,0,1,115
100630,9,3,1,1,33
100630,10,5,1,0,106
100630,11,2,0,0,48
100630,12,4,1,1,81
100630,13,2,0,0,34
100630,14,4,1,0,86
100631,1,3,0,0,71
100631,2,3,0,0,95
100631,3,9,1,0,259
100631,4,6,0,0,172
100631,5,3,2,0,85
100631,6,2,0,0,76
100631,7,5,0,0,134
100631,8,2,1,0,59
100631,9,2,1,0,48
100631,10,6,2,0,144
100631,11,5,0,1,109
100631,12,7,0,0,165
100631,13,3,1,1,68
100631,14,5,1,0,130
100632,1,5,1,0,121
100632,2,6,0,2,153
100632,3,6,1,0,169
100632,4,4,1,1,105
100632,5,8,0,0,189
100632,6,4,1,0,142
100632,7,8,2,0,217
100632,8,7,0,1,185
100632,9,9,0,0,211
100632,10,2,0,1,47
100632,11,3,1,1,84
100632,12,5,0,0,120
100633,1,7,1,0,179
100633,2,5,0,0,135
100633,3,2,0,1,52
100633,4,6,1,1,175
100633,5,7,1,1,193
100633,6,7,1,0,221
100633,7,2,1,0,49
100633,8,6,0,2,169
100633,9,8,1,1,215
100633,10,3,1,1,64
100633,11,8,0,1,220
100633,12,5,0,1,116
100633,13,11,2,1,311
100633,14,10,1,0,277
100634,1,5,0,0,105
100634,2,5,0,0,113
100634,3,1,0,0,53
100634,4,1,0,0,46
100634,5,1,0,0,20
100634,6,0,0,0,0
100634,7,0,0,0,0
100634,8,5,0,0,112
100634,9,0,0,0,0
100634,10,2,0,0,43
100634,11,2,0,0,55
100634,12,1,0,0,0
100634,13,1,0,0,21
100634,14,0,0,0,0
100635,1,4,0,0,116
100635,2,5,0,0,134
100635,3,1,1,1,56
100635,4,5,0,0,96
100635,5,7,0,0,176
100635,6,4,0,0,114
100635,7,3,0,0,72
100635,8,3,0,0,80
100635,9,7,0,0,200
100635,10,5,0,1,106
100635,11,6,1,1,153
100635,12,6,0,1,152
100635,13,5,0,1,136
100635,14,7,2,0,162
100636,1,2,1,0,81
100636,2,1,1,1,23
100636,3,3,0,0,63
100636,4,4,0,0,101
100636,5,2,0,1,10
100636,6,2,0,1,80
100636,7,0,0,0,10
100636,8,0,1,0,0
100636,9,0,1,1,0
100636,10,2,0,1,56
100636,11,5,0,0,133
100636,12,1,1,0,30
100636,13,0,0,0,22
100636,14,0,0,1,0
100637,1,2,1,0,71
100637,2,3,0,0,85
100637,3,1,1,0,19
100637,4,4,0,1,106
100637,5,4,0,0,97
100637,6,4,0,0,93
100637,7,3,0,0,66
100637,8,0,0,0,0
100637,9,1,0,0,40
100637,10,3,0,1,77
100637,11,1,0,0,47
100637,12,3,0,0,89
100638,1,1,1,0,43
100638,2,2,0,0,42
100638,3,8,1,2,246
100638,4,3,1,2,57
100638,5,6,0,2,148
100638,6,3,0,0,77
100638,7,3,1,0,85
100638,8,4,0,0,105
100638,9,6,1,2,144
100638,10,4,0,2,88
100638,11,6,0,1,149
100638,12,4,1,0,104
100638,13,1,0,1,53
100638,14,3,0,1,64
100639,1,11,0,0,304
100639,2,7,1,0,202
100639,3,8,1,0,175
100639,4,8,0,1,183
100639,5,4,1,0,116
100639,6,12,1,1,330
100639,7,7,0,1,167
100639,8,10,1,1,250
100639,9,13,0,0,323
100639,10,6,0,2,107
100639,11,6,1,1,128
100639,12,7,0,6,186
100639,13,11,1,0,303
100639,14,6,0,0,167
100640,1,2,1,0,73
100640,2,4,0,0,101
100640,3,2,0,0,60
100640,4,4,0,0,85
100640,5,4,1,0,119
100640,6,4,0,0,89
100640,7,3,1,0,57
100640,8,5,1,0,152
100640,9,7,0,0,173
100640,10,2,0,1,45
100640,11,4,0,2,111
100640,12,5,0,1,133
100640,13,3,0,1,76
100640,14,6,1,0,144
100641,1,9,1,2,271
100641,2,23,1,2,577
100641,3,7,1,2,189
100641,4,23,0,1,577
100641,5,15,2,1,386
100641,6,10,2,2,267
100641,7,12,2,0,325
100641,8,10,2,1,300
100641,9,11,1,1,319
100641,10,9,2,1,241
100641,11,13,2,3,315
100641,12,8,2,1,173
100641,13,9,2,0,215
100641,14,15,1,1,409
100642,1,9,2,1,232
100642,2,4,2,1,117
100642,3,6,1,1,113
100642,4,10,1,1,276
100642,5,14,0,2,346
100642,6,9,1,2,239
100642,7,8,2,2,236
100642,8,5,2,0,138
100642,9,5,0,1,155
100642,10,14,1,0,365
100642,11,17,1,0,444
100642,12,10,1,1,290
100642,13,13,1,0,333
100642,14,8,1,0,206
100643,1,6,1,1,171
100643,2,1,1,1,38
100643,3,3,0,0,85
100643,4,6,0,0,133
100643,5,1,0,0,43
100643,6,1,1,0,61
100643,7,2,0,1,7
100643,8,4,1,2,95
100643,9,3,0,0,130
100643,10,2,1,0,67
100643,11,6,1,0,158
100643,12,1,1,0,55
100643,13,4,1,3,97
100643,14,0,0,0,0
100644,1,2,0,0,32
100644,2,1,0,0,0
100644,3,5,0,0,138
100644,4,1,1,0,30
100644,5,1,0,0,23
100644,6,1,0,0,20
100644,7,1,0,0,23
100644,8,0,1,0,19
100644,9,0,0,0,0
100644,10,0,0,0,9
100644,11,0,0,0,4
100644,12,0,0,0,34
100644,13,1,0,0,0
100644,14,0,0,0,0
100645,1,6,0,2,133
100645,2,5,0,0,131
100645,3,5,0,0,114
100645,4,3,0,0,55
100645,5,1,1,0,48
100645,6,2,0,0,37
100645,7,2,1,0,41
100645,8,5,0,0,123
100645,9,2,0,0,40
100645,10,2,1,0,74
100645,11,2,0,0,38
100645,12,2,0,1,78
100645,13,6,0,0,148
100645,14,1,0,0,39
100646,1,2,0,1,83
100646,2,5,0,0,147
100646,3,3,0,0,59
100646,4,1,0,0,42
100646,5,1,0,0,25
100646,6,4,0,0,123
100646,7,1,0,1,46
100646,8,3,0,0,83
100646,9,2,0,1,17
100646,10,1,0,0,11
100646,11,1,0,1,27
100646,12,0,0,0,0
100646,13,0,0,1,0
100646,14,2,0,0,43
100647,1,2,0,1,64
100647,2,4,1,1,105
100647,3,4,0,0,105
100647,4,6,0,0,140
100647,5,4,0,1,98
100647,6,3,1,1,63
100647,7,4,0,0,99
100647,8,3,0,0,64
100647,9,2,1,1,55
100647,10,5,0,0,114
100647,11,3,1,0,92
100647,12,1,0,0,29
100647,13,0,0,0,0
100647,14,2,1,1,70
100648,1,3,1,0,88
100648,2,2,0,1,58
100648,3,4,0,0,63
100648,4,8,0,0,199
100648,5,7,0,0,196
100648,6,2,1,0,57
100648,7,1,1,1,30
100648,8,5,0,0,154
100648,9,4,0,0,136
100648,10,5,1,0,149
100648,11,6,2,0,171
100648,12,3,0,0,73
100648,13,4,0,0,122
100648,14,3,0,1,83
100649,1,4,0,0,131
100649,2,6,1,2,189
100649,3,1,1,0,23
100649,4,4,1,0,116
100649,5,5,0,0,141
100649,6,3,1,0,103
100649,7,5,0,2,145
100649,8,4,1,0,110
100649,9,6,1,0,132
100649,10,4,0,2,89
100650,1,8,1,1,197
100650,2,5,2,1,135
100650,3,2,0,0,58
100650,4,5,1,1,104
100650,5,2,1,0,83
100650,6,6,0,0,129
100650,7,12,0,0,310
100650,8,6,1,0,159
100650,9,7,1,0,203
100650,10,5,0,1,135
100650,11,3,0,1,83
100650,12,4,1,0,91
100650,13,10,1,1,223
100650,14,2,1,0,42
100651,1,11,0,1,239
100651,2,6,0,1,147
100651,3,2,1,1,48
100651,4,7,0,1,197
100651,5,11,0,1,299
100651,6,8,1,3,200
100651,7,5,0,0,122
100651,8,5,0,2,154
100651,9,7,0,0,177
100651,10,5,0,1,142
100651,11,2,1,3,44
100651,12,7,1,0,176
100651,13,4,1,0,131
100651,14,4,0,1,106
100652,1,5,0,3,145
100652,2,9,1,2,225
100652,3,7,0,3,182
100652,4,8,0,0,198
100652,5,4,0,0,111
100652,6,5,1,0,152
100652,7,6,2,1,118
100652,8,4,1,0,119
100652,9,10,1,0,277
100652,10,3,0,0,91
100652,11,7,0,1,165
100652,12,7,2,0,194
100652,13,10,0,0,291
100652,14,1,1,1,32
100653,1,5,1,1,138
100653,2,6,0,0,173
100653,3,5,1,1,109
100653,4,5,1,2,152
100653,5,6,1,2,136
100653,6,11,1,0,279
100653,7,3,1,3,70
100653,8,7,0,2,196
100653,9,4,1,1,125
100653,10,4,1,0,117
100653,11,7,1,0,164
100653,12,8,0,1,182
100653,13,5,0,0,137
100653,14,6,0,0,174
100654,1,3,1,0,43
100654,2,3,0,1,120
100654,3,6,0,1,133
100654,4,7,1,0,184
100654,5,3,0,0,68
100654,6,1,1,0,42
100654,7,3,1,0,119
100654,8,8,0,1,236
100654,9,5,0,0,121
100654,10,4,1,0,87
100654,11,7,1,1,162
100654,12,6,0,1,176
100654,13,3,0,1,71
100654,14,5,1,0,131
100655,1,2,0,1,48
100655,2,3,0,1,114
100655,3,1,0,2,8
100655,4,4,0,0,123
100655,5,3,0,2,83
100655,6,2,1,0,44
100655,7,2,1,0,34
100655,8,2,0,0,43
100655,9,1,1,1,19
100655,10,4,0,1,92
100655,11,3,1,2,49
100655,12,3,0,0,61
100655,13,1,1,0,32
100655,14,1,0,1,39
100656,1,0,0,0,0
100656,2,0,0,0,0
100656,3,3,0,0,96
100656,4,0,0,0,0
100656,5,0,0,0,5
100656,6,1,0,0,21
100656,7,1,0,0,23
100656,8,0,0,1,19
100656,9,0,0,0,7
100656,10,0,0,0,0
100656,11,0,0,0,0
100656,12,0,0,0,16
100656,13,0,1,0,0
100656,14,0,0,0,0
100657,1,8,2,1,216
100657,2,7,1,0,213
100657,3,10,1,0,240
100657,4,5,0,1,108
100657,5,5,1,1,126
100657,6,4,0,1,95
100657,7,3,0,0,87
100657,8,8,0,0,227
100657,9,7,0,0,159
100657,10,5,1,0,137
100657,11,3,0,1,111
100657,12,5,1,1,94
100657,13,5,2,0,133
100657,14,3,0,0,76
100658,1,4,1,1,98
100658,2,5,0,0,131
100658,3,4,0,0,86
100658,4,2,0,0,76
100658,5,6,0,0,159
100658,6,2,0,0,70
100658,7,3,0,0,93
100658,8,6,0,0,134
100658,9,1,0,0,46
100658,10,2,0,0,24
100658,11,5,0,0,112
100658,12,1,0,2,11
100658,13,0,0,1,7
100658,14,0,0,0,4
100659,1,3,0,0,56
100659,2,5,0,0,133
100659,3,2,1,1,21
100659,4,1,0,0,28
100659,5,2,0,0,42
100659,6,2,0,0,43
100659,7,3,0,0,66
100659,8,4,1,0,79
100659,9,3,0,0,84
100660,1,9,0,0,202
100660,2,7,0,1,163
100660,3,8,0,2,186
100660,4,6,0,0,160
100660,5,3,0,1,62
100660,6,5,1,1,128
100660,7,4,1,1,102
100660,8,5,1,0,125
100660,9,8,2,0,201
100660,10,6,1,2,152
100660,11,3,1,0,95
100660,12,5,0,1,150
100660,13,7,1,1,156
100660,14,1,1,2,0
100661,1,1,0,0,63
100661,2,1,0,1,51
100661,3,2,1,0,57
100661,4,4,0,1,99
100661,5,3,0,0,54
100661,6,2,0,1,84
100661,7,5,0,0,98
100661,8,2,1,0,66
100661,9,3,0,0,68
100661,10,5,0,0,158
100661,11,3,0,0,41
100661,12,5,0,1,163
100661,13,3,0,1,83
100661,14,5,0,2,137
100662,1,2,1,0,71
100662,2,1,0,0,52
100662,3,5,1,1,125
100662,4,0,0,0,0
100662,5,2,0,0,53
100662,6,1,0,0,23
100662,7,3,0,1,65
100662,8,3,0,0,96
100662,9,6,0,1,163
100662,10,0,0,0,8
100662,11,3,0,0,88
100662,12,3,0,0,89
100662,13,2,0,1,58
100662,14,2,0,1,35
100663,1,4,0,0,59
100663,2,2,1,1,64
100663,3,3,0,0,68
100663,4,2,0,1,39
100663,5,1,0,0,17
100663,6,4,2,2,105
100663,7,1,0,0,61
100663,8,3,0,1,76
100663,9,1,0,0,32
100663,10,1,0,0,17
100663,11,0,0,0,19
100663,12,2,0,0,47
100663,13,2,0,0,20
100663,14,3,0,0,77
100664,1,8,0,0,220
100664,2,3,0,0,81
100664,3,1,0,0,41
100664,4,2,1,0,63
100664,5,3,0,0,92
100664,6,2,0,0,55
100664,7,1,0,0,39
100664,8,3,0,0,59
100664,9,3,0,0,80
100664,10,1,0,0,34
100664,11,0,0,0,9
100664,12,3,0,0,101
100664,13,1,0,0,9
100664,14,2,0,1,38
100665,1,1,0,0,14
100665,2,2,0,0,29
100665,3,3,0,0,86
100665,4,1,0,0,0
100665,5,1,0,0,5
100665,6,4,0,0,113
100665,7,3,0,0,103
100665,8,0,0,3,20
100665,9,2,0,0,50
100665,10,0,0,0,14
100665,11,0,0,0,18
100665,12,0,0,1,0
100665,13,1,0,0,35
100665,14,1,0,0,4
100666,1,3,0,0,91
100666,2,7,0,0,196
100666,3,4,0,1,91
100666,4,6,1,0,147
100666,5,3,1,2,95
100666,6,5,0,0,132
100666,7,3,0,1,89
100666,8,2,1,0,41
100666,9,2,2,0,30
100666,10,4,0,0,93
100666,11,3,1,2,79
100666,12,4,0,1,104
100666,13,3,0,1,78
100666,14,1,0,1,12
100667,1,5,1,1,110
100667,2,9,0,2,234
100667,3,6,1,1,168
100667,4,4,2,1,90
100667,5,7,0,0,197
100667,6,3,0,0,85
100667,7,7,0,0,188
100667,8,6,1,0,165
100667,9,3,1,2,65
100667,10,4,1,0,96
100667,11,8,0,0,209
100667,12,9,1,1,217
100667,13,4,0,1,91
100667,14,8,0,1,230
100668,1,6,0,1,138
100668,2,4,0,0,92
100668,3,5,0,0,129
100668,4,6,1,1,133
100668,5,7,1,0,167
100668,6,5,1,0,129
100668,7,8,1,2,190
100668,8,6,1,0,192
100668,9,8,0,1,193
100668,10,6,1,0,166
100668,11,8,0,0,197
100668,12,9,2,0,228
100668,13,2,0,2,39
100668,14,7,1,1,156
100669,1,6,0,1,162
100669,2,5,0,0,128
100669,3,6,0,1,158
100669,4,9,1,0,215
100669,5,3,1,1,73
100669,6,8,1,1,231
100669,7,5,1,0,128
100669,8,6,0,1,126
100669,9,5,1,0,156
100669,10,8,0,0,183
100669,11,4,0,1,80
100669,12,6,1,0,166
100669,13,7,0,2,183
100669,14,8,0,0,186
100670,1,3,0,0,89
100670,2,3,0,2,87
100670,3,5,1,1,130
100670,4,1,0,0,18
100670,5,6,1,0,160
100670,6,6,0,0,168
100670,7,3,1,0,77
100670,8,3,0,0,52
100670,9,5,0,1,141
100670,10,2,0,0,62
100670,11,7,1,0,184
100670,12,4,1,1,133
100670,13,2,1,0,63
100670,14,0,0,0,1
100671,1,0,0,0,2
100671,2,2,0,0,13
100671,3,1,0,0,32
100671,4,1,0,0,8
100671,5,0,0,0,76
100671,6,0,0,0,0
100671,7,0,0,0,0
100671,8,3,0,0,75
100671,9,0,0,0,18
100671,10,1,0,0,32
100671,11,0,0,0,22
100671,12,0,0,0,6
100671,13,0,0,0,28
100671,14,1,0,0,8
100672,1,5,1,0,66
100672,2,1,1,0,22
100672,3,2,0,0,65
100672,4,1,0,0,18
100672,5,1,0,0,14
100672,6,0,1,0,0
100672,7,1,0,0,43
100672,8,2,0,0,84
100672,9,0,0,0,0
100672,10,0,0,0,14
100672,11,0,0,0,0
100672,12,0,0,0,0
100672,13,0,0,0,13
100672,14,1,0,0,32
100673,1,1,0,0,0
100673,2,4,1,1,102
100673,3,4,1,2,65
100673,4,10,1,1,260
100673,5,5,0,1,120
100673,6,1,1,0,17
100673,7,4,0,1,93
100673,8,6,0,2,152
100673,9,5,1,0,119
100673,10,4,0,0,97
100673,11,7,0,1,181
100673,12,2,0,0,90
100673,13,4,0,1,127
100673,14,5,0,0,128
100674,1,3,0,2,65
100674,2,2,0,0,47
100674,3,2,1,0,34
100674,4,5,0,0,122
100674,5,1,1,1,55
100674,6,0,0,1,6
100674,7,2,0,0,35
100674,8,3,0,0,58
100674,9,0,0,1,30
100674,10,2,0,2,17
100674,11,3,0,0,96
100674,12,4,0,0,109
100674,13,0,0,0,0
100674,14,1,0,0,27
100675,1,12,0,0,315
100675,2,2,0,0,18
100675,3,6,1,1,120
100675,4,3,0,0,63
100675,5,6,0,0,152
100675,6,6,1,1,147
100675,7,5,1,0,141
100675,8,10,0,2,272
100675,9,6,0,0,154
100675,10,8,0,1,213
100675,11,11,0,0,272
100675,12,6,0,0,154
100675,13,4,1,2,102
100675,14,9,1,0,210
100676,1,8,0,1,224
100676,2,7,0,1,140
100676,3,4,0,0,118
100676,4,10,1,0,279
100676,5,4,2,0,89
100676,6,0,0,2,18
100676,7,7,1,0,202
100676,8,6,0,0,150
100676,9,9,1,0,205
100676,10,4,1,1,82
100676,11,5,0,0,141
100676,12,3,0,0,111
100676,13,3,0,1,102
100676,14,3,0,0,36
100677,1,2,0,0,36
100677,2,0,0,0,37
100677,3,2,0,0,61
100677,4,2,0,0,14
100677,5,0,0,0,9
100677,6,1,0,0,30
100677,7,0,0,0,0
100677,8,0,0,0,0
100677,9,0,0,0,0
100677,10,0,0,0,2
100677,11,0,0,0,0
100677,12,0,0,0,0
100677,13,0,0,0,0
100677,14,0,1,1,4
100678,1,4,2,1,70
100678,2,7,1,1,184
100678,3,5,0,0,114
100678,4,4,1,1,110
100678,5,2,0,1,38
100678,6,3,1,0,63
100678,7,5,1,1,147
100678,8,7,1,1,170
100678,9,2,0,3,96
100678,10,5,0,1,147
100678,11,5,0,0,131
100678,12,4,0,0,124
100678,13,5,1,0,112
100678,14,7,1,2,190
100679,1,4,0,1,60
100679,2,4,0,0,103
100679,3,3,1,0,86
100679,4,6,1,0,195
100679,5,8,0,0,223
100679,6,3,0,0,39
100679,7,7,1,0,189
100679,8,2,1,1,50
100679,9,3,1,0,105
100679,10,5,1,1,99
100679,11,5,1,0,130
100679,12,7,0,0,206
100679,13,7,1,1,159
100679,14,4,1,0,64
100680,1,5,1,0,154
100680,2,5,0,0,133
100680,3,3,0,1,67
100680,4,4,0,0,110
100680,5,6,0,0,198
100680,6,4,1,0,99
100680,7,5,0,0,129
100680,8,5,0,0,178
100680,9,2,0,1,75
100680,10,2,0,2,65
100680,11,6,0,1,137
100680,12,5,1,0,136
100680,13,3,0,1,62
100680,14,5,0,0,149
100681,1,6,1,1,173
100681,2,11,1,1,287
100681,3,13,2,1,355
100681,4,15,1,0,389
100681,5,8,0,1,208
100681,6,6,0,0,139
100681,7,12,2,0,301
100681,8,4,1,0,111
100681,9,10,0,0,270
100681,10,6,1,2,136
100681,11,9,1,2,225
100681,12,4,0,1,107
100681,13,10,0,3,252
100681,14,12,2,2,332
100682,1,5,0,0,133
100682,2,2,1,0,73
100682,3,3,0,1,85
100682,4,3,1,0,96
100682,5,8,1,0,180
100682,6,4,0,0,145
100682,7,4,0,1,108
100682,8,3,0,0,34
100682,9,2,0,2,56
100682,10,3,0,1,55
100682,11,6,1,1,166
100682,12,3,0,0,78
100682,13,3,1,0,94
100682,14,3,0,2,80
100683,1,3,0,0,116
100683,2,3,0,0,95
100683,3,3,0,0,101
100683,4,2,0,0,65
100683,5,0,0,0,0
100683,6,1,0,0,44
100683,7,1,0,0,21
100683,8,0,0,0,10
100683,9,1,0,0,22
100683,10,1,0,0,11
100683,11,2,0,0,43
100683,12,0,1,0,7
100683,13,0,0,0,10
100683,14,0,0,0,8
100684,1,6,0,1,136
100684,2,2,0,0,30
100684,3,3,1,1,103
100684,4,1,0,0,14
100684,5,7,0,0,159
100684,6,6,0,0,135
100684,7,2,1,1,34
100684,8,3,0,1,63
100684,9,1,1,0,54
100684,10,3,1,0,54
100684,11,2,1,0,58
100684,12,8,0,1,196
100684,13,2,0,0,50
100684,14,3,0,0,61
100685,1,4,0,1,107
100685,2,9,1,0,248
100685,3,5,1,0,134
100685,4,10,0,0,275
100685,5,10,0,2,239
100685,6,6,1,2,148
100685,7,9,0,1,199
100685,8,7,0,1,175
100685,9,8,1,0,212
100685,10,9,2,0,215
100685,11,2,0,0,58
100685,12,9,0,0,240
100685,13,11,0,1,287
100685,14,9,0,1,250
100686,1,8,0,1,206
100686,2,8,0,1,209
100686,3,3,1,1,80
100686,4,7,0,0,162
100686,5,7,1,1,157
100686,6,7,0,4,195
100686,7,4,1,1,98
100686,8,10,1,0,260
100686,9,6,2,2,126
100686,10,8,0,0,235
100686,11,10,0,0,257
100686,12,10,1,0,274
100686,13,14,0,2,342
100686,14,5,1,0,130
100687,1,8,0,3,225
100687,2,12,1,1,347
100687,3,15,1,2,420
100687,4,12,1,2,289
100687,5,7,2,3,205
100687,6,5,1,1,132
100687,7,6,0,1,166
100687,8,11,1,1,308
100687,9,7,0,0,196
100687,10,10,1,1,235
100687,11,10,1,1,268
100687,12,6,0,0,173
100687,13,8,2,2,177
100687,14,15,1,1,404
100688,1,1,0,0,17
100688,2,1,0,0,1
100688,3,4,1,0,130
100688,4,3,0,0,83
100688,5,2,0,0,47
100688,6,1,0,0,21
100688,7,1,0,0,28
100688,8,1,0,0,0
100689,1,6,0,0,173
100689,2,9,0,2,230
100689,3,7,1,2,161
100689,4,6,1,1,173
100689,5,11,1,1,312
100689,6,9,1,1,233
100689,7,11,1,2,302
100689,8,7,0,0,157
100689,9,8,1,2,225
100689,10,14,1,2,350
100689,11,13,1,0,358
100689,12,12,1,4,337
100689,13,9,1,2,219
100689,14,6,0,5,132
100690,1,6,1,1,166
100690,2,6,0,0,153
100690,3,7,0,1,207
100690,4,7,0,1,206
100690,5,6,0,3,134
100690,6,1,1,0,18
100690,7,2,0,1,54
100690,8,7,0,0,162
100690,9,2,0,0,55
100690,10,6,2,2,148
100690,11,3,0,1,104
100690,12,7,1,1,187
100690,13,7,0,0,147
100690,14,5,0,0,83
100691,1,1,0,0,59
100691,2,9,0,0,246
100691,3,3,0,0,84
100691,4,5,1,0,121
100691,5,2,0,0,39
100691,6,11,0,1,263
100691,7,7,0,0,214
100691,8,5,0,0,135
100691,9,2,0,1,51
100691,10,5,0,0,140
100691,11,4,2,0,107
100691,12,1,0,2,3
100691,13,2,0,1,22
100691,14,6,1,2,161
100692,1,5,0,1,138
100692,2,3,1,0,89
100692,3,7,0,0,146
100692,4,5,0,1,151
100692,5,4,0,0,118
100692,6,1,0,0,32
100692,7,1,0,0,42
100692,8,2,1,1,57
100692,9,4,0,0,81
100692,10,5,0,0,125
100692,11,4,0,0,115
100692,12,3,0,0,87
100692,13,8,1,1,224
100692,14,9,1,1,221
100693,1,2,0,3,69
100693,2,6,0,0,161
100693,3,2,1,0,66
100693,4,4,0,0,123
100693,5,3,1,3,84
100693,6,7,1,0,200
100694,1,2,0,0,58
100694,2,6,0,1,171
100694,3,3,0,0,131
100694,4,6,1,0,134
100694,5,7,0,0,151
100694,6,5,0,0,150
100694,7,6,0,1,168
100694,8,3,0,0,106
100694,9,1,0,0,42
100694,10,4,0,1,116
100694,11,2,0,1,76
100694,12,4,0,0,116
100694,13,1,0,1,19
100694,14,2,0,0,68
100695,1,3,0,0,74
100695,2,5,1,1,117
100695,3,3,0,0,94
100695,4,4,0,0,83
100695,5,3,0,1,105
100695,6,2,0,1,28
100695,7,6,0,0,133
100695,8,1,0,0,24
100695,9,2,0,0,61
100695,10,2,0,1,53
100695,11,2,1,1,72
100695,12,0,1,2,0
100695,13,4,0,1,141
100695,14,5,0,0,130
100696,1,2,0,2,30
100696,2,6,0,1,152
100696,3,0,1,0,18
100696,4,6,0,0,156
100696,5,4,0,1,114
100696,6,3,1,0,73
100696,7,5,0,1,90
100696,8,4,0,1,114
100696,9,1,1,1,0
100696,10,3,0,1,81
100696,11,4,1,2,104
100696,12,4,1,2,90
100696,13,3,1,0,96
100696,14,5,1,0,141
100697,1,2,0,0,37
100697,2,3,0,0,35
100697,3,3,1,0,54
100697,4,1,0,0,32
100697,5,3,0,0,103
100697,6,3,0,0,62
100697,7,2,0,0,56
100697,8,3,0,0,86
100697,9,0,1,0,15
100697,10,5,0,0,123
100697,11,2,0,0,61
100697,12,2,0,0,37
100697,13,2,0,0,46
100697,14,0,1,0,16
100698,1,3,2,0,97
100698,2,2,1,0,57
100698,3,4,0,0,112
100698,4,1,0,0,20
100698,5,5,0,0,137
100698,6,2,0,1,77
100698,7,1,0,1,31
100698,8,3,0,1,99
100698,9,6,0,0,156
100698,10,6,0,0,141
100698,11,2,1,0,64
100698,12,3,0,0,70
100698,13,2,1,0,66
100698,14,2,0,1,28
100699,1,16,2,1,411
100699,2,22,0,0,570
100699,3,28,1,0,733
100699,4,24,1,2,585
100699,5,19,2,0,477
100699,6,16,2,3,410
100699,7,21,2,1,563
100699,8,22,2,3,564
100699,9,10,1,2,264
100699,10,13,1,0,327
100699,11,19,1,2,502
100699,12,15,2,1,375
100699,13,13,1,3,319
100699,14,24,0,0,617
100700,1,1,0,0,47
100700,2,2,0,0,36
100700,3,0,0,0,29
100700,4,1,0,0,33
100700,5,0,0,0,45
100700,6,1,0,0,53
100700,7,2,0,0,59
100700,8,2,0,0,35
100700,9,1,0,0,48
100700,10,2,0,0,77
100700,11,2,0,0,41
100700,12,1,0,0,0
100700,13,0,0,0,0
100700,14,0,0,0,24
100701,1,5,1,0,149
100701,2,2,1,0,43
100701,3,9,1,0,258
100701,4,3,0,0,75
100701,5,7,0,0,164
100701,6,8,0,0,221
100701,7,6,0,0,172
100701,8,3,0,1,93
100701,9,8,1,0,225
100701,10,5,0,2,143
100701,11,7,0,0,187
100701,12,2,1,0,46
100701,13,6,2,0,138
100701,14,8,1,1,208
100702,1,0,0,0,0
100702,2,1,0,0,20
100702,3,0,0,0,0
100702,4,2,0,0,65
100702,5,1,0,0,3
100702,6,1,0,0,33
100702,7,0,0,0,12
100702,8,0,0,0,0
100702,9,0,0,0,0
100702,10,1,0,0,43
100702,11,0,0,0,0
100702,12,0,0,0,9
100702,13,1,0,0,12
100702,14,0,0,0,0
100703,1,3,0,1,90
100703,2,6,0,0,126
100703,3,1,0,1,11
100703,4,1,0,0,0
100703,5,3,0,0,119
100703,6,5,0,0,113
100703,7,1,0,0,8
100703,8,2,0,0,50
100703,9,4,1,1,109
100703,10,1,0,0,59
100703,11,4,1,0,61
100703,12,1,0,1,28
100703,13,2,0,1,62
100703,14,1,0,0,33
100704,1,4,0,0,104
100704,2,3,0,1,83
100704,3,4,0,0,67
100704,4,5,0,1,124
100704,5,2,0,0,75
100704,6,7,0,0,168
100704,7,1,0,0,27
100704,8,1,0,3,22
100705,1,5,2,0,113
100705,2,7,1,0,165
100705,3,8,2,2,204
100705,4,7,0,4,159
100705,5,4,1,0,122
100705,6,3,0,1,95
100705,7,3,0,1,97
100705,8,6,0,2,141
100705,9,4,0,1,118
100705,10,10,0,0,244
100705,11,9,1,0,239
100705,12,5,0,0,129
100705,13,7,1,0,159
100705,14,6,1,1,134
100706,1,7,0,0,172
100706,2,5,1,1,163
100706,3,3,2,1,89
100706,4,8,1,0,206
100706,5,4,0,0,92
100706,6,5,0,0,126
100706,7,5,1,1,124
100706,8,3,0,1,74
100706,9,6,1,1,156
100706,10,4,1,2,113
100706,11,2,0,0,50
100706,12,4,0,1,103
100706,13,4,1,0,113
100706,14,12,0,1,337
100707,1,3,0,0,88
100707,2,4,0,0,97
100707,3,1,0,0,2
100707,4,1,0,0,25
100707,5,1,0,0,32
100707,6,0,0,0,0
100707,7,0,0,0,23
100707,8,0,0,0,0
100707,9,0,0,0,0
100707,10,0,0,0,0
100707,11,0,0,0,20
100707,12,0,0,0,0
100707,13,0,0,0,0
100707,14,2,0,0,81
100708,1,0,0,0,6
100708,2,3,0,0,32
100708,3,6,0,0,139
100708,4,3,0,0,68
100708,5,2,0,0,17
100708,6,1,0,0,0
100708,7,4,0,0,113
100708,8,0,0,0,0
100708,9,1,0,0,25
100708,10,2,0,0,62
100708,11,4,0,0,87
100708,12,5,0,0,105
100708,13,1,0,0,0
100708,14,2,0,0,98
100709,1,6,0,2,133
100709,2,8,2,2,180
100709,3,6,2,0,152
100709,4,7,0,0,183
100709,5,2,1,2,48
100709,6,8,1,2,229
100709,7,8,1,1,206
100709,8,8,0,0,201
100709,9,11,0,0,306
100709,10,4,1,3,107
100709,11,8,0,3,216
100709,12,8,1,1,186
100709,13,9,0,2,291
100709,14,5,0,2,148
100710,1,5,1,1,127
100710,2,11,0,3,297
100710,3,3,0,0,37
100710,4,7,0,1,175
100710,5,11,1,0,305
100710,6,4,0,0,112
100710,7,5,0,3,143
100710,8,6,1,2,133
100710,9,5,1,0,154
100710,10,3,1,0,92
100710,11,10,0,0,222
100710,12,3,0,1,95
100710,13,4,1,3,82
100711,1,10,1,0,247
100711,2,8,0,2,209
100711,3,4,0,1,90
100711,4,9,1,2,265
100711,5,7,1,1,157
100711,6,8,0,1,157
100711,7,8,1,0,207
100711,8,10,1,0,257
100711,9,6,1,0,137
100711,10,9,0,1,225
100711,11,3,1,4,56
100711,12,12,0,1,255
100711,13,7,2,2,160
100711,14,7,1,1,196
100712,1,14,1,2,328
100712,2,9,2,3,238
100712,3,15,1,1,367
100712,4,17,1,1,434
100712,5,6,2,1,142
100712,6,13,2,1,330
100712,7,16,2,2,411
100712,8,7,1,1,187
100712,9,14,1,0,353
100712,10,15,2,1,401
100712,11,12,0,1,321
100712,12,22,1,1,591
100712,13,12,0,3,279
100712,14,15,2,0,411
100713,1,3,0,0,117
100713,2,6,0,0,164
100713,3,3,1,2,66
100713,4,4,0,0,103
100713,5,3,1,2,101
100713,6,2,1,0,58
100713,7,0,0,1,15
100713,8,7,0,0,198
100713,9,4,0,2,110
100713,10,2,0,0,58
100713,11,3,0,1,106
100713,12,3,1,0,50
100713,13,8,0,1,229
100713,14,3,0,0,83
100714,1,8,0,2,185
100714,2,4,0,0,80
100714,3,2,1,1,53
100714,4,1,0,0,6
100714,5,1,1,2,23
100714,6,0,1,0,0
100714,7,4,1,0,86
100714,8,2,0,0,73
100715,1,2,0,0,75
100715,2,4,0,0,101
100715,3,3,1,0,102
100715,4,1,2,0,0
100715,5,3,2,1,83
100715,6,2,0,1,52
100715,7,3,0,1,73
100715,8,3,0,0,58
100715,9,1,0,0,25
100715,10,2,0,2,57
100715,11,2,0,1,63
100715,12,4,0,0,98
100715,13,1,1,2,38
100715,14,8,0,1,210
100716,1,6,2,0,156
100716,2,8,2,2,184
100716,3,7,1,1,195
100716,4,8,0,1,217
100716,5,9,0,2,223
100716,6,10,0,0,239
100716,7,9,2,0,248
100716,8,16,0,2,414
100716,9,6,1,3,169
100716,10,13,2,0,332
100716,11,5,1,1,146
100716,12,9,0,1,224
100716,13,4,0,2,119
100716,14,5,0,1,121
100717,1,4,0,1,147
100717,2,1,0,0,4
100717,3,4,1,1,108
100717,4,7,0,0,197
100717,5,4,0,0,127
100717,6,5,2,0,121
100717,7,3,0,1,47
100717,8,5,0,0,118
100717,9,1,0,0,34
100717,10,3,0,2,93
100717,11,6,0,0,166
100717,12,6,1,0,153
100717,13,6,0,0,169
100717,14,3,1,1,88
100718,1,1,0,0,18
100718,2,6,1,0,181
100718,3,3,0,0,40
100718,4,6,0,0,151
100718,5,5,1,0,110
100718,6,3,0,0,101
100718,7,1,0,0,0
100718,8,0,0,0,15
100718,9,5,0,0,140
100718,10,0,0,2,9
100719,1,2,0,1,57
100719,2,4,0,1,107
100719,3,4,0,1,130
100719,4,2,1,0,61
100719,5,4,0,0,102
100719,6,4,1,1,85
100719,7,7,0,0,221
100719,8,3,0,0,81
100719,9,2,0,0,66
100719,10,0,0,1,0
100719,11,2,0,0,69
100719,12,5,0,0,128
100719,13,2,0,0,34
100719,14,2,1,2,47
100720,1,2,0,0,46
100720,2,4,1,0,102
100720,3,2,0,1,59
100720,4,2,0,0,56
100720,5,1,0,0,0
100720,6,1,0,2,36
100720,7,1,0,1,8
100720,8,0,0,0,0
100720,9,2,0,0,13
100720,10,4,0,0,104
100720,11,3,0,1,59
100720,12,2,0,0,68
100720,13,1,0,0,54
100720,14,0,0,0,20
100721,1,2,1,0,56
100721,2,8,0,0,186
100721,3,9,0,0,214
100721,4,6,0,0,149
100721,5,7,0,0,178
100721,6,4,1,0,102
100721,7,1,0,0,23
100721,8,4,0,1,112
100721,9,4,1,1,112
100721,10,0,0,1,0
100721,11,3,1,1,34
100721,12,3,0,0,66
100722,1,7,1,0,189
100722,2,4,0,0,112
100722,3,4,1,0,88
100722,4,6,1,1,174
100722,5,7,0,2,224
100722,6,4,0,0,100
100722,7,9,1,0,239
100722,8,3,1,2,77
100722,9,3,1,1,67
100722,10,5,1,0,115
100722,11,2,1,0,19
100722,12,7,2,0,175
100722,13,8,0,1,218
100722,14,7,1,0,202
100723,1,2,0,1,59
100723,2,6,1,1,137
100723,3,3,0,0,88
100723,4,3,0,0,93
100723,5,4,0,1,73
100723,6,2,0,0,78
100723,7,2,1,0,66
100723,8,1,0,0,27
100723,9,3,0,0,66
100723,10,3,0,0,75
100723,11,3,1,1,76
100723,12,2,0,0,49
100723,13,2,1,0,35
100723,14,3,1,1,73
100724,1,3,1,0,98
100724,2,6,0,1,167
100724,3,7,1,0,147
100724,4,3,1,1,83
100724,5,7,0,1,149
100724,6,7,1,0,180
100724,7,2,1,1,57
100724,8,5,0,1,153
100724,9,3,0,0,71
100724,10,5,1,0,135
100724,11,3,1,0,86
100724,12,5,1,0,82
100724,13,8,1,0,208
100724,14,7,1,0,173
100725,1,3,0,0,52
100725,2,7,0,0,208
100725,3,4,0,1,110
100725,4,1,0,0,42
100725,5,4,0,1,118
100725,6,4,1,0,90
100725,7,1,1,0,36
100725,8,3,0,0,63
100725,9,4,0,0,90
100725,10,3,0,0,78
100725,11,3,0,1,82
100725,12,1,0,0,58
100725,13,3,0,1,75
100725,14,2,0,0,39
100726,1,3,0,0,110
100726,2,3,0,0,71
100726,3,2,0,0,42
100726,4,0,0,0,0
100726,5,2,0,0,42
100726,6,1,0,0,29
100726,7,2,0,0,41
100726,8,2,0,0,54
100726,9,0,0,0,30
100726,10,1,0,0,50
100726,11,0,0,0,15
100726,12,0,0,0,0
100726,13,1,0,1,27
100726,14,0,0,0,2
100727,1,2,0,0,52
100727,2,1,1,0,40
100727,3,0,0,0,0
100727,4,2,0,1,59
100727,5,2,0,2,45
100727,6,5,1,1,135
100727,7,0,1,0,2
100727,8,1,0,0,0
100727,9,3,0,2,65
100727,10,3,0,0,68
100727,11,3,0,0,78
100727,12,4,0,0,101
100727,13,3,1,1,69
100727,14,2,0,0,41
100728,1,4,0,0,83
100728,2,3,0,1,95
100728,3,7,1,1,196
100728,4,5,1,4,158
100728,5,7,0,2,179
100728,6,8,1,0,212
100728,7,5,0,0,83
100728,8,2,0,1,35
100728,9,7,1,1,206
100728,10,2,1,1,42
100728,11,2,0,0,69
100728,12,3,2,1,86
100728,13,5,1,1,142
100728,14,8,2,0,238
100729,1,4,1,0,106
100729,2,6,1,0,174
100729,3,8,0,0,241
100729,4,7,2,0,232
100729,5,7,0,0,178
100729,6,3,1,0,65
100729,7,2,0,0,60
100729,8,3,1,1,63
100729,9,1,2,3,3
100729,10,3,0,0,77
100729,11,8,1,1,193
100729,12,6,0,2,154
100729,13,8,0,0,184
100729,14,5,0,0,111
100730,1,3,0,0,69
100730,2,1,1,2,15
100730,3,5,0,0,116
100730,4,3,0,0,104
100730,5,3,0,0,84
100730,6,7,0,1,151
100730,7,2,0,1,67
100730,8,4,0,1,103
100730,9,2,0,0,84
100730,10,1,0,2,36
100730,11,3,0,0,88
100730,12,4,1,1,110
100730,13,3,0,0,53
100730,14,3,1,0,91
100731,1,2,0,0,59
100731,2,2,0,0,87
100731,3,0,0,0,0
100731,4,4,0,0,104
100731,5,2,0,0,35
100731,6,0,0,0,21
100731,7,3,0,0,69
100731,8,0,0,0,0
100731,9,0,0,0,0
100731,10,0,1,0,0
100731,11,0,0,0,0
100731,12,0,0,0,20
100731,13,0,0,0,0
100731,14,0,0,0,8
100732,1,5,1,1,107
100732,2,1,1,0,20
100732,3,3,0,1,80
100732,4,4,2,0,115
100732,5,3,1,2,96
100732,6,6,0,0,151
100732,7,8,0,3,183
100732,8,5,0,0,141
100732,9,1,0,2,16
100732,10,6,1,0,151
100732,11,3,0,1,28
100732,12,1,1,0,37
100732,13,4,1,1,156
100732,14,4,2,0,76
100733,1,0,0,0,4
100733,2,1,0,0,21
100733,3,2,0,0,26
100733,4,0,0,0,13
100733,5,0,0,0,0
100733,6,2,0,0,58
100733,7,0,1,0,0
100733,8,0,0,0,43
100733,9,1,0,0,36
100733,10,0,0,0,24
100733,11,0,0,0,10
100733,12,0,0,0,0
100733,13,1,1,0,51
100733,14,0,0,0,20
100734,1,9,1,1,253
100734,2,6,1,0,137
100734,3,4,0,1,126
100734,4,3,0,0,84
100734,5,8,0,0,214
100734,6,10,0,1,277
100734,7,10,0,0,288
100734,8,11,2,0,301
100734,9,6,0,2,194
100734,10,8,2,1,209
100734,11,4,0,0,93
100734,12,5,0,0,142
100734,13,7,2,0,170
100734,14,8,1,3,234
100735,1,1,0,1,12
100735,2,1,0,0,23
100735,3,4,0,0,84
100735,4,1,0,0,22
100735,5,1,0,1,35
100735,6,2,0,1,70
100735,7,0,0,0,0
100735,8,4,0,0,92
100735,9,2,0,1,36
100735,10,2,0,0,45
100735,11,3,1,0,42
100735,12,2,0,0,15
100735,13,1,0,0,53
100735,14,5,0,1,152
100736,1,4,0,1,118
100736,2,6,0,1,150
100736,3,1,0,0,38
100736,4,3,1,0,37
100736,5,3,0,0,127
100736,6,0,0,0,1
100736,7,2,1,0,61
100736,8,4,1,0,124
100736,9,1,0,0,19
100736,10,2,0,0,32
100736,11,2,1,0,44
100736,12,1,0,0,18
100736,13,2,0,0,50
100736,14,1,1,0,36
100737,1,3,0,0,109
100737,2,3,1,1,114
100737,3,2,0,3,18
100737,4,4,0,0,104
100737,5,4,0,2,89
100737,6,5,0,1,135
100737,7,3,0,1,66
100737,8,6,0,0,129
100737,9,2,1,0,93
100737,10,2,1,2,61
100737,11,2,1,0,36
100737,12,6,0,0,141
100737,13,3,2,1,115
100737,14,4,0,0,115
100738,1,13,1,1,322
100738,2,15,1,2,414
100738,3,8,2,1,197
100738,4,10,2,2,257
100738,5,14,1,2,345
100738,6,9,1,1,213
100738,7,18,0,1,472
100738,8,12,1,1,298
100738,9,14,1,0,340
100738,10,14,2,1,343
100738,11,12,1,0,320
100738,12,18,1,1,426
100738,13,14,1,4,369
100738,14,24,2,0,607
100739,1,3,0,1,93
100739,2,1,1,0,36
100739,3,2,1,3,23
100739,4,3,1,0,104
100739,5,2,0,0,77
100739,6,5,0,1,133
100739,7,2,1,0,38
100739,8,3,1,0,102
100739,9,0,0,0,0
100739,10,1,0,1,28
100739,11,0,0,1,0
100739,12,1,0,1,0
100739,13,0,2,0,38
100739,14,1,0,0,28
100740,1,8,1,0,162
100740,2,5,1,2,127
100740,3,6,0,0,158
100740,4,4,1,0,114
100740,5,7,1,0,205
100740,6,7,0,1,186
100740,7,9,0,0,274
100740,8,4,0,0,98
100740,9,6,1,2,125
100740,10,7,0,0,175
100740,11,5,1,1,109
100740,12,5,0,0,128
100740,13,12,0,1,350
100740,14,5,1,3,156
100741,1,3,1,1,85
100741,2,5,0,1,155
100741,3,9,1,0,266
100741,4,7,0,0,217
100741,5,7,1,0,173
100741,6,7,1,1,165
100741,7,6,1,2,143
100741,8,7,1,1,167
100741,9,6,1,0,174
100741,10,7,1,1,168
100741,11,5,0,1,103
100741,12,5,0,1,137
100741,13,2,1,0,51
100741,14,6,1,1,176
100742,1,1,1,0,5
100742,2,4,0,0,85
100742,3,2,0,0,50
100742,4,1,0,0,24
100742,5,4,0,0,103
100742,6,1,0,0,24
100742,7,3,0,0,84
100742,8,2,0,0,51
100742,9,2,0,0,25
100742,10,1,1,0,0
100742,11,6,0,1,172
100742,12,1,1,0,6
100742,13,1,0,0,0
100743,1,3,0,2,83
100743,2,4,0,0,84
100743,3,2,0,0,57
100743,4,6,0,2,167
100743,5,5,0,0,127
100743,6,4,0,1,88
100743,7,4,1,1,116
100743,8,4,0,0,97
100743,9,8,0,2,225
100743,10,8,1,0,204
100743,11,4,1,1,79
100743,12,4,1,1,134
100743,13,8,0,0,219
100743,14,6,1,1,137
100744,1,4,2,2,104
100744,2,9,0,1,241
100744,3,5,1,3,127
100744,4,6,1,0,188
100744,5,11,1,1,299
100744,6,7,2,1,185
100744,7,5,1,1,132
100744,8,8,0,1,214
100744,9,7,2,1,184
100744,10,7,1,2,178
100744,11,11,1,0,316
100744,12,4,0,1,113
100744,13,8,0,0,231
100744,14,6,1,0,159
100745,1,1,0,0,3
100745,2,3,0,0,92
100745,3,3,0,0,114
100745,4,1,0,0,12
100745,5,2,0,0,48
100745,6,2,0,0,46
100745,7,4,0,0,109
100745,8,0,0,0,0
100745,9,1,0,0,22
100745,10,0,0,0,22
100745,11,1,0,0,37
100745,12,1,0,0,0
100746,1,14,1,0,378
100746,2,9,1,2,244
100746,3,17,1,1,440
100746,4,7,2,3,204
100746,5,11,1,1,281
100746,6,6,1,2,174
100746,7,14,1,1,398
100746,8,7,0,1,191
100746,9,10,1,1,275
100746,10,9,1,1,236
100746,11,8,0,1,223
100746,12,7,0,3,164
100746,13,9,0,1,245
100746,14,10,1,1,256
100747,1,3,0,1,83
100747,2,5,0,1,121
100747,3,2,0,0,66
100747,4,1,0,0,27
100747,5,2,0,0,38
100747,6,1,0,1,30
100747,7,4,0,0,94
100747,8,3,1,0,77
100747,9,4,1,1,125
100747,10,2,0,0,101
100747,11,4,0,2,102
100747,12,5,0,0,133
100747,13,2,0,0,56
100747,14,3,0,1,94
100748,1,7,0,2,171
100748,2,6,1,0,162
100748,3,3,0,0,81
100748,4,4,0,1,116
100748,5,5,0,0,145
100748,6,6,1,0,142
100748,7,4,0,1,124
100748,8,6,1,0,151
100748,9,3,1,0,76
100748,10,3,1,0,77
100748,11,8,1,0,210
100748,12,7,0,0,177
100748,13,3,1,0,44
100748,14,4,0,0,150
100749,1,5,1,0,78
100749,2,2,1,0,66
100749,3,2,0,1,57
100749,4,2,1,0,64
100749,5,1,0,1,37
100749,6,2,0,0,47
100749,7,2,1,0,62
100749,8,6,0,1,138
100749,9,3,0,0,73
100749,10,2,0,0,53
100749,11,1,0,0,18
100749,12,2,1,0,77
100749,13,2,1,0,34
100749,14,2,1,0,66
100750,1,5,0,0,133
100750,2,2,0,0,34
100750,3,1,0,0,27
100750,4,1,0,0,42
100750,5,1,0,0,31
100750,6,1,0,0,48
100750,7,0,0,0,0
100750,8,1,0,0,16
100750,9,2,0,0,39
100750,10,0,0,0,0
100750,11,2,0,0,75
100750,12,0,0,0,15
100750,13,0,0,0,1
100750,14,1,0,0,10
100751,1,3,0,0,81
100751,2,4,0,1,87
100751,3,1,0,0,36
100751,4,3,0,0,82
100751,5,5,0,0,145
100751,6,2,0,0,34
100751,7,7,0,0,167
100751,8,5,0,0,170
100751,9,4,1,0,108
100751,10,4,1,0,100
100751,11,4,0,0,94
100751,12,0,1,1,0
100751,13,5,0,0,133
100751,14,4,1,0,80
100752,1,6,0,1,144
100752,2,5,1,2,133
100752,3,2,0,0,94
100752,4,7,1,0,217
100752,5,9,1,0,235
100752,6,8,2,1,226
100752,7,6,0,0,150
100752,8,4,1,0,96
100752,9,5,1,1,106
100752,10,5,1,0,104
100752,11,5,0,0,108
100752,12,4,1,0,98
100752,13,6,0,0,137
100752,14,5,0,2,134
100753,1,16,1,1,420
100753,2,12,1,0,322
100753,3,13,2,0,362
100753,4,8,0,1,235
100753,5,19,1,2,527
100753,6,14,2,1,353
100753,7,12,1,1,296
100753,8,11,2,0,288
100753,9,11,1,3,268
100753,10,6,1,1,181
100753,11,7,1,2,172
100753,12,14,2,2,361
100753,13,14,2,0,345
100753,14,5,1,2,104
100754,1,4,0,1,134
100754,2,5,2,0,152
100754,3,2,0,0,11
100754,4,3,0,0,63
100754,5,1,1,0,27
100754,6,2,0,1,14
100754,7,2,0,0,73
100754,8,2,0,0,41
100754,9,1,0,0,35
100754,10,2,0,1,63
100754,11,2,0,1,54
100754,12,1,0,0,3
100754,13,1,1,0,30
100754,14,0,0,0,0
100755,1,5,2,1,121
100755,2,4,2,3,102
100755,3,0,0,0,0
100755,4,7,0,0,160
100755,5,6,2,0,149
100755,6,11,1,1,307
100755,7,4,1,1,113
100755,8,8,0,1,199
100755,9,9,1,0,243
100755,10,4,1,0,119
100755,11,5,0,1,135
100755,12,6,0,1,174
100755,13,6,1,1,168
100755,14,7,0,0,166
100756,1,8,1,2,187
100756,2,6,1,0,180
100756,3,8,1,1,190
100756,4,8,0,1,230
100756,5,9,2,0,248
100756,6,5,1,3,117
100756,7,6,1,2,173
100756,8,4,0,0,127
100756,9,12,0,2,296
100756,10,3,1,1,50
100756,11,11,1,3,309
100756,12,4,0,1,83
100756,13,11,2,1,273
100756,14,5,0,0,174
100757,1,1,0,1,57
100757,2,2,0,0,19
100757,3,3,0,0,74
100757,4,3,0,0,80
100757,5,4,0,2,88
100757,6,2,0,1,27
100757,7,1,1,0,3
100757,8,3,0,1,94
100757,9,1,0,0,3
100757,10,0,0,0,0
100758,1,6,0,0,140
100758,2,6,0,1,165
100758,3,5,0,0,131
100758,4,9,0,0,233
100758,5,4,0,1,100
100758,6,4,1,1,121
100758,7,2,0,0,18
100758,8,1,1,0,12
100758,9,3,1,0,75
100758,10,6,0,0,160
100758,11,1,0,1,7
100758,12,3,0,1,76
100758,13,3,0,1,81
100758,14,0,0,0,0
100759,1,2,0,0,43
100759,2,2,1,0,51
100759,3,4,0,0,97
100759,4,3,0,0,64
100759,5,2,1,0,70
100759,6,2,1,0,42
100759,7,4,0,0,119
100759,8,0,1,0,4
100759,9,5,0,0,123
100759,10,4,0,0,101
100759,11,1,0,0,56
100759,12,2,0,0,41
100759,13,0,0,0,12
100759,14,0,1,0,0
100760,1,11,0,1,249
100760,2,8,0,2,215
100760,3,5,0,0,112
100760,4,5,1,1,144
100760,5,4,0,2,121
100760,6,6,0,0,160
100760,7,2,1,0,82
100760,8,4,0,2,147
100760,9,4,0,2,104
100760,10,9,0,0,246
100760,11,3,0,1,62
100760,12,7,0,0,179
100760,13,5,0,0,154
100760,14,11,1,3,279
100761,1,1,0,0,0
100761,2,1,0,0,36
100761,3,0,0,0,10
100761,4,2,0,0,71
100761,5,1,0,0,8
100761,6,1,0,0,27
100761,7,1,0,0,3
100761,8,1,0,0,6
100761,9,1,0,0,45
100761,10,0,0,0,25
100761,11,1,0,1,0
100761,12,0,0,0,18
100761,13,0,0,0,25
100761,14,0,0,0,38
100762,1,2,2,1,49
100762,2,6,0,3,111
100762,3,5,2,2,122
100762,4,5,0,0,154
100762,5,7,0,0,144
100762,6,8,0,1,223
100762,7,5,1,1,112
100762,8,3,0,0,90
100762,9,6,0,0,148
100762,10,7,0,1,175
100762,11,5,1,0,146
100762,12,11,0,0,283
100762,13,3,0,0,66
100762,14,5,1,0,144
100763,1,4,1,0,111
100763,2,6,0,0,198
100763,3,2,0,0,53
100763,4,7,0,1,233
100763,5,3,0,3,73
100763,6,2,0,1,61
100763,7,6,0,2,158
100763,8,3,0,0,61
100763,9,7,0,0,168
100763,10,0,0,1,14
100763,11,4,0,0,93
100763,12,1,1,0,47
100763,13,3,1,0,82
100763,14,2,0,0,60
100764,1,9,1,2,212
100764,2,7,1,1,213
100764,3,7,0,3,173
100764,4,8,1,0,224
100764,5,9,0,0,214
100764,6,9,1,0,211
100764,7,13,2,0,312
100764,8,13,0,0,310
100764,9,7,1,3,167
100764,10,11,1,2,297
100764,11,7,1,2,171
100764,12,16,0,2,399
100764,13,16,1,1,445
100764,14,7,0,5,206
100765,1,7,0,0,189
100765,2,5,0,0,126
100765,3,1,1,0,19
100765,4,4,1,0,112
100765,5,5,1,1,140
100765,6,5,1,0,109
100765,7,3,0,0,98
100765,8,2,0,1,34
100765,9,2,1,0,54
100765,10,3,0,1,38
100765,11,5,1,0,124
100765,12,4,1,2,78
100765,13,5,0,1,147
100765,14,8,0,1,192
100766,1,6,0,0,160
100766,2,5,1,3,104
100766,3,11,0,0,264
100766,4,6,0,0,188
100766,5,8,0,2,193
100766,6,10,2,1,253
100766,7,6,0,1,182
100766,8,3,2,1,61
100766,9,9,1,0,247
100766,10,7,0,2,176
100766,11,8,0,1,187
100766,12,6,0,2,173
100766,13,7,2,0,184
100766,14,9,0,2,209
100767,1,2,1,0,50
100767,2,2,0,0,30
100767,3,4,0,0,98
100767,4,3,0,1,73
100767,5,3,1,1,87
100767,6,3,0,0,79
100767,7,3,0,0,50
100767,8,3,0,1,81
100767,9,0,0,0,4
100767,10,2,0,0,44
100767,11,1,0,0,30
100767,12,1,0,0,7
100767,13,0,0,0,7
100767,14,1,0,1,16
100768,1,1,0,2,20
100768,2,5,1,0,152
100768,3,7,0,0,197
100768,4,5,0,0,128
100768,5,5,0,0,133
100768,6,3,1,0,86
100768,7,4,1,1,89
100768,8,1,1,0,38
100768,9,0,0,1,0
100768,10,3,0,1,87
100768,11,5,0,1,169
100768,12,6,1,0,170
100768,13,2,0,0,47
100768,14,6,0,0,174
100769,1,2,0,0,15
100769,2,4,1,1,82
100769,3,3,0,2,73
100769,4,1,0,0,0
100769,5,2,0,1,24
100769,6,2,1,1,51
100769,7,3,0,1,64
100769,8,2,0,0,61
100769,9,3,0,0,60
100769,10,3,0,0,80
100769,11,1,0,0,26
100769,12,2,0,0,37
100769,13,2,1,1,46
100769,14,6,0,0,174
100770,1,2,0,0,41
100770,2,6,0,0,152
100770,3,3,0,0,83
100770,4,2,0,1,48
100770,5,1,0,0,18
100770,6,7,1,0,191
100770,7,3,0,1,41
100770,8,4,0,0,76
100770,9,4,0,0,95
100770,10,1,0,0,2
100770,11,1,0,0,1
100770,12,1,0,0,17
100770,13,0,0,1,2
100770,14,1,1,0,39
100771,1,6,1,1,146
100771,2,3,0,1,89
100771,3,1,1,1,0
100771,4,7,1,4,176
100771,5,3,0,0,97
100771,6,4,0,1,101
100771,7,4,0,2,55
100771,8,1,0,0,30
100771,9,5,0,1,127
100771,10,5,0,2,142
100771,11,4,0,0,104
100771,12,3,0,0,81
100771,13,8,0,0,186
100771,14,0,0,1,28
100772,1,6,1,1,150
100772,2,1,1,1,14
100772,3,6,1,0,170
100772,4,9,1,1,218
100772,5,5,0,1,112
100772,6,10,1,1,276
100772,7,4,2,0,97
100772,8,3,0,2,52
100772,9,11,1,0,313
100772,10,7,1,0,162
100772,11,4,1,2,103
100772,12,3,1,1,68
100772,13,3,1,2,69
100772,14,5,1,0,128
100773,1,7,1,1,188
100773,2,5,1,0,119
100773,3,11,0,2,259
100773,4,12,2,2,295
100773,5,8,0,2,205
100773,6,11,1,3,292
100773,7,12,1,2,338
100773,8,8,2,0,202
100773,9,7,2,2,183
100773,10,12,1,1,325
100773,11,9,1,5,249
100773,12,7,1,4,176
100773,13,11,1,3,262
100773,14,11,1,0,319
100774,1,4,0,0,84
100774,2,4,0,0,91
100774,3,2,0,0,31
100774,4,4,0,0,67
100774,5,3,0,0,107
100774,6,1,1,1,0
100774,7,1,0,0,0
100774,8,2,0,0,40
100774,9,2,0,1,68
100774,10,1,0,0,0
100774,11,2,1,0,41
100774,12,0,0,0,4
100774,13,2,0,0,19
100774,14,2,0,0,97
100775,1,5,0,1,166
100775,2,5,0,0,139
100775,3,3,0,0,59
100775,4,2,1,2,48
100775,5,4,0,0,109
100775,6,3,1,0,68
100775,7,1,0,0,17
100775,8,4,1,0,119
100775,9,4,0,0,130
100775,10,4,0,1,86
100775,11,3,0,0,73
100775,12,3,0,2,95
100775,13,2,0,0,22
100775,14,3,0,1,87
100776,1,6,1,1,157
100776,2,6,0,1,137
100776,3,8,0,0,198
100776,4,5,0,2,141
100776,5,8,1,3,205
100776,6,11,0,1,276
100776,7,10,1,0,269
100776,8,6,0,0,167
100776,9,7,1,1,177
100776,10,6,2,0,187
100776,11,2,1,0,54
100776,12,4,1,1,103
100776,13,6,1,1,151
100776,14,4,1,1,101
100777,1,9,1,0,223
100777,2,2,0,1,78
100777,3,10,0,0,249
100777,4,6,2,2,121
100777,5,3,0,0,66
100777,6,2,1,0,31
100777,7,4,1,1,122
100777,8,3,0,0,116
100777,9,10,0,0,256
100777,10,5,0,0,140
100777,11,6,0,0,161
100777,12,3,0,0,84
100777,13,11,0,1,307
100777,14,3,0,2,74
100778,1,4,0,0,104
100778,2,2,0,0,73
100778,3,5,1,0,115
100778,4,4,1,0,125
100778,5,4,0,0,103
100778,6,2,0,0,72
100778,7,1,0,0,30
100778,8,1,0,0,27
100778,9,1,0,0,26
100778,10,5,0,2,135
100778,11,0,0,0,0
100778,12,0,0,0,0
100778,13,2,0,0,56
100778,14,3,0,0,73
100779,1,7,0,1,210
100779,2,9,0,1,227
100779,3,4,2,1,113
100779,4,6,1,1,155
100779,5,6,1,0,103
100779,6,4,1,0,124
100779,7,6,0,2,169
100779,8,5,0,2,106
100779,9,7,0,2,189
100779,10,4,1,0,97
100779,11,6,0,1,144
100779,12,4,2,0,114
100779,13,7,1,0,197
100779,14,6,1,1,143
100780,1,1,0,0,1
100780,2,4,0,0,77
100780,3,2,0,0,25
100780,4,1,0,0,28
100780,5,1,0,0,28
100780,6,1,0,0,0
100780,7,0,1,0,18
100780,8,0,0,0,0
100780,9,1,0,0,56
100780,10,0,0,0,0
100780,11,0,0,0,0
100780,12,0,0,0,3
100780,13,0,0,0,0
100780,14,0,0,0,0
100781,1,4,0,0,86
100781,2,2,0,2,35
100781,3,4,1,1,130
100781,4,11,1,0,269
100781,5,5,1,0,153
100781,6,7,2,0,188
100781,7,6,1,1,173
100781,8,7,0,1,201
100781,9,4,1,1,109
100781,10,4,0,0,102
100781,11,8,1,1,222
100781,12,5,1,0,163
100781,13,6,1,0,168
100781,14,9,0,0,245
100782,1,4,0,0,92
100782,2,0,0,0,0
100782,3,1,0,0,0
100782,4,2,1,0,42
100782,5,1,0,0,6
100782,6,1,0,2,29
100782,7,2,0,0,58
100782,8,1,0,0,11
100782,9,1,0,1,28
100782,10,3,0,0,84
100782,11,0,0,0,14
100782,12,0,0,0,0
100782,13,0,0,0,27
100782,14,0,0,0,7
100783,1,4,1,1,109
100783,2,5,0,0,139
100783,3,3,1,1,73
100783,4,10,0,1,254
100783,5,5,1,0,141
100783,6,3,0,0,103
100783,7,3,0,0,79
100783,8,4,1,0,118
100783,9,2,0,0,68
100783,10,11,1,1,287
100783,11,8,1,1,208
100783,12,5,0,0,155
100783,13,3,1,0,88
100783,14,4,0,0,124
100784,1,8,0,0,211
100784,2,5,0,0,134
100784,3,5,0,0,126
100784,4,3,0,0,80
100784,5,4,0,2,122
100784,6,3,0,0,96
100784,7,4,1,0,99
100784,8,3,0,0,68
100784,9,0,0,1,0
100784,10,7,0,0,178
100784,11,1,0,1,0
100784,12,2,0,1,77
100784,13,2,0,1,80
100784,14,7,0,1,190
100785,1,1,1,0,19
100785,2,4,1,1,77
100785,3,3,0,0,71
100785,4,0,1,0,0
100785,5,2,0,0,72
100785,6,3,0,0,60
100785,7,2,0,0,25
100785,8,4,0,1,109
100785,9,2,0,0,30
100785,10,2,0,0,56
100785,11,5,0,0,109
100785,12,2,0,0,70
100785,13,2,0,0,90
100785,14,0,0,0,12
100786,1,1,0,0,9
100786,2,3,0,0,89
100786,3,2,0,0,47
100786,4,2,0,0,63
100786,5,2,0,0,30
100786,6,3,0,0,58
100786,7,1,0,0,8
100786,8,3,0,1,120
100786,9,0,0,1,0
100786,10,0,0,0,0
100786,11,0,0,1,0
100786,12,0,0,0,23
100786,13,0,0,1,0
100786,14,0,0,0,0
100787,1,6,1,0,193
100787,2,3,0,1,51
100787,3,3,1,0,78
100787,4,2,1,0,26
100787,5,5,0,0,105
100787,6,7,0,0,172
100788,1,5,0,0,127
100788,2,3,0,0,40
100788,3,3,1,0,80
100788,4,5,0,0,121
100788,5,5,2,0,143
100788,6,5,0,1,100
100788,7,1,1,1,7
100788,8,3,0,0,56
100788,9,3,0,0,83
100788,10,3,0,0,67
100788,11,5,0,0,117
100788,12,4,0,1,110
100788,13,2,0,1,74
100788,14,4,0,0,108
100789,1,5,0,0,130
100789,2,7,0,2,182
100789,3,4,1,3,83
100789,4,4,1,2,101
100789,5,0,0,2,0
100789,6,4,1,0,67
100789,7,8,1,1,196
100789,8,2,1,0,35
100789,9,4,0,1,100
100789,10,7,0,2,166
100789,11,3,1,1,47
100789,12,5,0,0,120
100789,13,5,0,0,166
100789,14,8,1,0,198
100790,1,7,0,0,194
100790,2,5,0,0,100
100790,3,1,0,1,22
100790,4,6,0,0,167
100790,5,4,0,0,104
100790,6,3,0,0,76
100790,7,5,0,1,162
100790,8,4,0,0,93
100790,9,5,0,1,109
100790,10,2,0,0,48
100790,11,5,0,0,134
100790,12,3,0,2,59
100790,13,8,1,1,222
100790,14,4,0,0,89
100791,1,2,0,0,23
100791,2,4,1,0,93
100791,3,3,0,1,60
100791,4,5,2,0,145
100791,5,4,0,1,84
100791,6,2,0,0,56
100791,7,7,1,0,160
100791,8,7,0,1,206
100791,9,5,1,0,127
100792,1,1,1,0,34
100792,2,4,0,0,113
100792,3,6,0,0,166
100792,4,4,0,0,124
100792,5,7,0,0,177
100792,6,0,2,1,0
100792,7,2,1,0,72
100792,8,5,1,0,95
100792,9,2,0,0,52
100792,10,4,1,0,98
100792,11,4,1,2,125
100792,12,5,0,0,161
100792,13,6,1,0,141
100792,14,2,1,0,39
100793,1,12,0,0,331
100793,2,9,0,1,228
100793,3,1,2,1,4
100793,4,1,0,3,5
100793,5,5,0,0,137
100793,6,6,0,1,161
100793,7,3,0,1,62
100793,8,9,2,0,264
100793,9,8,0,0,211
100793,10,8,1,1,203
100793,11,5,0,1,112
100793,12,6,0,0,190
100793,13,3,2,1,78
100793,14,7,0,2,189
100794,1,3,0,1,97
100794,2,5,1,1,127
100794,3,2,0,0,52
100794,4,3,0,0,110
100794,5,8,1,1,176
100794,6,5,0,0,110
100794,7,3,0,1,95
100794,8,4,0,1,101
100794,9,3,0,1,72
100794,10,4,0,0,111
100794,11,0,1,0,0
100794,12,6,0,2,154
100794,13,0,0,0,24
100794,14,6,0,2,146
100795,1,4,0,1,108
100795,2,1,0,1,18
100795,3,0,1,0,21
100795,4,2,0,1,63
100795,5,7,0,0,178
100795,6,3,0,0,89
100795,7,5,0,0,144
100795,8,1,1,2,47
100795,9,7,0,2,189
100795,10,6,0,0,147
100795,11,4,0,0,108
100795,12,2,0,1,68
100795,13,3,0,0,58
100795,14,6,0,0,172
100796,1,3,1,0,73
100796,2,6,0,0,147
100796,3,2,0,1,70
100796,4,5,0,0,154
100796,5,0,0,0,5
100796,6,4,0,0,107
100796,7,1,0,1,32
100796,8,3,0,1,95
100796,9,2,0,0,101
100796,10,2,1,0,72
100796,11,3,0,1,100
100796,12,1,1,0,22
100796,13,3,0,2,39
100796,14,1,1,1,12
100797,1,8,1,0,236
100797,2,6,1,1,189
100797,3,4,1,1,94
100797,4,7,1,0,216
100797,5,3,1,0,64
100797,6,5,0,2,141
100797,7,7,1,0,196
100797,8,8,0,0,209
100797,9,2,0,1,37
100797,10,1,0,1,27
100797,11,5,1,0,144
100797,12,5,0,1,101
100797,13,6,0,1,190
100797,14,6,1,0,150
100798,1,2,0,0,50
100798,2,0,0,0,8
100798,3,1,0,0,42
100798,4,4,0,0,129
100798,5,7,1,0,188
100798,6,3,0,1,87
100798,7,3,0,0,51
100798,8,0,0,0,11
100798,9,2,0,0,78
100798,10,3,0,0,80
100798,11,4,0,0,121
100798,12,1,0,0,39
100798,13,1,1,0,19
100798,14,3,0,1,51
100799,1,6,0,0,134
100799,2,2,1,0,15
100799,3,0,0,0,6
100799,4,1,0,1,13
100799,5,3,1,1,85
100799,6,5,0,0,149
100799,7,2,0,0,64
100800,1,1,1,0,20
100800,2,2,0,0,57
100800,3,6,0,0,154
100800,4,2,0,1,52
100800,5,3,0,1,74
100800,6,3,0,0,101
100800,7,3,0,0,69
100800,8,2,0,1,42
100800,9,2,0,1,70
100800,10,2,0,0,65
100800,11,2,0,0,39
100800,12,4,2,1,115
100800,13,1,1,0,0
100800,14,0,0,0,19
100801,1,3,0,1,106
100801,2,7,1,0,170
100801,3,2,0,1,70
100801,4,2,0,0,51
100801,5,6,0,1,155
100801,6,3,1,0,78
100801,7,2,0,0,54
100801,8,2,0,0,71
100801,9,2,0,0,83
100801,10,5,0,0,125
100801,11,5,0,3,91
100801,12,6,0,0,146
100801,13,6,0,0,112
100801,14,4,0,0,75
100802,1,4,0,0,110
100802,2,3,0,0,95
100802,3,3,0,1,100
100802,4,11,1,2,308
100802,5,8,0,0,243
100802,6,5,0,1,121
100802,7,2,1,0,34
100802,8,10,0,0,277
100802,9,3,0,1,82
100802,10,2,0,0,47
100802,11,6,0,0,152
100802,12,1,1,0,54
100802,13,6,1,1,155
100802,14,4,2,0,84
100803,1,2,0,1,61
100803,2,8,1,1,197
100803,3,6,0,1,173
100803,4,1,1,0,28
100803,5,3,0,0,99
100803,6,1,0,0,11
100803,7,9,0,0,218
100803,8,3,0,0,70
100803,9,2,0,0,51
100803,10,4,0,2,93
100803,11,6,0,1,158
100803,12,3,1,1,76
100803,13,3,1,1,67
100803,14,2,1,0,28
100804,1,4,0,0,126
100804,2,4,0,0,87
100804,3,4,0,1,116
100804,4,5,0,1,145
100804,5,3,1,0,86
100804,6,6,0,0,124
100804,7,2,1,3,67
100804,8,6,0,0,143
100804,9,1,1,1,26
100804,10,3,0,1,72
100804,11,2,0,2,34
100804,12,3,0,0,111
100804,13,6,0,1,134
100804,14,4,1,0,125
100805,1,4,1,0,100
100805,2,4,0,1,110
100805,3,4,1,0,78
100805,4,4,0,0,83
100805,5,4,0,1,86
100805,6,2,1,0,41
100805,7,0,0,0,0
100805,8,2,0,0,53
100805,9,4,1,0,85
100805,10,0,0,0,0
100805,11,3,1,0,78
100805,12,1,1,1,34
100805,13,4,0,0,117
100805,14,3,0,0,71
100806,1,0,0,0,35
100806,2,1,0,1,7
100806,3,4,0,0,96
100806,4,1,0,1,37
100806,5,1,0,0,15
100806,6,3,0,1,95
100807,1,4,2,1,101
100807,2,3,0,1,56
100807,3,3,1,0,93
100807,4,3,1,1,80
100807,5,4,0,1,126
100807,6,7,1,0,174
100807,7,6,2,1,159
100807,8,6,0,1,148
100807,9,5,1,1,121
100807,10,7,2,1,165
100807,11,6,2,1,133
100807,12,8,0,2,223
100807,13,5,1,0,110
100807,14,3,0,1,76
100808,1,2,0,0,36
100808,2,3,0,1,72
100808,3,2,0,0,60
100808,4,2,0,0,42
100808,5,1,1,0,29
100808,6,1,0,0,22
100808,7,2,0,0,53
100808,8,2,0,1,57
100808,9,0,0,0,0
100809,1,5,0,0,135
100809,2,3,1,0,88
100809,3,4,0,2,120
100809,4,3,0,0,88
100809,5,2,0,0,43
100809,6,1,1,1,50
100809,7,2,0,0,58
100809,8,2,0,1,54
100809,9,0,2,0,0
100809,10,3,0,0,49
100809,11,1,0,0,0
100809,12,1,0,0,27
100809,13,3,1,0,60
100809,14,2,0,0,22
100810,1,4,0,0,114
100810,2,4,0,0,132
100810,3,1,0,0,0
100810,4,1,1,0,37
100810,5,2,0,0,79
100810,6,1,2,1,0
100810,7,2,0,0,56
100810,8,4,0,0,102
100810,9,4,0,0,96
100810,10,2,1,0,85
100810,11,2,0,0,84
100810,12,2,1,0,3
100810,13,6,0,2,148
100810,14,4,1,1,116
100811,1,12,1,2,316
100811,2,4,0,0,107
100811,3,2,0,0,48
100811,4,9,1,0,209
100811,5,7,0,0,159
100811,6,3,1,1,65
100811,7,9,0,0,211
100811,8,4,0,1,103
100811,9,7,0,1,213
100811,10,9,0,0,238
100811,11,5,1,0,147
100811,12,7,1,3,180
100811,13,6,0,2,125
100811,14,2,0,0,38
100812,1,2,1,0,61
100812,2,3,0,0,54
100812,3,8,0,1,209
100812,4,2,1,0,41
100812,5,1,2,1,43
100812,6,3,0,1,63
100812,7,2,0,0,53
100812,8,5,0,0,151
100812,9,4,1,0,134
100812,10,4,0,2,149
100812,11,4,0,0,95
100812,12,4,0,1,100
100812,13,4,0,0,115
100812,14,6,0,1,179
100813,1,4,0,0,105
100813,2,4,0,2,70
100813,3,3,0,1,43
100813,4,1,0,1,14
100813,5,4,0,0,114
100813,6,2,0,0,66
100813,7,4,0,0,62
100813,8,4,1,0,90
100813,9,4,0,0,157
100813,10,3,0,0,67
100813,11,3,1,0,115
100813,12,5,0,0,144
100813,13,5,0,0,145
100813,14,4,0,1,77
100814,1,1,0,0,14
100814,2,4,0,0,105
100814,3,3,0,0,81
100814,4,4,0,0,87
100814,5,3,0,2,78
100815,1,1,0,1,0
100815,2,4,0,0,63
100815,3,4,1,0,102
100815,4,4,1,1,73
100815,5,2,0,0,52
100815,6,2,0,0,45
100815,7,6,0,0,159
100815,8,6,0,1,124
100815,9,2,0,0,63
100815,10,4,0,0,114
100815,11,0,0,1,0
100815,12,2,0,0,62
100815,13,2,0,1,37
100815,14,4,0,0,82
100816,1,3,0,0,79
100816,2,4,0,1,114
100816,3,1,0,0,8
100816,4,2,0,0,72
100816,5,2,0,0,83
100816,6,0,0,0,1
100816,7,2,2,0,49
100816,8,4,0,0,97
100816,9,1,0,0,33
100816,10,1,0,0,10
100816,11,0,0,0,0
100816,12,0,0,0,0
100816,13,1,0,0,18
100816,14,0,1,0,0
100817,1,3,0,1,39
100817,2,4,0,0,107
100817,3,2,0,0,32
100817,4,9,0,1,238
100817,5,5,0,0,131
100817,6,3,0,0,61
100817,7,5,1,0,140
100817,8,4,1,2,109
100817,9,8,0,0,195
100817,10,1,1,1,24
100817,11,4,0,0,98
100817,12,7,0,2,214
100817,13,5,0,0,113
100817,14,2,0,0,57
100818,1,5,0,1,123
100818,2,4,0,0,82
100818,3,1,0,0,28
100818,4,2,0,1,57
100818,5,2,0,0,47
100818,6,2,0,0,42
100818,7,2,0,0,45
100818,8,4,0,0,127
100818,9,8,0,0,214
100818,10,2,0,2,40
100818,11,3,0,1,81
100818,12,2,0,0,38
100818,13,0,0,0,1
100818,14,2,0,0,40
100819,1,5,0,1,134
100819,2,8,1,1,169
100819,3,3,0,0,86
100819,4,6,0,0,169
100819,5,4,0,0,95
100819,6,7,0,0,185
100819,7,5,0,0,129
100819,8,6,1,1,154
100819,9,6,0,2,162
100819,10,2,1,1,26
100819,11,2,0,2,28
100819,12,5,0,0,156
100819,13,3,1,1,100
100819,14,3,0,0,96
100820,1,4,0,0,88
100820,2,3,0,0,95
100820,3,2,0,0,73
100820,4,1,0,0,11
100820,5,1,0,0,33
100820,6,0,0,1,28
100820,7,3,0,0,87
100820,8,1,1,0,54
100820,9,2,0,0,25
100820,10,0,0,0,0
100820,11,1,0,0,71
100820,12,1,0,0,18
100820,13,1,0,0,24
100820,14,1,0,0,60
100821,1,3,0,0,79
100821,2,2,0,2,51
100821,3,8,0,1,215
100821,4,6,0,1,170
100821,5,5,1,0,175
100821,6,3,0,0,97
100821,7,4,0,0,96
100821,8,4,0,1,86
100821,9,2,0,0,38
100821,10,3,0,0,103
100821,11,3,0,0,63
100821,12,3,0,0,88
100821,13,4,0,0,128
100821,14,4,0,2,95
100822,1,3,0,0,72
100822,2,0,0,0,3
100822,3,1,1,0,25
100822,4,3,0,0,29
100822,5,2,0,0,63
100822,6,2,0,0,37
100822,7,1,0,0,9
100822,8,3,0,0,43
100822,9,0,0,0,3
100822,10,0,0,0,0
100822,11,0,0,0,0
100822,12,2,0,0,49
100822,13,0,0,0,28
100822,14,0,0,0,0
100823,1,5,0,0,126
100823,2,1,0,0,13
100823,3,4,1,0,112
100823,4,2,1,0,56
100823,5,1,0,0,68
100823,6,1,0,0,8
100823,7,0,1,0,10
100823,8,3,0,1,102
100823,9,4,0,0,116
100823,10,4,0,1,96
100823,11,6,0,0,186
100823,12,3,0,0,78
100823,13,2,2,0,56
100823,14,3,0,0,89
100824,1,12,0,1,336
100824,2,8,0,1,209
100824,3,4,1,1,107
100824,4,4,2,1,98
100824,5,3,1,0,58
100824,6,5,2,2,81
100824,7,8,1,2,213
100824,8,4,1,1,100
100824,9,7,1,0,169
100824,10,4,0,0,80
100824,11,7,0,0,193
100824,12,8,0,1,231
100824,13,8,1,0,205
100824,14,9,1,1,239
100825,1,5,0,1,124
100825,2,8,0,0,236
100825,3,8,0,1,240
100825,4,7,1,0,187
100825,5,6,0,0,132
100825,6,7,2,2,179
100825,7,7,1,1,133
100825,8,4,1,0,115
100825,9,6,0,1,156
100825,10,7,0,2,198
100825,11,8,1,0,213
100825,12,5,1,1,159
100825,13,2,1,0,29
100825,14,5,0,2,125
100826,1,7,1,0,210
100826,2,5,0,3,172
100826,3,5,1,1,105
100826,4,6,0,0,147
100826,5,2,1,0,32
100826,6,2,0,0,60
100826,7,5,0,0,120
100826,8,8,0,0,232
100826,9,3,1,0,89
100826,10,8,0,0,205
100826,11,6,0,0,144
100826,12,6,1,0,199
100826,13,6,0,1,133
100826,14,2,0,2,74
100827,1,1,0,0,27
100827,2,3,0,0,87
100827,3,4,0,0,124
100827,4,1,0,1,5
100827,5,9,0,0,227
100827,6,8,0,0,209
100827,7,1,0,0,33
100827,8,6,1,1,184
100827,9,1,0,0,24
100827,10,4,0,0,103
100827,11,3,0,0,69
100827,12,1,0,0,45
100827,13,1,1,0,26
100827,14,1,1,1,4
100828,1,8,1,0,208
100828,2,8,1,2,226
100828,3,6,1,0,160
100828,4,9,1,2,225
100828,5,10,1,2,260
100828,6,12,1,2,309
100828,7,5,1,1,133
100828,8,7,1,1,191
100828,9,4,1,1,133
100828,10,9,0,2,233
100828,11,8,0,0,191
100828,12,6,2,0,168
100828,13,6,2,0,140
100828,14,7,1,0,200
100829,1,3,1,0,77
100829,2,2,0,2,50
100829,3,6,1,0,155
100829,4,6,1,1,170
100829,5,6,1,1,158
100829,6,7,0,1,154
100829,7,2,0,1,66
100829,8,3,0,1,39
100829,9,2,0,0,43
100829,10,2,0,0,53
100829,11,5,0,0,117
100829,12,5,1,1,132
100829,13,1,0,0,35
100830,1,3,1,1,121
100830,2,5,0,1,141
100830,3,8,0,0,221
100830,4,4,0,0,137
100830,5,5,0,0,112
100830,6,7,0,0,187
100830,7,6,0,1,143
100830,8,6,0,1,144
100830,9,1,0,0,21
100830,10,7,0,0,194
100830,11,4,0,1,112
100830,12,4,1,0,110
100830,13,2,1,0,27
100830,14,5,0,0,105
100831,1,3,1,1,40
100831,2,8,0,0,206
100831,3,5,1,1,132
100831,4,5,0,2,135
100831,5,6,2,1,152
100831,6,11,0,0,300
100831,7,7,0,2,166
100831,8,9,2,1,221
100831,9,6,0,0,184
100831,10,6,1,1,142
100831,11,8,0,1,173
100831,12,7,0,1,197
100831,13,3,2,1,53
100831,14,7,1,2,153
100832,1,2,1,1,57
100832,2,1,0,0,0
100832,3,6,0,1,137
100832,4,5,0,0,109
100832,5,3,0,0,40
100832,6,2,0,0,40
100832,7,2,2,0,62
100832,8,4,0,0,91
100832,9,3,0,0,96
100832,10,1,0,0,33
100832,11,2,0,0,70
100832,12,2,0,0,16
100832,13,1,2,0,49
100832,14,1,1,0,18
100833,1,2,0,0,45
100833,2,2,0,0,31
100833,3,3,0,0,90
100833,4,1,0,0,24
100833,5,1,0,0,7
100833,6,1,1,0,14
100833,7,2,0,0,58
100833,8,2,0,0,54
100833,9,1,0,1,18
100833,10,2,0,0,18
100833,11,0,0,0,0
100833,12,1,0,0,8
100833,13,0,0,0,33
100833,14,0,0,0,0
100834,1,16,1,1,421
100834,2,11,0,0,298
100834,3,13,2,2,371
100834,4,12,2,1,323
100834,5,13,1,0,347
100834,6,7,1,0,209
100834,7,12,1,0,314
100834,8,10,1,1,263
100834,9,13,1,0,342
100834,10,12,0,3,316
100834,11,10,0,1,265
100834,12,12,2,0,313
100834,13,10,0,1,265
100834,14,16,1,0,423
100835,1,4,2,0,92
100835,2,3,0,0,124
100835,3,7,0,0,159
100835,4,3,0,1,71
100835,5,5,0,0,170
100835,6,11,1,0,305
100835,7,3,0,0,22
100835,8,6,0,1,161
100835,9,8,0,0,197
100836,1,7,1,2,165
100836,2,5,1,1,145
100836,3,1,0,0,30
100836,4,3,0,1,89
100836,5,4,0,0,90
100836,6,5,1,0,119
100836,7,6,1,2,176
100836,8,4,0,0,85
100836,9,6,0,0,160
100836,10,5,1,1,100
100836,11,2,0,1,44
100836,12,4,2,1,129
100836,13,1,0,1,14
100836,14,6,1,0,154
100837,1,2,1,1,84
100837,2,3,1,2,53
100837,3,5,0,1,132
100837,4,8,0,0,188
100837,5,8,1,0,180
100837,6,6,0,0,142
100837,7,6,1,1,165
100837,8,5,0,0,140
100837,9,8,0,0,224
100837,10,4,1,0,73
100837,11,2,0,1,61
100837,12,7,0,1,160
100837,13,2,0,1,36
100837,14,4,0,0,91
100838,1,6,0,0,120
100838,2,2,0,1,23
100838,3,4,0,0,69
100838,4,2,0,0,74
100838,5,4,1,2,125
100838,6,4,0,3,85
100838,7,1,0,0,55
100838,8,2,1,2,30
100838,9,4,0,1,87
100838,10,4,0,1,108
100838,11,3,0,0,56
100838,12,4,0,0,79
100838,13,2,0,1,50
100838,14,5,0,1,113
100839,1,2,2,0,77
100839,2,6,0,2,143
100839,3,5,2,0,92
100839,4,10,0,3,266
100839,5,6,1,1,165
100839,6,6,0,1,192
100839,7,8,0,0,187
100839,8,5,1,0,127
100839,9,3,0,1,53
100839,10,1,1,1,32
100839,11,2,0,2,63
100839,12,5,0,1,143
100839,13,5,1,0,145
100839,14,3,0,1,83
100840,1,3,0,0,84
100840,2,8,1,1,232
100840,3,8,0,1,188
100840,4,7,0,1,181
100840,5,10,0,2,245
100840,6,5,0,0,153
100840,7,7,0,0,195
100840,8,9,1,0,248
100840,9,3,1,0,57
100840,10,6,1,1,133
100840,11,2,0,1,35
100840,12,8,0,1,200
100840,13,4,0,1,95
100840,14,4,1,1,105
100841,1,3,2,0,71
100841,2,8,1,1,157
100841,3,7,1,1,163
100841,4,5,1,0,109
100841,5,5,1,2,134
100841,6,10,0,1,265
100841,7,8,0,0,214
100841,8,6,0,0,158
100841,9,6,1,1,163
100841,10,3,0,0,76
100841,11,7,0,1,195
100841,12,6,1,1,157
100841,13,3,0,1,48
100841,14,11,0,1,300
100842,1,6,0,0,144
100842,2,2,1,0,35
100842,3,3,0,2,132
100842,4,3,0,0,84
100842,5,8,2,0,226
100842,6,6,2,0,167
100842,7,5,1,0,139
100842,8,8,1,0,206
100842,9,6,0,1,155
100842,10,5,0,0,144
100842,11,3,0,0,38
100842,12,5,0,0,115
100842,13,7,1,0,188
100842,14,4,0,0,103
100843,1,4,0,2,85
100843,2,0,0,1,8
100843,3,5,1,2,134
100843,4,2,0,1,66
100843,5,0,0,0,9
100843,6,3,0,0,28
100843,7,2,1,0,42
100843,8,4,0,0,110
100843,9,2,0,1,80
100843,10,3,0,0,65
100843,11,1,1,1,60
100843,12,3,0,1,94
100843,13,1,0,0,24
100843,14,1,0,0,40
100844,1,4,1,0,100
100844,2,8,0,1,201
100844,3,6,0,1,164
100844,4,3,0,0,99
100844,5,0,1,1,0
100844,6,5,0,0,119
100844,7,6,0,0,170
100844,8,5,0,2,153
100844,9,1,0,0,15
100844,10,6,1,1,125
100844,11,5,0,1,136
100844,12,1,0,1,45
100844,13,5,0,0,112
100844,14,4,0,0,123
100845,1,3,2,0,51
100845,2,3,0,0,85
100845,3,7,1,1,149
100845,4,5,0,0,143
100845,5,6,2,1,140
100845,6,5,0,1,130
100845,7,3,0,0,42
100845,8,7,0,0,157
100845,9,7,1,1,154
100845,10,5,0,1,128
100845,11,6,0,1,128
100845,12,6,0,1,162
100845,13,2,0,1,49
100845,14,5,0,0,142
100846,1,7,0,0,181
100846,2,1,1,0,38
100846,3,4,0,0,98
100846,4,5,1,0,162
100846,5,2,0,0,35
100846,6,1,0,0,54
100846,7,2,0,0,62
100846,8,0,0,0,6
100846,9,0,0,0,20
100846,10,2,1,0,60
100846,11,2,0,0,70
100846,12,0,0,1,0
100846,13,2,0,0,54
100846,14,0,0,1,7
100847,1,7,0,1,189
100847,2,5,0,2,155
100847,3,3,0,3,110
100847,4,1,1,0,54
100847,5,4,1,1,86
100847,6,8,1,0,189
100847,7,5,0,1,152
100847,8,7,1,0,159
100847,9,5,0,1,146
100847,10,4,0,2,106
100847,11,5,0,1,123
100847,12,5,0,1,131
100847,13,2,0,0,52
100847,14,6,1,1,134
100848,1,1,0,0,0
100848,2,3,0,0,97
100848,3,6,0,0,143
100848,4,4,0,0,95
100848,5,0,0,0,0
100849,1,3,0,1,86
100849,2,1,0,0,31
100849,3,2,0,1,69
100849,4,0,0,0,0
100849,5,2,1,0,98
100849,6,3,1,0,67
100849,7,3,0,0,101
100849,8,1,0,0,44
100850,1,4,1,0,73
100850,2,4,0,0,80
100850,3,3,1,0,43
100850,4,4,0,0,74
100850,5,3,0,1,70
100850,6,6,0,1,154
100850,7,6,0,0,189
100850,8,1,1,1,25
100850,9,7,0,0,170
100850,10,3,0,2,93
100850,11,5,0,1,123
100850,12,6,0,0,186
100850,13,3,0,1,48
100850,14,5,1,0,137
100851,1,5,0,1,118
100851,2,2,0,0,38
100851,3,2,0,0,67
100851,4,4,1,1,105
100851,5,4,0,0,84
100851,6,1,0,0,20
100851,7,3,0,0,52
100851,8,1,0,0,52
100851,9,0,1,0,18
100851,10,3,0,0,63
100851,11,1,0,0,21
100851,12,1,0,1,0
100851,13,4,0,1,91
100851,14,1,0,0,30
100852,1,4,0,0,131
100852,2,6,2,0,149
100852,3,0,0,1,0
100852,4,6,1,0,155
100852,5,3,0,3,54
100852,6,2,1,1,49
100852,7,5,2,0,169
100852,8,4,1,1,109
100852,9,5,2,1,144
100852,10,5,2,0,102
100852,11,3,0,1,59
100852,12,6,1,1,147
100852,13,3,2,0,68
100852,14,5,0,1,105
100853,1,7,1,0,156
100853,2,8,0,1,215
100853,3,7,0,1,185
100853,4,4,0,0,116
100853,5,10,2,1,269
100853,6,6,0,0,141
100853,7,10,2,2,269
100853,8,10,0,0,253
100853,9,6,0,0,167
100853,10,7,0,1,182
100853,11,4,0,1,82
100853,12,11,1,2,262
100853,13,7,0,0,159
100853,14,5,0,1,119
100854,1,0,2,0,4
100854,2,7,0,1,181
100854,3,9,0,0,243
100854,4,7,1,1,170
100854,5,9,1,0,242
100854,6,7,0,0,183
100854,7,5,0,1,110
100854,8,9,0,0,183
100854,9,4,0,1,106
100854,10,3,0,1,42
100854,11,6,0,0,142
100854,12,5,1,0,150
100854,13,7,1,3,186
100854,14,4,0,0,95
100855,1,8,1,0,204
100855,2,3,0,0,44
100855,3,4,1,2,124
100855,4,5,0,2,127
100855,5,1,1,0,0
100855,6,1,0,0,3
100855,7,3,0,1,117
100855,8,3,0,2,64
100855,9,0,0,0,10
100855,10,1,0,1,20
100855,11,0,0,1,13
100855,12,4,1,1,114
100855,13,2,0,0,54
100855,14,6,0,0,149
100856,1,2,0,1,34
100856,2,4,0,0,75
100856,3,3,0,0,96
100856,4,6,0,0,161
100856,5,2,0,0,48
100856,6,1,1,0,33
100856,7,0,0,0,0
100856,8,1,0,0,42
100856,9,2,1,0,46
100856,10,2,0,0,57
100856,11,2,0,0,21
100856,12,4,0,1,82
100856,13,0,0,0,0
100856,14,1,0,0,40
100857,1,6,0,0,167
100857,2,2,0,0,51
100857,3,1,0,0,27
100857,4,1,0,1,57
100857,5,2,0,0,39
100857,6,1,1,0,44
100857,7,2,0,0,39
100857,8,1,0,1,34
100857,9,2,0,0,40
100857,10,2,0,1,11
100858,1,8,0,2,216
100858,2,2,1,0,46
100858,3,4,0,0,103
100858,4,5,0,1,110
100858,5,11,0,1,295
100858,6,6,0,2,141
100858,7,2,0,1,13
100858,8,9,1,1,231
100858,9,4,0,0,83
100858,10,4,0,1,89
100858,11,6,1,0,148
100858,12,5,1,1,159
100858,13,7,0,0,231
100858,14,6,0,0,134
100859,1,6,0,2,194
100859,2,5,2,0,136
100859,3,8,1,0,230
100859,4,3,1,2,84
100859,5,5,1,0,156
100859,6,6,0,1,155
100859,7,8,0,3,191
100859,8,7,1,1,171
100859,9,8,0,0,243
100859,10,8,0,0,179
100859,11,8,0,0,260
100859,12,5,0,1,158
100859,13,11,1,4,277
100859,14,5,0,1,123
100860,1,4,0,0,139
100860,2,5,0,0,124
100860,3,3,0,0,89
100860,4,3,0,1,66
100860,5,2,1,0,17
100860,6,3,0,0,80
100860,7,1,0,0,41
100860,8,4,0,0,106
100860,9,2,0,0,38
100860,10,1,0,0,0
100860,11,2,0,0,59
100860,12,6,0,2,175
100860,13,5,1,0,125
100861,1,17,1,2,430
100861,2,7,1,0,177
100861,3,4,0,2,88
100861,4,13,0,1,330
100861,5,5,2,0,132
100861,6,8,2,1,189
100861,7,7,0,0,216
100861,8,11,1,1,318
100861,9,8,1,0,216
100861,10,8,1,2,202
100861,11,6,0,0,171
100861,12,9,1,2,229
100861,13,7,2,0,161
100861,14,12,1,2,298
100862,1,2,0,0,46
100862,2,2,0,0,32
100862,3,0,0,0,0
100862,4,1,0,0,35
100862,5,0,0,0,3
100862,6,0,0,0,3
100862,7,0,0,0,0
100862,8,0,0,0,0
100862,9,0,0,0,20
100862,10,1,0,0,37
100862,11,0,0,0,2
100862,12,0,0,0,34
100862,13,0,0,0,2
100862,14,0,0,0,3
100863,1,2,0,0,69
100863,2,4,0,0,104
100863,3,6,1,1,156
100863,4,3,1,0,61
100863,5,4,0,1,107
100863,6,4,0,0,82
100863,7,3,0,0,77
100863,8,3,0,0,97
100863,9,4,0,0,78
100863,10,3,1,1,86
100863,11,5,0,0,120
100863,12,1,1,0,50
100863,13,2,0,0,31
100863,14,3,0,0,106
100864,1,3,0,0,79
100864,2,2,0,1,30
100864,3,2,0,2,64
100864,4,4,1,0,98
100864,5,2,0,0,54
100864,6,3,0,0,75
100864,7,4,1,0,139
100864,8,3,0,0,62
100864,9,2,1,1,49
100864,10,3,0,0,53
100864,11,6,0,0,148
100864,12,2,1,0,70
100864,13,0,0,0,0
100864,14,4,0,1,64
100865,1,7,1,1,172
100865,2,6,0,1,155
100865,3,3,2,0,106
100865,4,5,0,0,123
100865,5,3,0,0,66
100865,6,6,1,1,162
100865,7,1,0,0,25
100865,8,4,0,0,122
100865,9,7,1,2,188
100865,10,3,0,0,110
100865,11,4,0,0,100
100865,12,7,1,2,181
100865,13,6,1,0,166
100865,14,9,0,1,233
100866,1,10,1,1,240
100866,2,15,0,2,394
100866,3,9,0,0,210
100866,4,10,0,0,263
100866,5,9,1,3,209
100866,6,10,0,2,269
100866,7,15,1,0,381
100866,8,7,1,1,192
100866,9,9,0,2,236
100866,10,8,1,0,208
100866,11,14,0,1,378
100866,12,13,1,1,324
100866,13,10,1,0,226
100866,14,9,0,1,233
100867,1,6,0,0,164
100867,2,5,0,1,156
100867,3,5,0,1,134
100867,4,3,0,1,98
100867,5,4,1,0,94
100867,6,5,0,0,123
100867,7,3,0,0,81
100867,8,2,0,1,50
100867,9,3,0,1,71
100867,10,4,1,1,117
100867,11,5,1,0,140
100867,12,6,0,1,135
100867,13,5,0,2,155
100867,14,5,0,0,163
100868,1,5,0,0,106
100868,2,5,0,0,107
100868,3,8,0,0,207
100868,4,2,0,0,96
100868,5,4,1,2,89
100868,6,6,1,1,145
100868,7,5,0,2,120
100868,8,2,1,2,88
100868,9,6,0,2,140
100868,10,7,0,1,204
100868,11,6,0,0,149
100869,1,4,0,0,85
100869,2,1,0,1,16
100869,3,4,0,0,128
100869,4,3,0,0,63
100869,5,2,0,2,72
100869,6,2,0,0,54
100869,7,2,0,0,60
100869,8,3,0,0,66
100869,9,3,0,1,99
100869,10,0,0,0,29
100869,11,2,0,2,65
100869,12,1,0,0,0
100870,1,7,2,1,182
100870,2,7,1,1,197
100870,3,3,1,1,70
100870,4,8,0,1,225
100870,5,8,1,1,217
100870,6,2,0,1,42
100870,7,4,1,0,131
100870,8,6,0,1,146
100870,9,7,1,0,149
100870,10,7,0,0,167
100870,11,9,1,0,231
100870,12,8,0,1,170
100870,13,6,0,1,129
100870,14,3,0,1,53
100871,1,2,0,0,73
100871,2,3,0,0,98
100871,3,1,0,0,34
100871,4,2,0,0,38
100871,5,1,0,0,11
100871,6,1,0,0,49
100871,7,3,1,0,66
100871,8,1,0,0,21
100871,9,1,0,0,50
100871,10,1,0,1,30
100871,11,4,0,0,114
100871,12,2,0,0,36
100871,13,2,1,0,81
100871,14,2,0,0,41
100872,1,2,1,1,30
100872,2,3,0,0,64
100872,3,2,0,1,54
100872,4,4,0,1,113
100872,5,3,2,1,80
100872,6,3,1,0,79
100872,7,8,0,0,204
100872,8,4,0,1,87
100872,9,2,0,1,41
100872,10,7,1,0,171
100872,11,3,0,1,81
100872,12,4,0,0,103
100872,13,3,0,1,85
100872,14,6,1,1,181
100873,1,7,0,0,167
100873,2,6,1,0,120
100873,3,5,1,0,144
100873,4,6,0,1,178
100873,5,6,1,2,149
100873,6,10,0,0,255
100873,7,7,0,1,172
100873,8,5,1,3,109
100873,9,7,0,0,166
100873,10,6,0,2,162
100873,11,6,0,0,145
100873,12,11,1,2,297
100873,13,11,2,3,271
100873,14,10,1,1,268
100874,1,7,0,3,189
100874,2,11,1,1,272
100874,3,7,0,0,181
100874,4,3,1,0,53
100874,5,7,1,0,179
100874,6,6,1,0,150
100874,7,3,1,2,65
100874,8,2,0,2,30
100874,9,6,2,1,123
100874,10,4,2,1,118
100874,11,9,1,0,241
100874,12,4,1,2,79
100874,13,5,1,1,149
100874,14,6,1,1,154
100875,1,12,2,2,320
100875,2,10,1,0,275
100875,3,7,0,1,150
100875,4,11,0,3,299
100875,5,8,2,1,181
100875,6,10,2,1,235
100875,7,11,1,3,308
100875,8,9,0,0,256
100875,9,10,2,1,274
100875,10,11,2,3,283
100875,11,3,1,2,87
100875,12,10,1,1,263
100875,13,11,0,0,294
100875,14,11,1,1,279
100876,1,8,0,0,189
100876,2,9,1,1,205
100876,3,5,1,0,117
100876,4,8,0,2,213
100876,5,7,1,1,151
100876,6,9,0,2,217
100876,7,3,1,1,102
100876,8,12,0,1,300
100876,9,3,2,2,104
100876,10,3,0,1,89
100876,11,5,0,1,120
100876,12,8,0,1,209
100876,13,6,0,1,163
100876,14,5,0,0,154
100877,1,3,0,0,82
100877,2,3,0,0,57
100877,3,2,0,0,49
100877,4,5,0,0,148
100877,5,4,0,0,79
100877,6,2,0,0,38
100877,7,4,0,1,103
100877,8,0,0,1,7
100877,9,0,0,0,8
100877,10,0,1,2,5
100877,11,1,0,0,28
100877,12,1,0,0,20
100877,13,1,0,0,40
100877,14,1,0,0,22
100878,1,9,1,0,230
100878,2,9,0,0,243
100878,3,9,1,1,257
100878,4,6,0,0,137
100878,5,11,0,2,272
100878,6,3,1,0,61
100878,7,8,0,1,226
100878,8,3,0,2,86
100878,9,3,1,1,103
100878,10,3,1,0,69
100878,11,5,1,1,137
100878,12,6,0,2,183
100878,13,7,0,2,205
100878,14,10,0,0,265
100879,1,3,1,1,87
100879,2,7,0,1,168
100879,3,5,0,1,107
100879,4,5,1,1,122
100879,5,5,0,0,115
100879,6,4,1,0,113
100879,7,2,0,2,63
100879,8,7,0,0,171
100879,9,2,0,3,42
100879,10,2,0,0,57
100879,11,5,0,0,122
100879,12,6,1,1,148
100879,13,3,0,1,75
100879,14,6,1,0,175
100880,1,3,1,0,96
100880,2,6,0,0,193
100880,3,10,2,0,260
100880,4,5,0,1,113
100880,5,5,0,1,119
100880,6,2,0,0,45
100880,7,2,1,0,62
100880,8,6,1,2,165
100880,9,7,0,0,174
100880,10,3,0,2,76
100880,11,2,1,4,28
100880,12,9,0,0,243
100880,13,3,1,0,106
100880,14,2,1,1,51
100881,1,1,0,0,0
100881,2,3,0,0,74
100881,3,0,0,0,0
100881,4,1,0,0,14
100881,5,0,0,0,11
100881,6,0,0,0,0
100881,7,0,0,0,5
100881,8,0,0,0,0
100881,9,0,0,0,20
100881,10,1,0,0,19
100881,11,0,0,0,11
100881,12,0,0,0,0
100881,13,0,0,0,0
100881,14,0,0,0,5
100882,1,7,0,0,174
100882,2,1,1,0,17
100882,3,3,0,0,95
100882,4,5,1,0,130
100882,5,9,0,1,192
100882,6,4,0,0,113
100882,7,10,2,0,258
100882,8,4,0,1,136
100882,9,3,1,0,47
100882,10,2,0,0,20
100882,11,5,0,1,125
100882,12,4,0,2,91
100882,13,3,1,0,85
100882,14,7,1,1,205
100883,1,4,1,0,92
100883,2,2,0,0,54
100883,3,5,0,1,118
100883,4,3,1,0,63
100883,5,7,0,1,201
100883,6,6,1,1,165
100883,7,3,1,1,95
100883,8,3,0,0,52
100883,9,3,0,1,94
100883,10,6,0,0,143
100883,11,6,0,2,111
100883,12,3,2,0,99
100883,13,4,0,0,100
100883,14,5,0,0,99
100884,1,3,0,1,93
100884,2,1,0,0,31
100884,3,2,0,0,53
100884,4,1,0,0,15
100884,5,0,0,0,10
100884,6,2,0,0,43
100884,7,1,0,0,13
100884,8,1,0,0,1
100884,9,3,0,0,57
100884,10,0,0,0,0
100884,11,0,0,0,0
100884,12,0,0,0,4
100884,13,0,0,0,10
100884,14,0,0,0,6
100885,1,4,1,1,126
100885,2,3,1,2,49
100885,3,6,1,0,187
100885,4,3,1,0,59
100885,5,5,0,1,121
100885,6,7,0,1,189
100885,7,7,0,0,188
100885,8,1,0,0,39
100885,9,5,0,1,144
100885,10,6,1,1,142
100885,11,5,0,1,144
100885,12,4,1,0,103
100885,13,3,0,1,80
100885,14,2,0,1,41
100886,1,4,0,0,109
100886,2,4,0,1,111
100886,3,7,0,2,148
100886,4,4,0,0,148
100886,5,0,0,0,0
100886,6,2,0,0,66
100886,7,3,0,0,98
100886,8,5,0,1,129
100886,9,7,0,1,157
100886,10,3,0,0,90
100886,11,2,0,2,33
100886,12,4,1,0,85
100886,13,2,0,0,54
100886,14,2,1,0,26
100887,1,4,0,2,119
100887,2,2,0,1,37
100887,3,4,1,0,144
100887,4,5,0,0,113
100887,5,4,1,0,102
100887,6,1,0,0,51
100887,7,1,0,0,40
100887,8,3,1,0,59
100887,9,2,0,0,46
100887,10,2,0,1,21
100887,11,2,0,1,28
100887,12,1,1,0,0
100887,13,1,1,0,44
100887,14,0,0,1,23
100888,1,4,0,0,128
100888,2,4,0,1,94
100888,3,3,0,1,100
100888,4,5,0,0,118
100888,5,8,0,0,206
100888,6,4,0,1,114
100888,7,1,1,0,32
100888,8,7,0,0,173
100888,9,2,0,0,62
100888,10,3,0,1,63
100888,11,6,0,1,163
100888,12,2,1,0,79
100888,13,1,0,2,12
100888,14,4,0,2,107
100889,1,3,0,0,105
100889,2,6,0,0,176
100889,3,4,0,1,103
100889,4,3,0,0,70
100889,5,1,0,1,51
100889,6,10,0,2,237
100889,7,4,1,1,106
100889,8,3,1,0,88
100889,9,5,0,0,105
100889,10,1,0,0,21
100889,11,3,0,1,72
100889,12,2,0,0,47
100889,13,3,0,0,76
100889,14,3,0,1,63
100890,1,4,1,0,88
100890,2,1,0,0,26
100890,3,2,0,0,52
100890,4,4,0,0,136
100890,5,3,0,0,66
100890,6,1,0,0,22
100890,7,1,0,0,65
100890,8,1,0,0,0
100890,9,5,0,0,133
100890,10,0,0,0,0
100890,11,2,0,1,44
100890,12,0,0,0,0
100890,13,0,0,0,0
100890,14,0,0,0,0
100891,1,2,0,1,43
100891,2,3,0,0,81
100891,3,2,0,1,30
100891,4,3,0,1,85
100891,5,2,0,0,37
100891,6,4,0,0,99
100891,7,4,0,0,105
100891,8,2,1,0,31
100891,9,3,0,0,78
100891,10,4,0,0,113
100891,11,2,0,2,49
100891,12,3,0,0,50
100892,1,6,2,2,135
100892,2,4,1,1,131
100892,3,11,0,1,297
100892,4,3,1,0,101
100892,5,8,1,1,222
100892,6,6,0,1,142
100892,7,7,1,0,180
100892,8,5,1,0,146
100892,9,11,0,1,299
100892,10,7,0,1,170
100892,11,7,0,0,172
100892,12,7,0,3,220
100892,13,5,0,2,147
100892,14,5,1,1,126
100893,1,3,0,0,116
100893,2,0,0,0,0
100893,3,1,0,2,28
100893,4,5,0,1,127
100893,5,5,0,0,177
100893,6,5,0,1,126
100893,7,2,0,0,60
100893,8,4,0,0,122
100893,9,5,0,1,127
100893,10,4,0,0,105
100893,11,2,0,0,52
100893,12,1,1,0,1
100893,13,0,0,1,0
100893,14,1,0,0,29
100894,1,0,0,0,0
100894,2,1,0,0,17
100894,3,2,0,1,57
100894,4,2,0,1,35
100894,5,1,1,0,39
100894,6,2,1,0,73
100894,7,0,1,0,0
100894,8,2,0,0,80
100894,9,1,0,0,41
100894,10,2,1,0,54
100894,11,2,0,0,38
100894,12,0,0,0,28
100894,13,2,0,1,47
100894,14,1,0,0,38
100895,1,0,0,0,6
100895,2,2,0,0,74
100895,3,3,0,0,77
100895,4,3,0,0,78
100895,5,0,0,0,3
100895,6,2,0,0,96
100895,7,3,0,0,60
100895,8,2,0,0,50
100895,9,0,0,0,0
100895,10,1,0,0,39
100895,11,0,0,0,0
100895,12,0,0,0,19
100895,13,0,0,0,0
100895,14,0,0,1,16
100896,1,8,2,0,191
100896,2,6,1,0,130
100896,3,6,0,0,164
100896,4,6,0,2,177
100896,5,6,1,2,176
100896,6,5,0,2,137
100896,7,5,1,1,129
100896,8,6,0,3,177
100896,9,5,0,0,110
100896,10,11,2,4,283
100896,11,2,2,0,47
100896,12,11,0,1,292
100896,13,6,0,2,171
100896,14,6,0,0,139
100897,1,1,0,0,11
100897,2,3,0,0,83
100897,3,5,0,2,147
100897,4,0,0,0,0
100897,5,1,0,0,23
100897,6,1,0,0,18
100897,7,1,0,0,29
100897,8,2,0,0,54
100897,9,0,0,0,40
100897,10,0,0,0,0
100897,11,0,0,0,31
100897,12,0,0,0,20
100897,13,1,0,1,55
100897,14,0,0,0,0
100898,1,15,1,1,406
100898,2,7,1,1,176
100898,3,8,0,0,191
100898,4,3,2,1,64
100898,5,3,0,1,101
100898,6,10,0,0,284
100898,7,12,1,0,315
100898,8,10,1,2,255
100898,9,8,0,2,222
100898,10,8,1,1,177
100898,11,5,0,0,102
100898,12,4,0,1,88
100898,13,8,2,2,214
100898,14,11,1,2,315
100899,1,1,0,1,43
100899,2,4,0,0,85
100899,3,8,1,0,187
100899,4,5,1,0,123
100899,5,3,0,2,89
100899,6,5,0,1,138
100899,7,1,1,3,45
100899,8,4,0,3,88
100899,9,4,0,3,96
100899,10,9,0,1,223
100899,11,7,1,1,178
100899,12,12,1,0,308
100899,13,8,0,0,201
100899,14,2,1,0,52
100900,1,12,0,0,316
100900,2,10,2,1,292
100900,3,11,1,1,293
100900,4,7,1,2,182
100900,5,10,1,0,237
100900,6,11,2,1,266
100900,7,8,1,1,198
100900,8,10,1,3,236
100900,9,11,1,0,242
100900,10,13,1,0,303
100900,11,7,1,4,174
100900,12,16,1,1,409
100900,13,6,2,0,141
100900,14,10,1,0,283
100901,1,5,0,0,117
100901,2,4,1,0,75
100901,3,2,0,0,29
100901,4,3,1,0,63
100901,5,6,1,0,150
100901,6,5,0,0,114
100901,7,5,0,2,127
100901,8,4,2,1,122
100901,9,1,0,0,32
100901,10,7,0,0,211
100901,11,0,0,0,0
100901,12,3,0,2,45
100901,13,4,0,0,137
100901,14,2,0,1,47
100902,1,3,0,1,62
100902,2,7,0,0,161
100902,3,14,1,0,396
100902,4,4,0,1,118
100902,5,8,0,0,195
100902,6,9,0,0,230
100902,7,8,0,2,188
100902,8,8,1,2,221
100902,9,5,0,1,144
100902,10,9,1,1,227
100902,11,7,0,2,191
100902,12,6,0,1,142
100902,13,10,0,1,279
100902,14,11,0,1,249
100903,1,6,0,0,144
100903,2,2,1,0,53
100903,3,2,0,0,55
100903,4,4,0,1,118
100903,5,4,1,2,118
100903,6,6,0,0,133
100903,7,7,2,0,177
100903,8,4,0,0,94
100903,9,2,0,1,62
100903,10,4,0,0,89
100903,11,4,2,0,93
100903,12,6,0,1,165
100903,13,2,1,1,70
100903,14,2,0,0,45
100904,1,7,0,0,188
100904,2,4,0,1,99
100904,3,4,0,0,65
100904,4,2,0,0,60
100904,5,4,0,0,107
100904,6,4,0,0,122
100904,7,2,1,0,61
100904,8,8,0,1,213
100904,9,3,0,1,76
100904,10,1,0,2,32
100904,11,3,0,2,60
100904,12,5,1,1,124
100904,13,3,0,1,56
100904,14,3,0,1,72
100905,1,4,0,1,74
100905,2,3,1,1,96
100905,3,4,0,1,110
100905,4,1,1,0,6
100905,5,6,0,0,150
100905,6,2,0,0,45
100905,7,8,0,0,208
100905,8,5,2,1,105
100905,9,6,0,3,169
100905,10,6,1,1,165
100905,11,2,0,0,45
100905,12,7,1,1,211
100905,13,4,2,0,114
100905,14,5,1,1,159
100906,1,6,0,0,147
100906,2,2,0,0,40
100906,3,3,0,0,87
100906,4,1,0,2,47
100906,5,1,1,1,15
100906,6,3,0,0,80
100906,7,4,0,0,93
100906,8,1,1,0,0
100906,9,5,0,0,155
100906,10,2,0,0,51
100906,11,4,0,0,105
100906,12,2,0,0,67
100907,1,1,0,0,69
100907,2,3,0,0,69
100907,3,3,0,0,101
100907,4,4,0,0,86
100907,5,1,0,0,51
100907,6,1,0,0,40
100907,7,0,0,0,5
100907,8,2,0,0,28
100907,9,1,0,0,22
100907,10,2,0,2,91
100907,11,4,0,0,94
100907,12,2,0,0,57
100907,13,2,0,1,47
100907,14,3,0,0,82
100908,1,8,0,2,165
100908,2,7,0,1,173
100908,3,10,0,0,265
100908,4,4,1,0,100
100908,5,9,0,0,239
100908,6,4,0,2,104
100908,7,7,0,0,182
100908,8,4,0,0,108
100908,9,7,1,2,194
100908,10,7,1,2,172
100908,11,2,2,3,36
100908,12,9,0,2,240
100908,13,7,0,0,181
100908,14,7,2,1,167
100909,1,13,1,2,352
100909,2,15,1,1,390
100909,3,14,1,4,336
100909,4,7,1,2,200
100909,5,16,2,0,417
100909,6,15,1,0,374
100909,7,12,0,1,325
100909,8,9,0,1,230
100909,9,16,2,2,420
100909,10,11,2,4,255
100909,11,19,1,4,481
100909,12,11,1,1,295
100909,13,11,1,1,277
100909,14,14,2,5,375
100910,1,4,0,0,101
100910,2,3,1,1,65
100910,3,4,0,0,124
100910,4,3,1,1,88
100910,5,5,0,0,139
100910,6,4,2,1,81
100910,7,4,0,2,109
100910,8,7,1,1,202
100910,9,3,0,0,84
100910,10,3,0,1,99
100910,11,8,0,0,197
100910,12,5,0,0,117
100910,13,5,2,2,163
100910,14,9,0,1,245
100911,1,2,0,2,75
100911,2,2,0,0,34
100911,3,1,1,1,32
100911,4,6,0,1,181
100911,5,6,1,0,149
100911,6,4,0,0,83
100911,7,2,0,0,51
100911,8,4,0,0,97
100911,9,4,0,1,99
100911,10,1,0,2,37
100911,11,2,0,3,44
100911,12,1,1,0,35
100911,13,4,0,0,61
100911,14,1,0,0,24
100912,1,3,0,0,85
100912,2,2,0,0,43
100912,3,2,0,0,47
100912,4,2,0,3,55
100912,5,5,0,0,115
100912,6,3,0,0,56
100912,7,1,1,0,48
100912,8,2,0,1,84
100912,9,2,0,0,26
100912,10,4,1,0,145
100912,11,1,0,0,27
100912,12,2,0,0,57
100912,13,2,0,0,74
100912,14,2,0,0,29
100913,1,10,2,0,275
100913,2,12,2,1,276
100913,3,4,1,0,117
100913,4,5,0,2,159
100913,5,3,1,2,95
100913,6,1,0,0,22
100913,7,6,0,0,141
100913,8,5,1,0,122
100913,9,5,0,0,135
100913,10,7,1,0,180
100913,11,4,1,2,74
100913,12,5,1,1,156
100913,13,8,0,1,186
100913,14,3,0,1,82
100914,1,4,0,0,139
100914,2,4,0,2,86
100914,3,4,1,1,124
100914,4,2,0,0,50
100914,5,4,1,1,91
100914,6,8,1,1,217
100914,7,3,0,0,86
100914,8,2,0,2,78
100914,9,2,1,0,85
100914,10,4,1,2,126
100914,11,4,0,1,109
100914,12,5,0,0,109
100914,13,3,0,0,107
100914,14,1,0,0,9
100915,1,9,0,0,232
100915,2,4,0,1,129
100915,3,3,1,1,69
100915,4,3,0,2,60
100915,5,2,1,0,34
100915,6,5,1,1,108
100915,7,6,0,3,145
100915,8,2,1,1,51
100915,9,6,2,0,140
100915,10,4,0,0,107
100915,11,1,0,1,47
100915,12,2,2,2,64
100915,13,1,0,0,15
100915,14,5,0,0,125
100916,1,2,0,0,78
100916,2,2,0,0,57
100916,3,5,0,0,139
100916,4,1,0,0,0
100916,5,0,0,0,0
100916,6,0,0,0,14
100916,7,1,0,0,45
100916,8,0,0,0,17
100916,9,2,0,0,31
100916,10,2,0,0,69
100916,11,0,0,0,0
100916,12,0,0,0,6
100916,13,0,0,1,0
100916,14,0,1,0,0
100917,1,1,0,1,22
100917,2,4,0,0,98
100917,3,3,0,0,85
100917,4,3,0,0,85
100917,5,2,0,0,52
100917,6,4,1,0,102
100917,7,5,0,1,154
100917,8,8,0,0,240
100918,1,7,0,0,212
100918,2,6,1,0,144
100918,3,12,2,2,337
100918,4,10,0,2,281
100918,5,6,0,0,159
100918,6,7,0,0,188
100918,7,9,0,1,247
100918,8,10,1,0,249
100918,9,9,1,0,226
100918,10,10,1,1,273
100918,11,10,0,1,250
100918,12,6,2,2,150
100918,13,8,1,0,216
100918,14,11,0,1,297
100919,1,11,1,0,300
100919,2,9,1,1,225
100919,3,6,0,3,162
100919,4,3,0,1,95
100919,5,8,0,0,212
100919,6,8,2,0,202
100919,7,9,0,1,230
100919,8,6,0,0,154
100919,9,9,0,0,224
100919,10,4,0,0,115
100919,11,6,1,0,164
100919,12,8,0,1,192
100919,13,5,1,2,130
100919,14,5,0,0,138
100920,1,3,0,0,55
100920,2,0,1,0,0
100920,3,0,0,0,25
100920,4,1,0,0,27
100920,5,3,1,0,68
100920,6,2,1,1,49
100920,7,2,0,0,66
100920,8,3,0,0,57
100920,9,1,1,0,47
100920,10,2,1,0,39
100920,11,1,0,1,18
100920,12,0,0,0,0
100920,13,0,1,0,0
100920,14,5,0,0,118
100921,1,5,0,1,121
100921,2,4,0,0,98
100921,3,4,0,0,105
100921,4,4,0,2,85
100921,5,2,0,0,47
100921,6,0,0,1,7
100921,7,1,0,1,28
100921,8,5,0,1,134
100921,9,4,0,1,116
100921,10,4,1,1,110
100921,11,2,0,0,23
100921,12,3,0,0,58
100921,13,1,0,0,41
100921,14,3,0,0,52
100922,1,3,0,0,81
100922,2,3,0,0,96
100922,3,0,0,0,0
100922,4,1,0,0,27
100922,5,0,0,1,0
100922,6,1,0,0,26
100922,7,0,0,0,0
100922,8,0,0,0,0
100922,9,0,0,0,26
100922,10,0,0,0,14
100922,11,1,0,0,45
100922,12,0,0,0,0
100922,13,0,0,0,0
100922,14,1,0,0,33
100923,1,2,0,1,71
100923,2,1,0,1,7
100923,3,3,0,0,59
100923,4,4,2,2,125
100923,5,5,0,0,121
100923,6,4,1,1,93
100923,7,4,2,0,65
100923,8,3,1,1,91
100923,9,2,0,1,82
100923,10,2,1,1,48
100923,11,4,1,2,116
100923,12,5,1,0,127
100923,13,7,0,1,160
100923,14,2,0,0,64
100924,1,5,0,0,128
100924,2,2,0,0,64
100924,3,1,0,0,47
100924,4,3,0,0,58
100924,5,0,0,0,1
100924,6,2,0,0,80
100924,7,1,0,0,56
100924,8,3,1,2,129
100924,9,4,0,0,86
100924,10,3,0,0,35
100924,11,1,0,0,2
100924,12,2,0,0,65
100924,13,1,0,0,6
100924,14,0,0,1,3
100925,1,8,0,0,247
100925,2,2,1,0,57
100925,3,6,0,1,167
100925,4,2,0,2,41
100925,5,4,0,0,115
100925,6,10,0,1,238
100925,7,7,0,1,181
100925,8,4,0,1,90
100925,9,4,1,0,133
100925,10,9,1,0,203
100925,11,3,1,1,82
100925,12,5,1,0,123
100925,13,6,1,1,163
100925,14,5,0,1,130
100926,1,7,1,0,196
100926,2,4,1,2,104
100926,3,0,0,1,11
100926,4,3,0,0,105
100926,5,7,0,0,177
100926,6,1,1,0,0
100926,7,2,1,1,54
100926,8,2,0,1,51
100926,9,2,0,0,62
100926,10,4,0,1,106
100926,11,3,0,0,101
100927,1,5,1,0,144
100927,2,2,1,0,24
100927,3,8,0,2,226
100927,4,4,1,1,96
100927,5,4,1,0,95
100927,6,1,1,1,28
100927,7,3,0,0,54
100927,8,5,0,2,143
100927,9,6,0,0,166
100927,10,10,0,0,245
100927,11,5,0,0,144
100927,12,1,0,0,38
100927,13,6,2,0,146
100927,14,8,0,0,195
100928,1,3,0,1,64
100928,2,2,0,1,54
100928,3,1,0,0,49
100928,4,6,0,0,145
100928,5,4,0,0,125
100928,6,2,0,0,48
100928,7,4,0,2,98
100928,8,5,0,0,108
100928,9,4,0,0,98
100928,10,3,0,0,67
100928,11,1,0,0,33
100928,12,1,0,0,29
100928,13,6,0,0,148
100928,14,2,0,0,53
100929,1,4,1,1,106
100929,2,4,0,3,83
100929,3,4,0,1,127
100929,4,3,0,0,63
100929,5,5,2,2,108
100929,6,3,1,0,91
100929,7,4,0,1,104
100929,8,5,1,0,149
100929,9,6,1,1,165
100929,10,4,2,0,76
100929,11,5,0,1,120
100929,12,5,0,0,122
100929,13,3,1,0,110
100929,14,4,0,1,103
100930,1,2,0,0,65
100930,2,1,0,1,34
100930,3,0,0,0,17
100930,4,3,0,0,62
100930,5,1,0,0,24
100930,6,2,0,0,11
100930,7,4,0,0,74
100931,1,8,2,2,212
100931,2,4,0,1,117
100931,3,8,1,0,205
100931,4,6,1,1,155
100931,5,13,2,2,347
100931,6,8,0,1,174
100931,7,5,2,1,130
100931,8,11,1,0,297
100931,9,6,1,0,145
100931,10,8,0,1,225
100931,11,10,1,1,267
100931,12,12,0,1,297
100931,13,6,0,1,166
100931,14,7,1,0,191
100932,1,12,1,1,300
100932,2,12,2,0,299
100932,3,8,0,1,209
100932,4,10,1,1,282
100932,5,14,2,1,402
100932,6,16,2,0,416
100932,7,19,0,2,497
100932,8,6,1,0,175
100932,9,12,1,2,300
100932,10,13,2,0,335
100932,11,11,2,1,300
100932,12,12,1,0,324
100932,13,10,2,0,254
100932,14,15,2,2,384
100933,1,8,1,1,209
100933,2,6,1,0,168
100933,3,5,1,1,154
100933,4,4,1,1,103
100933,5,5,1,1,147
100933,6,2,0,0,29
100933,7,5,0,0,157
100933,8,16,1,1,441
100933,9,4,0,2,115
100933,10,9,1,0,238
100933,11,8,1,2,197
100933,12,7,0,1,168
100933,13,7,1,0,185
100933,14,6,1,1,184
100934,1,5,0,1,84
100934,2,3,0,1,71
100934,3,4,0,1,80
100934,4,3,0,1,73
100934,5,2,0,0,59
100934,6,8,0,0,211
100934,7,7,1,1,134
100934,8,4,0,0,81
100934,9,4,0,0,111
100934,10,6,1,0,165
100934,11,3,1,1,44
100934,12,8,1,1,213
100934,13,6,0,0,193
100934,14,6,1,0,157
100935,1,5,0,2,133
100935,2,6,0,0,138
100935,3,5,0,0,156
100935,4,7,0,0,192
100935,5,0,1,0,0
100935,6,2,0,2,56
100935,7,7,0,0,179
100935,8,4,0,2,108
100935,9,3,1,2,101
100935,10,1,0,0,22
100935,11,6,1,1,142
100935,12,5,0,3,127
100936,1,9,0,0,219
100936,2,6,1,0,172
100936,3,7,0,0,175
100936,4,5,0,0,116
100936,5,4,1,0,149
100936,6,6,1,0,182
100936,7,6,0,0,162
100936,8,6,1,2,182
100936,9,4,2,0,111
100936,10,7,2,0,175
100936,11,6,2,2,173
100936,12,6,1,0,150
100936,13,7,0,1,174
100936,14,11,1,1,267
100937,1,4,0,0,141
100937,2,3,0,0,77
100937,3,2,0,1,58
100937,4,3,1,1,93
100937,5,1,0,2,32
100937,6,2,1,0,85
100937,7,3,0,0,67
100937,8,1,0,1,41
100937,9,0,0,0,0
100937,10,5,1,1,155
100937,11,1,0,0,3
100937,12,2,0,0,56
100937,13,2,1,0,65
100937,14,1,0,0,4
100938,1,7,1,2,207
100938,2,1,0,1,25
100938,3,8,0,0,235
100938,4,6,0,1,172
100938,5,6,0,1,164
100938,6,2,1,1,46
100938,7,4,1,2,94
100938,8,4,1,2,83
100938,9,6,0,1,161
100938,10,4,1,0,125
100938,11,1,1,0,17
100938,12,3,1,2,77
100938,13,9,0,1,208
100938,14,3,0,1,83
100939,1,5,2,0,125
100939,2,2,0,1,45
100939,3,7,0,1,184
100939,4,5,0,0,105
100939,5,5,1,0,162
100939,6,6,2,0,137
100939,7,5,1,0,160
100940,1,1,1,1,25
100940,2,7,1,0,173
100940,3,3,0,0,77
100940,4,4,0,0,93
100940,5,3,0,3,54
100940,6,5,0,0,161
100940,7,8,0,0,216
100940,8,7,0,1,184
100940,9,4,0,0,135
100940,10,4,2,0,111
100940,11,11,0,0,330
100940,12,7,0,0,173
100940,13,8,0,0,211
100940,14,5,1,2,104
100941,1,10,0,1,248
100941,2,2,0,1,40
100941,3,4,0,0,103
100941,4,6,0,1,123
100941,5,3,1,1,73
100941,6,7,0,1,168
100941,7,5,0,1,129
100941,8,3,0,0,67
100941,9,5,0,1,164
100941,10,6,0,0,166
100941,11,3,0,0,80
100941,12,4,0,0,88
100941,13,5,1,4,141
100941,14,4,0,0,111
100942,1,6,1,0,138
100942,2,6,0,0,167
100942,3,5,0,0,143
100942,4,3,0,1,89
100942,5,3,0,1,55
100942,6,3,1,1,73
100942,7,1,0,0,0
100942,8,3,1,1,91
100942,9,5,0,0,135
100942,10,10,0,0,274
100942,11,4,0,0,100
100942,12,1,0,0,10
100942,13,3,1,0,61
100942,14,2,1,1,55
100943,1,1,0,1,30
100943,2,4,0,0,110
100943,3,3,0,0,43
100943,4,1,0,0,20
100943,5,1,0,0,8
100943,6,1,0,0,23
100943,7,0,0,0,4
100943,8,1,0,0,35
100943,9,0,0,1,0
100943,10,2,0,0,73
100943,11,0,0,0,9
100943,12,0,0,0,0
100943,13,0,0,0,0
100943,14,1,0,0,26
100944,1,12,1,0,292
100944,2,11,2,2,301
100944,3,4,1,2,100
100944,4,6,2,1,185
100944,5,9,0,1,234
100944,6,6,0,0,145
100944,7,15,1,1,418
100944,8,11,1,0,271
100944,9,7,0,2,175
100944,10,12,1,2,308
100944,11,8,1,1,214
100944,12,11,0,0,265
100944,13,8,0,0,221
100944,14,11,0,0,298
100945,1,6,1,1,164
100945,2,5,0,1,123
100945,3,7,1,0,176
100945,4,9,0,1,246
100945,5,6,0,0,169
100945,6,6,0,2,167
100945,7,6,2,0,149
100945,8,8,0,0,189
100945,9,6,1,0,139
100945,10,8,0,0,207
100945,11,5,1,2,120
100945,12,8,1,0,173
100945,13,4,0,0,122
100945,14,1,1,0,35
100946,1,8,0,2,198
100946,2,4,0,0,111
100946,3,2,1,2,59
100946,4,7,0,1,181
100946,5,5,0,0,137
100946,6,3,1,1,77
100946,7,1,1,1,0
100946,8,7,0,0,186
100946,9,1,0,0,33
100946,10,5,0,0,81
100946,11,0,0,0,0
100946,12,3,1,3,77
100946,13,4,0,0,122
100946,14,2,0,0,15
100947,1,6,0,1,152
100947,2,6,0,2,148
100947,3,4,0,0,125
100947,4,4,1,0,105
100947,5,6,0,1,134
100947,6,7,0,1,200
100947,7,11,0,0,294
100947,8,5,0,1,129
100947,9,3,0,0,58
100947,10,4,0,0,93
100947,11,2,0,0,39
100947,12,4,0,0,87
100947,13,4,1,0,79
100947,14,5,1,1,125
100948,1,4,0,1,114
100948,2,4,1,0,112
100948,3,3,0,0,83
100948,4,0,0,0,22
100948,5,3,0,0,60
100948,6,2,1,1,50
100948,7,0,0,0,0
100948,8,3,0,2,104
100948,9,3,0,0,77
100948,10,3,0,0,87
100948,11,3,1,0,97
100948,12,5,0,2,141
100948,13,3,0,0,105
100948,14,1,0,0,6
100949,1,2,0,0,71
100949,2,3,1,0,90
100949,3,5,0,0,134
100949,4,7,1,0,178
100949,5,4,0,0,73
100949,6,5,0,0,116
100949,7,1,0,0,61
100949,8,4,0,1,100
100949,9,1,1,0,33
100949,10,2,0,0,38
100949,11,3,1,0,49
100949,12,6,0,0,165
100949,13,2,0,0,26
100949,14,2,0,0,19
100950,1,7,0,0,167
100950,2,0,0,2,0
100950,3,0,0,0,18
100950,4,0,1,0,7
100950,5,2,0,0,60
100950,6,1,0,0,0
100950,7,4,0,0,85
100950,8,1,0,2,31
100950,9,2,0,1,66
100950,10,2,0,1,34
100950,11,0,0,0,0
100950,12,3,0,0,86
100950,13,1,1,0,13
100950,14,4,0,1,107
100951,1,3,1,0,70
100951,2,6,0,0,136
100951,3,1,0,1,82
100951,4,5,0,0,147
100951,5,2,0,1,91
100951,6,2,0,0,24
100951,7,2,0,0,51
100951,8,4,1,0,98
100951,9,0,0,0,13
100951,10,2,0,0,34
100951,11,5,0,0,144
100951,12,1,0,1,47
100951,13,0,0,0,0
100951,14,0,0,0,1
100952,1,5,2,2,121
100952,2,2,0,1,38
100952,3,2,0,1,42
100952,4,7,1,1,162
100952,5,7,1,0,144
100952,6,6,0,1,130
100952,7,5,0,0,141
100952,8,7,0,1,185
100952,9,10,0,0,255
100952,10,11,0,0,306
100952,11,7,0,1,178
100952,12,8,0,0,205
100952,13,5,0,0,117
100952,14,4,1,0,129
100953,1,6,0,0,179
100953,2,6,0,0,181
100953,3,8,0,0,199
100953,4,13,1,0,352
100953,5,8,1,0,189
100953,6,4,0,0,103
100953,7,8,0,0,214
100953,8,2,0,1,49
100953,9,5,0,0,110
100953,10,3,0,2,125
100953,11,6,0,0,137
100953,12,7,0,0,203
100953,13,8,1,0,210
100953,14,10,0,2,249
100954,1,3,0,0,74
100954,2,8,2,1,181
100954,3,7,0,0,182
100954,4,3,1,0,73
100954,5,4,1,0,88
100954,6,4,0,1,119
100954,7,4,1,0,112
100954,8,3,1,0,78
100954,9,4,0,1,98
100954,10,2,0,1,51
100954,11,6,0,0,145
100954,12,3,0,1,53
100954,13,6,0,0,175
100954,14,5,1,1,137
100955,1,6,0,0,148
100955,2,6,1,0,163
100955,3,11,1,1,280
100955,4,4,1,1,81
100955,5,7,1,1,173
100955,6,6,0,2,147
100955,7,10,1,0,273
100955,8,4,0,1,120
100955,9,8,0,0,173
100955,10,3,0,1,104
100955,11,4,0,0,97
100955,12,2,1,0,43
100955,13,4,2,2,94
100955,14,10,1,1,275
100956,1,5,0,0,123
100956,2,5,0,1,130
100956,3,3,0,1,94
100956,4,6,0,0,153
100956,5,6,1,0,159
100956,6,6,1,0,139
100956,7,4,0,1,95
100956,8,7,0,0,185
100956,9,8,0,0,168
100956,10,4,1,0,87
100956,11,1,0,1,0
100956,12,8,0,0,244
100956,13,5,0,1,148
100956,14,6,1,0,202
100957,1,0,0,0,0
100957,2,1,0,0,15
100957,3,0,0,0,0
100957,4,0,0,0,1
100957,5,0,0,0,0
100957,6,0,0,0,9
100957,7,0,0,0,9
100957,8,0,0,0,0
100957,9,0,0,1,0
100957,10,0,1,0,0
100957,11,0,0,0,10
100957,12,0,0,0,0
100957,13,0,0,0,0
100957,14,0,0,0,0
100958,1,4,0,0,110
100958,2,2,0,0,68
100958,3,3,0,0,66
100958,4,2,0,1,28
100958,5,2,0,1,64
100958,6,2,0,0,47
100958,7,0,0,0,0
100958,8,5,0,0,134
100958,9,2,0,0,57
100958,10,1,0,0,27
100958,11,1,0,0,22
100958,12,0,1,0,6
100958,13,0,0,0,4
100958,14,0,0,0,11
100959,1,4,0,1,86
100959,2,5,0,0,151
100959,3,4,0,0,77
100959,4,6,1,0,171
100959,5,0,0,0,0
100959,6,4,0,0,110
100959,7,5,0,1,110
100959,8,6,0,1,157
100959,9,6,1,0,147
100959,10,3,0,0,75
100959,11,1,1,1,41
100959,12,3,0,0,57
100959,13,4,0,2,98
100959,14,2,1,0,42
100960,1,2,0,1,13
100960,2,2,1,0,60
100960,3,3,0,0,68
100960,4,7,0,0,179
100960,5,4,0,0,75
100960,6,3,0,0,51
100960,7,0,0,0,13
100960,8,0,0,0,11
100960,9,1,0,0,53
100960,10,5,0,0,140
100960,11,2,0,0,20
100960,12,0,0,0,0
100960,13,1,0,0,4
100960,14,1,1,0,33
100961,1,7,2,1,179
100961,2,4,0,1,118
100961,3,17,1,0,467
100961,4,5,0,2,144
100961,5,11,0,3,298
100961,6,10,0,1,259
100961,7,9,1,4,222
100961,8,11,0,1,258
100961,9,8,1,1,194
100961,10,5,0,1,125
100961,11,9,0,3,233
100961,12,12,0,1,323
100961,13,7,1,0,158
100961,14,9,0,1,183
100962,1,3,0,0,60
100962,2,2,0,0,59
100962,3,1,0,1,16
100962,4,3,0,0,68
100962,5,1,0,0,18
100962,6,1,1,0,0
100962,7,0,0,0,0
100962,8,1,0,0,32
100962,9,0,0,0,0
100962,10,0,0,0,0
100962,11,1,0,0,21
100962,12,1,0,0,30
100962,13,0,0,0,0
100962,14,0,0,0,17
100963,1,4,0,3,93
100963,2,3,1,2,63
100963,3,7,1,0,184
100963,4,6,0,0,145
100963,5,7,0,1,191
100963,6,8,1,0,191
100963,7,6,0,0,157
100963,8,9,2,1,227
100963,9,4,0,2,134
100963,10,10,0,0,246
100963,11,2,0,0,49
100963,12,3,0,1,79
100963,13,9,1,1,235
100963,14,4,1,0,116
100964,1,9,1,1,226
100964,2,10,0,0,252
100964,3,13,0,0,342
100964,4,9,0,0,194
100964,5,7,0,4,156
100964,6,7,0,2,196
100964,7,2,0,0,59
100964,8,6,1,3,176
100964,9,11,0,0,275
100964,10,6,2,1,144
100964,11,6,0,1,150
100964,12,3,1,0,60
100964,13,6,0,2,174
100964,14,9,0,0,211
100965,1,4,0,0,130
100965,2,3,0,0,84
100965,3,1,0,2,43
100965,4,4,1,1,120
100965,5,3,0,1,59
100965,6,1,1,0,54
100966,1,3,1,1,112
100966,2,7,0,0,191
100966,3,6,1,0,146
100966,4,4,0,2,146
100966,5,5,0,2,116
100966,6,7,1,0,161
100966,7,4,0,0,91
100966,8,6,1,0,142
100966,9,1,2,1,27
100966,10,5,1,1,119
100966,11,7,0,1,173
100966,12,3,1,1,98
100966,13,8,0,0,197
100966,14,3,0,0,71
100967,1,2,0,0,25
100967,2,1,0,0,18
100967,3,1,0,0,23
100967,4,0,0,0,0
100967,5,0,1,0,15
100967,6,1,0,0,99
100967,7,0,0,0,0
100967,8,0,0,0,17
100967,9,0,0,1,11
100967,10,0,0,0,0
100967,11,0,1,0,13
100967,12,0,1,0,0
100967,13,0,0,0,19
100968,1,7,1,1,194
100968,2,8,1,1,239
100968,3,1,0,0,0
100968,4,4,0,0,68
100968,5,4,0,0,108
100968,6,3,1,0,89
100968,7,3,0,0,66
100968,8,1,0,0,12
100968,9,1,1,1,33
100968,10,6,2,0,155
100968,11,1,0,1,18
100968,12,3,1,1,109
100968,13,3,0,0,89
100968,14,9,0,1,278
100969,1,4,0,0,137
100969,2,3,0,0,74
100969,3,2,1,0,46
100969,4,5,0,0,147
100969,5,4,0,0,129
100969,6,5,0,0,130
100969,7,4,0,1,109
100969,8,4,0,1,89
100969,9,4,0,1,137
100969,10,2,0,0,51
100969,11,5,0,0,119
100969,12,2,1,1,30
100969,13,2,0,1,39
100969,14,4,1,0,89
100970,1,3,0,0,76
100970,2,0,0,0,5
100970,3,1,0,0,14
100970,4,2,0,0,61
100970,5,0,0,0,10
100970,6,0,0,0,0
100970,7,0,0,0,25
100970,8,1,0,0,20
100970,9,0,0,0,0
100970,10,0,1,0,0
100970,11,0,0,0,0
100970,12,0,0,0,0
100970,13,0,0,0,0
100970,14,0,0,0,16
100971,1,3,0,1,71
100971,2,5,0,3,141
100971,3,5,1,0,132
100971,4,5,0,0,104
100971,5,5,0,2,134
100971,6,4,1,1,97
100971,7,6,0,2,155
100971,8,1,0,0,57
100971,9,4,1,0,116
100971,10,4,1,0,81
100971,11,3,1,0,82
100971,12,5,1,1,123
100971,13,5,0,2,128
100971,14,3,1,0,107
100972,1,5,1,2,120
100972,2,3,1,1,54
100972,3,5,0,1,158
100972,4,2,1,0,40
100972,5,4,0,0,112
100972,6,2,0,2,41
100972,7,1,0,1,10
100972,8,7,0,1,182
100972,9,2,1,0,35
100972,10,3,1,1,77
100972,11,3,0,2,67
100972,12,2,1,1,78
100972,13,2,1,1,31
100972,14,7,0,0,180
100973,1,4,1,1,68
100973,2,7,0,2,205
100973,3,7,1,0,174
100973,4,6,0,2,151
100973,5,9,1,1,247
100973,6,4,0,0,102
100973,7,3,1,1,66
100973,8,9,1,1,286
100973,9,5,0,1,160
100973,10,4,0,1,92
100973,11,4,2,1,129
100973,12,10,1,1,233
100973,13,3,1,2,88
100973,14,5,1,1,136
100974,1,8,1,1,234
100974,2,9,2,1,227
100974,3,4,0,0,116
100974,4,7,1,0,204
100974,5,4,1,0,113
100974,6,8,0,0,206
100974,7,7,0,0,220
100974,8,8,0,1,193
100974,9,5,1,0,124
100974,10,9,2,0,224
100974,11,10,1,2,235
100974,12,2,0,0,35
100974,13,8,0,0,206
100974,14,3,0,1,65
100975,1,2,0,0,48
100975,2,0,0,0,9
100975,3,1,0,0,5
100975,4,3,0,0,82
100975,5,2,0,0,63
100975,6,3,0,0,89
100975,7,4,0,0,96
100975,8,0,0,0,0
100975,9,2,0,0,80
100975,10,0,0,0,4
100975,11,2,0,1,56
100975,12,1,0,0,29
100975,13,0,0,0,0
100975,14,0,0,0,0
100976,1,9,0,1,198
100976,2,8,0,1,238
100976,3,6,0,0,164
100976,4,11,0,1,253
100976,5,9,0,0,247
100976,6,10,1,3,292
100976,7,3,2,0,78
100976,8,7,1,0,193
100976,9,5,0,3,116
100976,10,10,1,0,266
100976,11,10,0,1,240
100976,12,11,1,0,279
100976,13,6,1,0,155
100976,14,7,2,3,170
100977,1,7,0,3,157
100977,2,8,1,4,206
100977,3,4,2,0,109
100977,4,5,0,1,114
100977,5,10,1,0,279
100977,6,10,1,0,256
100977,7,6,1,0,160
100977,8,3,1,1,65
100977,9,5,1,1,113
100977,10,7,2,1,175
100977,11,9,1,0,213
100977,12,7,1,0,209
100977,13,6,1,0,153
100977,14,9,1,1,262
100978,1,9,2,1,202
100978,2,9,0,2,222
100978,3,15,1,1,411
100978,4,8,1,0,154
100978,5,7,1,1,181
100978,6,5,1,0,136
100978,7,7,0,1,173
100978,8,10,1,1,230
100978,9,10,2,0,230
100978,10,6,1,1,164
100978,11,5,1,0,133
100978,12,8,2,0,229
100978,13,8,0,0,209
100978,14,7,1,0,201
100979,1,3,0,0,76
100979,2,2,0,0,52
100979,3,0,0,0,0
100979,4,1,0,0,44
100979,5,0,0,0,0
100979,6,1,0,0,0
100979,7,1,0,0,25
100979,8,0,0,0,12
100979,9,0,1,0,0
100979,10,0,0,0,0
100979,11,1,0,0,61
100979,12,0,0,0,0
100979,13,0,0,0,0
100979,14,0,0,0,0
100980,1,7,0,0,146
100980,2,8,1,1,202
100980,3,6,0,0,154
100980,4,6,1,0,133
100980,5,6,1,1,164
100980,6,9,1,0,257
100980,7,7,0,3,195
100980,8,3,1,1,86
100980,9,6,1,0,110
100981,1,3,0,0,58
100981,2,3,0,0,98
100981,3,3,0,0,62
100981,4,2,0,1,74
100981,5,3,0,0,83
100981,6,0,0,0,12
100981,7,0,1,0,0
100981,8,0,0,0,5
100981,9,2,0,1,47
100981,10,1,0,0,13
100981,11,2,0,0,42
100981,12,0,0,0,24
100981,13,2,0,0,29
100981,14,1,0,0,24
100982,1,15,0,3,399
100982,2,9,0,0,244
100982,3,7,0,1,164
100982,4,9,2,1,237
100982,5,10,2,1,231
100982,6,8,1,1,219
100982,7,8,1,2,227
100982,8,6,1,1,152
100982,9,9,1,1,246
100982,10,8,1,2,214
100982,11,9,0,1,226
100982,12,7,0,1,142
100982,13,10,1,0,239
100982,14,12,0,1,317
100983,1,5,0,0,107
100983,2,1,0,0,43
100983,3,2,0,0,80
100983,4,1,0,0,23
100983,5,1,0,0,10
100983,6,4,0,0,119
100983,7,4,0,1,112
100983,8,3,0,0,70
100983,9,3,1,1,66
100983,10,2,0,0,69
100983,11,4,0,1,84
100983,12,0,0,0,0
100983,13,0,0,0,0
100983,14,1,0,0,55
100984,1,1,0,0,27
100984,2,2,1,2,49
100984,3,3,0,1,49
100984,4,3,0,0,71
100984,5,1,0,0,44
100984,6,6,0,1,193
100984,7,3,0,0,77
100984,8,1,1,0,44
100984,9,4,0,0,92
100984,10,2,0,0,46
100985,1,7,0,0,188
100985,2,3,1,1,85
100985,3,2,0,3,64
100985,4,7,0,1,174
100985,5,4,1,1,114
100985,6,6,1,1,150
100985,7,7,1,1,201
100985,8,4,1,1,87
100985,9,9,1,0,250
100985,10,3,1,1,60
100986,1,5,0,0,148
100986,2,10,1,0,274
100986,3,9,1,1,232
100986,4,8,1,2,159
100986,5,5,1,0,118
100986,6,9,1,2,228
100986,7,9,1,1,228
100986,8,9,0,1,214
100986,9,11,1,2,277
100986,10,14,1,1,331
100986,11,11,2,0,303
100986,12,13,2,1,366
100986,13,7,0,2,211
100986,14,8,1,1,225
100987,1,1,0,0,24
100987,2,8,0,0,202
100987,3,4,0,0,128
100987,4,2,0,0,72
100987,5,1,0,0,55
100987,6,2,0,0,70
100987,7,1,0,0,12
100987,8,3,0,0,56
100987,9,1,0,0,14
100987,10,1,0,0,18
100987,11,0,0,0,0
100987,12,0,1,0,5
100987,13,1,0,0,37
100987,14,0,0,0,0
100988,1,1,0,0,27
100988,2,1,0,0,52
100988,3,0,0,0,0
100988,4,1,1,0,11
100988,5,2,1,0,40
100988,6,3,0,0,90
100988,7,2,0,0,52
100988,8,0,0,0,0
100988,9,3,0,1,68
100988,10,0,0,0,7
100988,11,2,0,0,58
100988,12,0,0,0,0
100988,13,0,0,0,0
100988,14,0,0,0,5
100989,1,6,0,1,180
100989,2,4,0,1,88
100989,3,8,0,0,244
100989,4,7,1,1,151
100989,5,5,1,2,114
100989,6,5,0,1,127
100989,7,5,1,3,118
100989,8,4,1,1,109
100989,9,9,0,1,236
100989,10,6,1,0,160
100989,11,5,1,0,154
100989,12,5,2,1,124
100989,13,8,1,1,237
100989,14,5,2,0,167
100990,1,7,0,0,186
100990,2,3,0,0,65
100990,3,4,1,0,97
100990,4,3,0,2,95
100990,5,7,0,0,171
100990,6,5,1,0,114
100990,7,4,1,0,85
100990,8,3,0,0,89
100990,9,4,0,0,117
100990,10,4,1,0,125
100990,11,9,1,1,238
100990,12,12,0,1,321
100990,13,7,0,0,202
100990,14,6,0,0,152
100991,1,4,0,0,108
100991,2,4,0,0,132
100991,3,2,0,0,48
100991,4,1,0,0,12
100991,5,2,0,0,51
100991,6,0,0,0,21
100991,7,2,0,0,57
100991,8,1,0,0,34
100991,9,1,0,0,44
100991,10,0,0,0,0
100991,11,0,0,0,7
100991,12,0,0,0,0
100991,13,0,0,0,1
100991,14,0,0,0,0
100992,1,3,0,1,84
100992,2,5,1,0,112
100992,3,3,1,0,113
100992,4,5,1,0,148
100992,5,4,0,0,132
100992,6,3,1,1,66
100992,7,3,0,1,74
100992,8,3,0,0,82
100992,9,3,0,0,82
100992,10,9,0,1,211
100992,11,10,1,0,246
100992,12,5,1,0,147
100992,13,6,0,1,129
100992,14,2,0,1,35
100993,1,7,0,1,220
100993,2,8,2,3,208
100993,3,10,1,0,278
100993,4,11,1,0,272
100993,5,7,1,2,164
100993,6,5,2,0,133
100993,7,14,1,2,368
100993,8,10,2,1,264
100993,9,7,1,0,209
100993,10,11,1,1,260
100993,11,2,1,1,56
100993,12,9,1,1,214
100993,13,7,2,2,193
100993,14,12,1,0,336
100994,1,2,0,1,46
100994,2,0,0,0,0
100994,3,4,0,0,124
100994,4,5,1,0,155
100994,5,1,0,0,28
100994,6,1,0,0,1
100994,7,0,0,0,14
100994,8,1,0,1,25
100994,9,1,1,0,23
100994,10,0,0,1,0
100994,11,2,0,0,34
100994,12,1,0,0,57
100994,13,1,0,1,39
100994,14,0,0,1,5
100995,1,0,0,0,8
100995,2,1,0,0,28
100995,3,1,0,0,29
100995,4,0,0,0,0
100995,5,0,0,1,0
100995,6,1,1,0,22
100995,7,3,0,0,59
100995,8,1,0,0,44
100995,9,0,0,0,0
100995,10,0,0,0,8
100995,11,0,0,0,16
100995,12,0,0,0,0
100996,1,2,0,0,66
100996,2,1,0,0,0
100996,3,1,0,0,61
100996,4,0,0,0,0
100996,5,0,0,0,0
100996,6,1,0,0,54
100996,7,0,0,0,0
100996,8,0,0,0,0
100996,9,0,0,0,0
100996,10,0,0,0,10
100997,1,4,1,1,123
100997,2,3,0,2,99
100997,3,5,1,0,119
100997,4,4,0,1,76
100997,5,1,0,1,37
100997,6,7,0,0,188
100997,7,8,0,0,182
100997,8,3,0,0,92
100997,9,5,1,0,130
100997,10,4,0,0,114
100997,11,4,1,1,106
100997,12,6,0,0,160
100997,13,6,0,0,146
100997,14,3,0,0,65
100998,1,2,0,0,70
100998,2,7,0,1,171
100998,3,6,0,1,174
100998,4,8,0,3,186
100998,5,7,1,0,168
100998,6,4,1,0,81
100998,7,5,1,1,129
100998,8,3,0,1,97
100998,9,3,0,1,84
100998,10,6,0,1,144
100998,11,7,1,1,169
100998,12,8,0,0,183
100998,13,6,0,2,153
100998,14,7,0,2,177
100999,1,6,0,0,139
100999,2,10,1,1,257
100999,3,13,1,0,371
100999,4,6,0,0,158
100999,5,4,2,0,107
100999,6,6,0,0,145
100999,7,7,0,3,183
100999,8,11,1,2,274
100999,9,13,1,2,344
100999,10,8,0,2,198
100999,11,7,0,1,199
100999,12,3,1,3,102
100999,13,6,1,0,171
100999,14,5,1,0,105
101000,1,3,0,1,85
101000,2,0,0,0,0
101000,3,1,0,0,27
101000,4,4,0,1,113
101000,5,5,0,0,158
101000,6,2,1,0,42
101000,7,2,2,1,58
101000,8,3,0,0,73
101000,9,1,1,1,21
101000,10,1,0,0,0
101000,11,6,0,1,141
101000,12,5,0,1,140
101000,13,2,0,0,59
101000,14,5,0,0,130
101001,1,7,1,1,203
101001,2,5,0,2,100
101001,3,1,1,0,26
101001,4,2,1,1,16
101001,5,4,0,2,81
101001,6,4,2,0,99
101001,7,4,0,0,100
101001,8,5,1,0,133
101001,9,0,1,0,32
101001,10,4,0,0,81
101001,11,4,1,0,102
101001,12,0,0,2,13
101002,1,6,1,3,132
101002,2,9,0,1,226
101002,3,8,0,1,236
101002,4,12,2,3,309
101002,5,14,1,1,382
101002,6,10,1,0,247
101002,7,10,1,0,240
101002,8,6,1,0,154
101002,9,9,2,4,208
101002,10,11,1,1,289
101002,11,12,0,0,295
101002,12,9,0,0,230
101002,13,9,1,1,247
101002,14,8,2,4,179
101003,1,3,1,1,96
101003,2,4,1,0,87
101003,3,7,0,0,166
101003,4,5,0,1,128
101003,5,1,0,0,21
101003,6,2,0,1,57
101003,7,2,1,0,53
101003,8,1,1,0,9
101003,9,3,2,0,69
101003,10,1,0,0,37
101003,11,1,0,1,64
101003,12,1,0,0,73
101003,13,3,0,0,72
101003,14,4,0,0,130
101004,1,5,0,0,95
101004,2,3,1,1,65
101004,3,7,1,2,204
101004,4,7,1,1,211
101004,5,4,0,2,113
101004,6,5,0,0,139
101004,7,5,0,1,126
101004,8,5,1,0,137
101004,9,5,0,1,142
101004,10,6,0,1,125
101004,11,6,0,0,166
101004,12,5,0,0,126
101004,13,4,0,0,91
101004,14,4,0,0,116
101005,1,2,0,0,50
101005,2,4,0,0,93
101005,3,6,0,0,187
101005,4,2,0,0,65
101005,5,2,0,0,21
101005,6,2,1,0,67
101005,7,1,0,0,9
101005,8,1,0,1,19
101005,9,0,0,0,0
101005,10,3,0,0,85
101005,11,1,0,0,0
101005,12,0,0,0,0
101005,13,0,0,0,0
101005,14,0,0,0,0
101006,1,5,1,0,119
101006,2,6,2,1,170
101006,3,6,1,2,146
101006,4,3,1,1,89
101006,5,3,0,2,83
101006,6,13,0,2,336
101006,7,3,0,0,85
101006,8,8,0,2,199
101006,9,4,0,2,64
101006,10,7,1,1,205
101006,11,2,0,0,47
101006,12,9,1,2,236
101006,13,8,1,0,185
101006,14,7,2,2,195
101007,1,7,1,1,166
101007,2,5,0,1,127
101007,3,3,0,2,62
101007,4,3,0,0,103
101007,5,3,1,0,85
101007,6,4,0,0,110
101007,7,1,0,0,6
101007,8,6,1,0,154
101007,9,4,0,0,113
101007,10,1,0,0,45
101007,11,5,0,2,117
101007,12,3,0,1,74
101007,13,3,0,0,82
101007,14,4,0,2,71
101008,1,13,0,0,372
101008,2,8,1,0,178
101008,3,9,0,0,226
101008,4,6,0,1,143
101008,5,9,2,2,217
101008,6,7,1,0,212
101008,7,4,0,2,119
101008,8,5,0,2,112
101008,9,11,2,0,293
101008,10,6,0,2,153
101008,11,7,1,1,165
101008,12,3,1,0,117
101008,13,5,0,1,149
101008,14,8,1,1,184
101009,1,6,1,2,152
101009,2,2,0,2,35
101009,3,3,0,0,83
101009,4,6,0,1,135
101009,5,4,0,0,113
101009,6,2,0,1,84
101009,7,11,0,1,289
101009,8,4,1,0,76
101009,9,2,1,0,57
101009,10,5,1,0,103
101009,11,2,1,0,31
101009,12,8,1,1,199
101009,13,3,1,1,52
101009,14,5,1,1,119
101010,1,6,0,1,165
101010,2,5,1,1,113
101010,3,3,0,0,63
101010,4,6,1,0,166
101010,5,5,0,1,124
101010,6,4,1,0,105
101010,7,5,0,1,112
101010,8,3,1,1,51
101010,9,8,2,0,192
101010,10,3,0,2,47
101010,11,3,1,1,59
101010,12,4,0,1,123
101010,13,3,0,0,91
101010,14,2,0,0,27
101011,1,1,1,1,51
101011,2,4,0,0,106
101011,3,2,0,0,64
101011,4,5,0,0,121
101011,5,6,2,2,136
101011,6,4,0,1,92
101011,7,4,0,1,100
101011,8,7,1,0,173
101011,9,4,1,0,98
101011,10,2,1,0,82
101011,11,3,1,1,85
101011,12,7,0,1,193
101011,13,3,0,0,54
101011,14,3,0,0,78
101012,1,4,0,2,120
101012,2,2,1,0,68
101012,3,3,1,2,80
101012,4,5,1,0,173
101012,5,7,0,1,210
101012,6,3,1,2,49
101012,7,7,0,0,202
101012,8,6,0,1,179
101012,9,3,0,0,70
101012,10,2,1,2,44
101012,11,5,0,1,118
101012,12,3,2,0,96
101012,13,4,0,0,91
101012,14,2,1,1,61
101013,1,6,0,1,146
101013,2,3,0,0,74
101013,3,1,0,0,13
101013,4,6,0,0,159
101013,5,4,0,0,118
101013,6,2,1,0,57
101013,7,5,0,0,153
101013,8,6,0,0,188
101013,9,3,0,1,52
101013,10,3,0,1,60
101013,11,5,0,1,137
101013,12,4,0,0,130
101013,13,4,0,1,121
101013,14,1,0,1,23
101014,1,2,0,0,9
101014,2,2,1,0,36
101014,3,1,0,0,21
101014,4,5,0,0,95
101014,5,4,0,0,104
101014,6,1,1,0,18
101014,7,3,0,2,94
101015,1,5,1,4,139
101015,2,5,1,0,143
101015,3,7,2,0,168
101015,4,7,0,0,168
101015,5,4,2,2,97
101015,6,9,0,1,239
101015,7,8,1,0,240
101015,8,6,0,0,150
101015,9,4,0,3,117
101015,10,7,1,1,182
101015,11,6,0,1,142
101015,12,6,1,2,190
101015,13,4,2,0,95
101015,14,4,2,1,88
101016,1,4,0,0,93
101016,2,3,0,2,108
101016,3,4,1,0,72
101016,4,4,1,1,76
101016,5,3,0,0,99
101016,6,2,0,2,49
101016,7,4,0,1,103
101016,8,4,0,1,120
101016,9,4,1,0,107
101016,10,4,0,2,80
101016,11,4,0,0,112
101016,12,4,0,0,109
101016,13,3,0,1,73
101016,14,1,0,0,52
101017,1,5,0,2,147
101017,2,6,1,0,159
101017,3,8,0,2,172
101017,4,4,0,0,94
101017,5,8,1,3,252
101017,6,11,1,1,295
101017,7,3,2,0,87
101017,8,8,1,0,209
101017,9,4,1,2,102
101017,10,6,0,1,151
101017,11,2,0,3,57
101017,12,6,0,1,161
101017,13,6,1,1,173
101017,14,4,0,0,122
101018,1,2,1,1,62
101018,2,1,0,1,43
101018,3,2,0,1,58
101018,4,3,0,0,92
101018,5,4,0,1,85
101018,6,4,0,0,97
101018,7,5,1,0,127
101018,8,6,1,0,118
101018,9,5,0,0,118
101018,10,4,1,0,106
101018,11,2,0,1,49
101018,12,2,0,0,48
101018,13,4,0,0,99
101018,14,1,0,1,29
101019,1,2,0,0,41
101019,2,4,0,0,79
101019,3,3,0,0,90
101019,4,3,0,0,80
101019,5,3,0,1,54
101019,6,5,0,0,130
101019,7,0,0,0,5
101019,8,1,0,0,18
101019,9,1,0,1,0
101019,10,2,0,0,37
101019,11,0,0,0,0
101019,12,1,0,1,30
101019,13,3,0,0,65
101019,14,0,0,0,0
101020,1,7,0,0,179
101020,2,8,1,0,222
101020,3,9,1,0,216
101020,4,8,0,2,206
101020,5,9,0,0,231
101020,6,11,0,0,303
101020,7,5,0,2,111
101020,8,8,1,1,204
101020,9,8,0,0,207
101021,1,2,0,0,93
101021,2,0,0,0,0
101021,3,3,0,0,78
101021,4,0,0,0,0
101021,5,2,0,0,29
101021,6,1,0,1,16
101021,7,1,0,0,42
101021,8,0,0,0,0
101021,9,2,0,0,60
101021,10,0,0,0,10
101021,11,0,0,0,4
101021,12,0,0,0,0
101021,13,0,0,1,0
101021,14,0,0,0,0
101022,1,6,1,3,136
101022,2,7,1,0,145
101022,3,5,0,0,115
101022,4,4,0,2,80
101022,5,3,1,0,39
101022,6,3,1,0,67
101022,7,8,0,0,194
101022,8,7,0,0,153
101022,9,1,1,0,12
101022,10,1,0,1,17
101022,11,3,0,2,76
101023,1,4,2,0,111
101023,2,7,1,0,170
101023,3,5,0,0,95
101023,4,2,1,1,87
101023,5,6,1,2,132
101023,6,5,0,0,107
101023,7,2,0,0,58
101023,8,2,1,0,63
101023,9,6,0,0,153
101023,10,1,0,0,22
101023,11,10,1,0,257
101023,12,7,1,0,183
101023,13,6,1,0,168
101023,14,5,1,0,160
101024,1,8,0,0,206
101024,2,6,0,2,155
101024,3,12,0,1,313
101024,4,6,1,2,144
101024,5,5,1,5,124
101024,6,11,0,2,282
101024,7,10,0,0,230
101024,8,2,1,0,75
101024,9,9,0,2,225
101024,10,5,2,0,145
101024,11,6,0,2,169
101024,12,3,0,0,73
101024,13,5,1,1,152
101024,14,4,0,1,99
101025,1,12,1,1,290
101025,2,5,1,0,117
101025,3,10,0,0,272
101025,4,4,1,2,89
101025,5,8,1,0,191
101025,6,12,0,0,290
101025,7,10,0,0,254
101025,8,13,2,2,356
101025,9,12,1,1,277
101025,10,8,0,0,213
101025,11,10,0,1,267
101025,12,6,1,0,126
101025,13,5,0,1,105
101025,14,9,0,1,216
101026,1,9,1,2,251
101026,2,9,1,2,238
101026,3,14,1,2,379
101026,4,20,1,2,559
101026,5,8,2,0,209
101026,6,15,1,1,407
101026,7,25,0,1,643
101026,8,28,1,2,715
101026,9,12,2,1,331
101026,10,13,0,0,306
101026,11,18,1,0,476
101026,12,13,1,1,330
101026,13,15,1,0,404
101026,14,20,1,2,526
101027,1,6,0,1,118
101027,2,10,1,0,275
101027,3,6,1,1,162
101027,4,8,0,1,226
101027,5,4,0,1,128
101027,6,4,0,1,103
101027,7,5,0,0,111
101027,8,2,0,0,15
101027,9,9,0,1,260
101027,10,4,1,0,97
101027,11,7,0,2,209
101027,12,7,0,0,161
101027,13,1,1,1,3
101027,14,9,1,1,230
101028,1,7,0,0,170
101028,2,4,0,1,69
101028,3,6,1,1,133
101028,4,8,1,1,249
101028,5,13,0,0,343
101028,6,13,0,2,326
101028,7,5,0,1,142
101028,8,5,1,1,120
101028,9,8,0,1,197
101028,10,6,0,1,163
101028,11,11,1,0,285
101028,12,8,1,2,208
101028,13,7,0,5,182
101028,14,10,1,1,255
101029,1,4,0,0,107
101029,2,6,0,1,128
101029,3,6,0,0,157
101029,4,5,0,1,130
101029,5,4,1,1,108
101029,6,8,0,1,211
101029,7,6,1,2,175
101029,8,4,0,3,76
101029,9,4,0,1,126
101029,10,7,1,0,199
101029,11,4,1,1,115
101029,12,4,0,1,116
101029,13,2,0,0,66
101029,14,6,0,0,140
101030,1,12,0,0,317
101030,2,10,1,0,268
101030,3,6,1,3,138
101030,4,10,1,1,287
101030,5,7,0,1,180
101030,6,8,0,0,170
101030,7,8,2,0,182
101030,8,10,1,0,242
101030,9,4,1,1,109
101030,10,7,1,3,184
101030,11,3,1,2,113
101030,12,7,0,0,175
101030,13,5,0,2,131
101030,14,2,0,0,68
101031,1,7,1,0,175
101031,2,3,0,3,96
101031,3,6,1,0,171
101031,4,7,1,1,170
101031,5,6,1,1,133
101031,6,8,0,1,225
101031,7,9,1,0,217
101031,8,2,0,2,89
101031,9,8,2,0,202
101031,10,5,0,0,127
101031,11,7,0,0,186
101031,12,7,1,1,197
101031,13,8,0,2,216
101031,14,5,2,0,159
101032,1,4,1,0,81
101032,2,6,1,0,152
101032,3,2,0,2,60
101032,4,1,1,2,26
101032,5,5,0,2,136
101032,6,3,0,0,80
101032,7,5,0,0,121
101032,8,9,1,0,248
101032,9,7,1,0,187
101032,10,9,0,2,225
101032,11,5,0,0,146
101032,12,3,0,0,52
101032,13,4,0,0,109
101032,14,6,0,1,181
101033,1,5,0,0,121
101033,2,2,0,1,45
101033,3,4,1,0,102
101033,4,4,0,0,89
101033,5,5,1,0,142
101033,6,4,0,0,97
101033,7,5,0,0,129
101033,8,4,1,0,119
101033,9,3,0,1,70
101033,10,2,1,0,77
101034,1,3,0,0,48
101034,2,3,0,0,64
101034,3,1,0,0,14
101034,4,2,1,0,41
101034,5,3,0,1,74
101034,6,2,1,0,65
101034,7,2,1,0,57
101034,8,2,0,1,32
101034,9,2,0,1,68
101034,10,2,0,0,44
101034,11,1,0,0,43
101035,1,3,1,3,85
101035,2,6,1,1,164
101035,3,2,1,1,40
101035,4,3,1,1,54
101035,5,9,0,2,244
101035,6,3,1,0,87
101035,7,10,0,0,267
101035,8,3,1,1,90
101035,9,3,1,0,46
101035,10,3,1,2,69
101035,11,3,1,1,97
101035,12,4,0,0,102
101035,13,8,1,0,226
101035,14,4,0,1,100
101036,1,9,1,1,226
101036,2,5,0,2,126
101036,3,9,1,0,227
101036,4,8,1,4,228
101036,5,8,0,0,194
101036,6,10,1,0,251
101036,7,9,0,1,241
101036,8,7,0,2,163
101036,9,13,0,1,305
101036,10,13,2,0,340
101036,11,12,2,0,301
101036,12,11,1,0,301
101036,13,6,2,0,125
101036,14,10,1,2,263
101037,1,6,1,0,189
101037,2,8,2,0,193
101037,3,8,1,0,223
101037,4,11,0,0,273
101037,5,3,1,3,70
101037,6,8,1,1,223
101037,7,7,0,1,188
101037,8,8,1,0,192
101037,9,4,0,1,92
101037,10,7,1,1,198
101037,11,9,0,0,267
101037,12,6,1,0,151
101037,13,7,2,1,187
101037,14,11,0,2,296
101038,1,7,1,0,207
101038,2,6,1,0,173
101038,3,4,1,0,99
101038,4,8,1,1,187
101038,5,6,1,1,117
101038,6,1,0,1,9
101038,7,4,0,1,94
101038,8,4,1,2,117
101038,9,6,0,0,188
101038,10,3,1,1,88
101038,11,4,1,1,97
101038,12,4,0,3,90
101038,13,5,0,0,142
101038,14,12,0,1,325
101039,1,2,0,0,33
101039,2,2,0,0,58
101039,3,4,0,0,103
101039,4,3,0,1,66
101039,5,5,0,0,139
101039,6,5,0,0,134
101039,7,3,0,0,78
101039,8,0,2,1,0
101039,9,1,0,0,31
101039,10,1,1,1,32
101039,11,4,0,0,92
101039,12,3,0,0,76
101039,13,3,0,0,55
101039,14,2,0,1,21
101040,1,2,0,0,29
101040,2,2,0,0,61
101040,3,3,0,0,74
101040,4,2,0,1,56
101040,5,5,0,0,131
101040,6,2,0,0,64
101040,7,1,0,0,20
101040,8,1,0,0,43
101040,9,1,0,0,13
101040,10,0,0,0,10
101040,11,0,0,0,3
101040,12,1,0,0,26
101040,13,0,0,0,0
101040,14,0,0,0,12
101041,1,2,0,0,74
101041,2,1,1,0,0
101041,3,0,0,0,7
101041,4,0,0,0,0
101041,5,0,0,0,0
101041,6,0,0,0,18
101041,7,0,0,0,0
101041,8,0,0,0,10
101041,9,0,0,0,0
101041,10,0,0,0,30
101041,11,0,0,0,8
101041,12,0,0,0,0
101041,13,0,0,0,0
101041,14,0,0,0,20
101042,1,1,0,0,49
101042,2,3,0,0,61
101042,3,3,1,0,91
101042,4,4,0,0,101
101042,5,3,1,0,85
101042,6,3,1,0,88
101042,7,2,0,1,62
101042,8,1,0,1,39
101042,9,2,0,0,49
101042,10,3,0,0,82
101042,11,0,0,0,18
101042,12,0,0,0,29
101042,13,1,0,0,34
101042,14,2,0,0,33
101043,1,1,0,0,31
101043,2,6,0,0,168
101043,3,7,0,0,167
101043,4,2,0,0,61
101043,5,1,0,1,14
101043,6,1,0,1,26
101043,7,2,0,1,70
101044,1,14,1,0,363
101044,2,8,1,2,214
101044,3,9,1,0,210
101044,4,12,1,1,295
101044,5,9,1,1,230
101044,6,13,0,4,310
101044,7,7,2,0,149
101044,8,5,0,2,133
101044,9,12,1,1,313
101044,10,15,1,1,396
101044,11,18,2,0,463
101044,12,12,2,3,324
101044,13,24,1,4,613
101044,14,12,1,0,293
101045,1,2,0,0,65
101045,2,3,0,0,59
101045,3,5,0,0,121
101045,4,3,0,1,86
101045,5,3,1,0,45
101045,6,1,0,2,22
101045,7,0,0,0,0
101045,8,1,0,0,37
101045,9,1,0,0,24
101045,10,3,0,1,118
101045,11,2,0,0,50
101045,12,1,0,0,9
101045,13,2,0,0,69
101045,14,1,1,1,29
101046,1,4,1,0,86
101046,2,7,1,0,163
101046,3,10,1,3,242
101046,4,6,0,1,134
101046,5,2,0,0,53
101046,6,6,0,0,142
101046,7,5,0,0,117
101046,8,8,2,1,242
101046,9,5,1,1,126
101046,10,8,0,0,208
101046,11,6,0,1,140
101046,12,8,1,0,219
101046,13,4,0,0,101
101046,14,3,1,0,71
101047,1,1,0,0,0
101047,2,1,0,1,0
101047,3,3,1,0,76
101047,4,2,1,0,76
101047,5,5,1,1,147
101047,6,5,0,2,122
101047,7,4,0,0,103
101047,8,4,0,0,129
101047,9,4,1,0,112
101047,10,2,0,1,36
101047,11,1,0,0,22
101047,12,3,1,0,67
101047,13,5,1,0,170
101047,14,1,1,1,31
101048,1,6,0,0,135
101048,2,5,1,2,113
101048,3,3,2,2,49
101048,4,7,0,2,214
101048,5,7,0,1,200
101048,6,4,0,0,108
101048,7,3,1,0,71
101048,8,9,0,1,243
101048,9,5,0,2,103
101048,10,9,0,0,232
101048,11,3,1,0,54
101048,12,4,1,4,88
101048,13,5,0,0,137
101048,14,5,0,3,158
101049,1,0,0,1,18
101049,2,3,0,0,77
101049,3,3,0,0,98
101049,4,3,0,0,76
101049,5,2,0,1,69
101049,6,1,0,0,17
101049,7,1,0,0,32
101049,8,0,0,0,12
101049,9,1,0,0,9
101050,1,9,0,2,191
101050,2,12,0,2,319
101050,3,6,2,1,167
101050,4,8,0,2,191
101050,5,13,1,2,333
101050,6,4,0,2,98
101050,7,14,2,2,376
101050,8,7,0,4,178
101050,9,4,0,1,113
101050,10,11,1,2,288
101050,11,11,1,0,282
101050,12,8,1,2,221
101050,13,9,1,3,246
101050,14,12,0,0,337
101051,1,1,0,0,28
101051,2,2,0,0,51
101051,3,0,0,0,0
101051,4,1,0,0,3
101051,5,0,0,0,0
101051,6,0,0,0,17
101051,7,0,0,0,7
101051,8,2,0,0,56
101051,9,1,0,0,14
101051,10,0,0,0,0
101051,11,0,0,0,0
101051,12,0,0,0,9
101051,13,0,1,0,0
101051,14,0,0,0,0
101052,1,3,0,0,97
101052,2,0,0,0,0
101052,3,2,1,1,79
101052,4,1,0,0,20
101052,5,1,0,0,28
101052,6,0,0,0,0
101052,7,0,0,0,0
101052,8,0,0,0,0
101052,9,0,0,0,3
101052,10,0,0,0,35
101052,11,0,0,0,15
101052,12,0,0,0,20
101052,13,0,0,0,0
101052,14,0,0,0,15
101053,1,1,0,0,4
101053,2,1,0,0,39
101053,3,0,0,0,2
101053,4,2,1,0,42
101053,5,1,0,0,18
101053,6,2,0,1,52
101053,7,1,0,0,32
101053,8,0,0,0,0
101053,9,1,1,0,28
101053,10,0,0,0,0
101053,11,1,0,0,24
101053,12,0,0,0,3
101053,13,0,0,0,0
101054,1,7,0,1,195
101054,2,11,1,2,282
101054,3,6,1,1,164
101054,4,8,1,0,207
101054,5,10,1,3,258
101054,6,5,1,0,146
101054,7,6,0,2,149
101054,8,4,0,0,103
101054,9,10,0,0,268
101054,10,8,0,0,206
101054,11,3,2,0,61
101054,12,6,1,0,187
101054,13,9,0,0,258
101054,14,4,0,0,121
101055,1,7,0,0,174
101055,2,9,0,0,229
101055,3,2,0,0,61
101055,4,4,0,0,94
101055,5,1,1,1,4
101055,6,5,0,0,90
101055,7,1,0,0,45
101055,8,7,0,1,177
101055,9,2,0,1,36
101055,10,8,0,0,207
101055,11,5,0,0,150
101055,12,5,0,1,120
101055,13,6,1,0,155
101055,14,3,0,2,59
101056,1,5,0,0,113
101056,2,3,1,0,85
101056,3,7,1,0,206
101056,4,6,2,2,169
101056,5,1,0,1,15
101056,6,3,0,1,73
101056,7,3,0,0,75
101056,8,4,0,1,119
101056,9,4,0,0,91
101056,10,2,1,0,48
101056,11,4,1,0,107
101056,12,5,2,1,101
101056,13,9,0,0,228
101056,14,8,1,1,212
101057,1,0,0,0,0
101057,2,1,0,0,25
101057,3,0,1,0,12
101057,4,4,0,0,143
101057,5,1,0,0,9
101057,6,2,0,0,71
101057,7,0,0,0,0
101057,8,3,0,0,95
101057,9,3,0,0,87
101057,10,1,0,0,31
101057,11,1,0,1,39
101057,12,0,0,0,0
101057,13,2,0,0,50
101058,1,3,1,0,100
101058,2,4,0,0,87
101058,3,3,0,1,103
101058,4,2,0,0,40
101058,5,6,0,0,134
101058,6,0,0,0,11
101058,7,3,0,0,44
101058,8,5,0,1,149
101058,9,2,0,0,60
101058,10,3,0,0,98
101058,11,1,0,0,35
101059,1,5,0,0,128
101059,2,4,1,0,137
101059,3,2,0,0,55
101059,4,6,1,1,152
101059,5,7,0,0,198
101059,6,6,0,2,176
101059,7,9,0,0,229
101059,8,8,1,1,218
101059,9,2,0,2,61
101059,10,3,0,0,71
101059,11,7,1,0,183
101059,12,4,0,2,120
101059,13,3,1,0,93
101059,14,5,0,0,106
101060,1,5,0,1,125
101060,2,8,0,3,204
101060,3,4,2,1,101
101060,4,3,0,0,80
101060,5,7,2,2,179
101060,6,6,0,2,143
101060,7,2,2,1,56
101060,8,6,1,2,175
101060,9,5,1,1,97
101060,10,2,1,2,69
101060,11,4,1,2,92
101060,12,3,2,0,52
101060,13,2,1,0,1
101060,14,2,1,1,57
101061,1,0,0,0,0
101061,2,1,0,0,26
101061,3,2,0,1,59
101061,4,1,0,1,44
101061,5,3,0,1,84
101061,6,2,0,0,61
101061,7,1,0,0,41
101061,8,0,0,0,0
101061,9,1,0,0,14
101062,1,18,1,1,486
101062,2,9,0,1,222
101062,3,13,1,2,320
101062,4,14,2,2,374
101062,5,9,0,1,241
101062,6,18,1,2,490
101062,7,10,2,1,241
101062,8,12,2,2,302
101062,9,12,1,0,277
101062,10,16,1,0,403
101062,11,15,2,0,399
101062,12,14,2,1,354
101062,13,9,1,0,253
101062,14,7,0,2,177
101063,1,19,1,1,488
101063,2,8,0,1,212
101063,3,8,0,0,233
101063,4,7,2,0,166
101063,5,14,0,0,351
101063,6,12,0,0,298
101063,7,8,0,0,198
101063,8,9,0,1,259
101063,9,6,0,0,164
101063,10,7,0,1,172
101063,11,8,1,0,209
101063,12,8,2,2,202
101063,13,9,1,2,219
101063,14,7,0,1,164
101064,1,6,1,1,154
101064,2,5,2,0,122
101064,3,4,1,2,121
101064,4,8,0,0,199
101064,5,5,1,0,144
101064,6,10,1,3,269
101064,7,7,0,2,165
101064,8,8,0,0,197
101064,9,10,1,0,237
101064,10,6,1,1,159
101064,11,13,1,1,329
101064,12,5,1,0,141
101064,13,8,0,0,211
101064,14,6,1,0,167
101065,1,9,0,2,245
101065,2,12,0,3,308
101065,3,6,1,2,166
101065,4,4,1,0,118
101065,5,5,2,2,146
101065,6,3,1,1,45
101065,7,4,0,1,132
101065,8,6,0,0,149
101065,9,5,0,0,151
101065,10,7,0,1,203
101065,11,4,1,0,154
101065,12,4,0,1,88
101065,13,7,0,0,184
101065,14,5,0,2,130
101066,1,1,0,0,44
101066,2,3,0,0,63
101066,3,0,0,0,10
101066,4,0,1,0,0
101066,5,0,0,1,0
101066,6,0,0,0,0
101066,7,0,0,0,4
101066,8,0,0,0,7
101066,9,0,0,0,0
101066,10,0,0,0,0
101066,11,0,0,0,11
101067,1,8,0,0,189
101067,2,8,1,1,207
101067,3,11,0,1,276
101067,4,7,1,0,185
101067,5,5,1,1,125
101067,6,4,1,1,107
101067,7,5,0,1,113
101067,8,10,1,0,284
101067,9,7,2,1,175
101067,10,1,1,0,24
101067,11,7,0,1,176
101067,12,6,0,1,136
101067,13,10,1,1,253
101067,14,4,0,1,115
101068,1,15,0,1,388
101068,2,11,0,1,266
101068,3,5,1,1,97
101068,4,6,2,3,189
101068,5,6,0,0,161
101068,6,6,0,1,128
101068,7,15,0,1,381
101068,8,4,2,1,95
101068,9,13,0,2,306
101068,10,10,1,1,239
101068,11,9,0,0,230
101068,12,7,2,2,167
101068,13,8,0,0,225
101068,14,8,1,0,238
101069,1,3,0,0,71
101069,2,4,1,1,97
101069,3,9,1,1,232
101069,4,2,2,4,25
101069,5,8,0,1,198
101069,6,8,0,2,201
101069,7,4,0,1,118
101069,8,3,1,0,71
101069,9,8,0,0,217
101069,10,3,0,0,58
101069,11,3,0,2,65
101069,12,4,0,0,88
101069,13,4,0,0,111
101069,14,2,0,0,39
101070,1,1,0,0,51
101070,2,3,0,0,78
101070,3,5,0,0,161
101070,4,0,0,0,23
101070,5,4,0,0,106
101070,6,2,0,0,29
101070,7,0,0,0,0
101070,8,1,0,0,50
101071,1,1,1,0,37
101071,2,1,0,4,25
101071,3,0,0,0,24
101071,4,1,2,0,23
101071,5,2,1,1,40
101071,6,3,1,0,70
101071,7,3,1,1,95
101071,8,3,1,0,91
101071,9,7,0,0,179
101071,10,1,0,0,37
101071,11,2,0,0,23
101071,12,5,0,0,123
101071,13,5,0,0,134
101071,14,4,0,0,89
101072,1,3,0,0,71
101072,2,2,0,1,51
101072,3,2,0,0,52
101072,4,3,0,0,66
101072,5,2,0,0,40
101072,6,1,0,0,12
101072,7,0,0,0,0
101072,8,0,0,0,0
101072,9,2,0,0,65
101072,10,1,0,0,13
101072,11,1,0,0,35
101072,12,0,0,0,0
101072,13,0,0,0,0
101072,14,0,0,0,0
101073,1,9,0,0,237
101073,2,6,1,0,138
101073,3,1,1,0,14
101073,4,3,0,0,63
101073,5,1,0,0,7
101073,6,0,0,0,13
101073,7,3,0,0,93
101073,8,5,0,1,129
101073,9,0,0,1,26
101073,10,4,0,0,95
101073,11,1,0,1,28
101073,12,1,0,0,25
101073,13,2,1,0,68
101073,14,3,0,0,89
101074,1,1,0,0,26
101074,2,4,0,0,80
101074,3,3,0,0,83
101074,4,1,0,0,47
101074,5,0,0,0,28
101074,6,2,0,0,53
101074,7,0,0,0,15
101074,8,0,0,0,3
101074,9,3,0,1,80
101074,10,3,0,0,84
101074,11,1,0,0,31
101074,12,1,0,0,28
101074,13,1,0,0,43
101074,14,1,0,0,29
101075,1,5,0,0,117
101075,2,5,1,0,97
101075,3,6,0,0,157
101075,4,4,1,0,135
101075,5,3,1,0,48
101075,6,5,1,0,139
101075,7,3,1,0,113
101075,8,6,0,0,130
101075,9,1,0,0,4
101075,10,1,0,1,14
101075,11,1,0,1,27
101075,12,4,1,0,111
101075,13,1,0,1,13
101075,14,1,0,0,15
101076,1,4,1,1,114
101076,2,3,0,0,60
101076,3,3,0,0,78
101076,4,5,0,3,129
101076,5,2,0,1,80
101076,6,4,1,1,113
101076,7,4,1,1,87
101076,8,4,1,0,104
101076,9,4,1,1,71
101076,10,4,1,0,116
101076,11,6,1,1,165
101076,12,6,0,0,157
101076,13,1,1,1,6
101076,14,4,0,2,95
101077,1,1,0,0,0
101077,2,2,0,0,32
101077,3,2,0,1,35
101077,4,0,1,1,0
101077,5,0,0,0,0
101077,6,0,0,0,3
101077,7,0,0,0,0
101077,8,2,0,0,22
101077,9,0,0,0,0
101077,10,0,0,0,0
101077,11,0,0,0,0
101077,12,0,0,0,9
101077,13,0,0,0,26
101077,14,0,0,0,10
101078,1,7,0,1,193
101078,2,3,0,1,103
101078,3,2,0,0,66
101078,4,1,2,0,37
101078,5,7,0,0,202
101078,6,3,1,1,41
101078,7,5,0,0,148
101078,8,6,1,0,157
101078,9,1,0,0,0
101078,10,2,0,0,40
101078,11,5,1,0,96
101078,12,5,0,0,142
101078,13,2,0,0,25
101078,14,4,1,0,100
101079,1,7,1,0,168
101079,2,2,1,0,33
101079,3,4,0,0,109
101079,4,2,0,0,63
101079,5,15,2,0,377
101079,6,3,1,1,86
101079,7,4,0,1,99
101079,8,6,0,0,173
101079,9,3,2,0,99
101079,10,2,0,0,53
101080,1,1,0,0,23
101080,2,4,1,0,99
101080,3,4,0,2,127
101080,4,8,2,1,168
101080,5,4,1,3,89
101080,6,5,1,1,134
101080,7,7,0,0,179
101080,8,3,1,0,98
101080,9,4,0,1,104
101080,10,8,0,0,220
101080,11,1,1,0,13
101080,12,3,0,0,91
101080,13,5,0,1,100
101080,14,5,0,0,106
101081,1,5,1,0,138
101081,2,6,0,0,143
101081,3,4,1,1,102
101081,4,5,1,1,100
101081,5,1,1,0,55
101081,6,4,1,1,105
101081,7,2,0,0,28
101081,8,6,1,1,128
101081,9,2,0,0,79
101081,10,4,1,1,109
101081,11,2,0,0,59
101081,12,2,1,1,79
101081,13,1,1,1,8
101081,14,5,0,1,169
101082,1,2,0,1,14
101082,2,3,0,0,75
101082,3,2,1,0,69
101082,4,6,1,0,142
101082,5,3,0,1,83
101082,6,3,0,0,63
101082,7,3,0,2,58
101082,8,1,2,0,39
101082,9,2,0,0,32
101082,10,5,0,0,116
101082,11,2,1,0,55
101082,12,3,1,1,61
101082,13,5,2,0,126
101082,14,8,1,1,222
101083,1,2,2,1,78
101083,2,5,1,2,139
101083,3,3,0,0,107
101083,4,3,0,0,66
101083,5,2,1,0,55
101083,6,5,0,0,166
101083,7,5,1,1,138
101083,8,4,1,0,135
101083,9,4,0,1,131
101083,10,2,1,0,23
101083,11,3,0,0,86
101083,12,6,0,2,188
101083,13,3,0,0,66
101083,14,2,1,2,30
101084,1,8,1,0,230
101084,2,9,1,1,248
101084,3,8,2,2,227
101084,4,6,1,2,152
101084,5,4,0,1,151
101084,6,9,2,0,237
101084,7,5,1,0,141
101084,8,11,1,1,296
101084,9,9,0,0,218
101084,10,9,1,1,249
101084,11,7,1,1,167
101084,12,2,0,1,79
101084,13,8,0,0,201
101084,14,6,2,1,163
101085,1,1,1,0,16
101085,2,4,0,0,124
101085,3,3,0,0,81
101085,4,4,0,0,133
101085,5,0,0,0,26
101085,6,5,0,1,137
101085,7,1,1,0,39
101085,8,1,0,0,36
101085,9,2,0,1,35
101085,10,3,0,1,68
101085,11,5,0,0,151
101085,12,1,0,0,7
101085,13,0,1,0,40
101085,14,0,1,0,23
101086,1,3,0,0,107
101086,2,1,0,0,5
101086,3,2,0,0,21
101086,4,0,0,0,0
101086,5,0,0,0,0
101087,1,1,0,0,14
101087,2,0,0,0,0
101087,3,0,0,0,0
101087,4,4,0,0,105
101087,5,1,0,0,54
101087,6,0,0,0,0
101087,7,0,0,0,0
101087,8,0,0,0,6
101087,9,0,0,0,0
101087,10,0,0,0,0
101087,11,0,0,0,18
101087,12,0,0,0,7
101087,13,0,0,0,22
101088,1,5,1,1,105
101088,2,5,2,0,156
101088,3,7,1,0,194
101088,4,10,0,1,281
101088,5,8,0,1,198
101088,6,8,1,0,201
101088,7,9,1,5,233
101088,8,9,0,0,235
101088,9,3,0,1,46
101088,10,6,1,1,186
101088,11,10,0,1,269
101088,12,7,0,1,191
101088,13,8,1,1,226
101088,14,11,0,1,287
101089,1,5,1,1,133
101089,2,0,1,0,0
101089,3,2,1,0,66
101089,4,3,0,1,89
101089,5,3,0,2,56
101089,6,4,0,0,90
101089,7,5,1,1,109
101089,8,5,1,0,144
101089,9,3,0,0,101
101089,10,3,0,0,50
101089,11,10,1,0,270
101089,12,7,0,0,164
101089,13,2,0,0,68
101089,14,8,0,1,170
101090,1,6,0,0,132
101090,2,3,0,1,87
101090,3,6,2,0,162
101090,4,4,1,1,122
101090,5,6,1,0,134
101090,6,5,0,0,143
101090,7,6,1,0,133
101090,8,3,0,0,99
101090,9,2,1,0,49
101090,10,10,0,0,237
101090,11,3,0,1,72
101090,12,6,2,2,156
101090,13,4,0,0,86
101090,14,6,0,1,150
101091,1,11,2,3,285
101091,2,8,1,0,206
101091,3,8,1,2,184
101091,4,12,2,2,310
101091,5,13,0,2,339
101091,6,7,1,1,188
101091,7,11,0,2,280
101091,8,8,1,1,186
101091,9,5,1,2,111
101091,10,9,2,0,197
101091,11,10,2,0,285
101091,12,7,0,3,189
101091,13,9,0,1,251
101091,14,18,2,0,444
101092,1,8,1,0,182
101092,2,4,1,0,109
101092,3,6,1,1,155
101092,4,5,0,0,132
101092,5,4,0,3,83
101092,6,7,1,0,201
101092,7,3,1,0,61
101092,8,3,0,1,99
101092,9,12,1,0,316
101092,10,0,0,0,32
101092,11,8,0,1,198
101092,12,4,0,0,82
101092,13,2,1,1,41
101092,14,4,2,0,113
101093,1,2,0,0,43
101093,2,2,1,0,64
101093,3,3,0,1,87
101093,4,3,1,0,95
101093,5,2,0,0,67
101093,6,4,1,0,95
101093,7,2,1,1,47
101093,8,6,0,1,124
101093,9,4,0,0,106
101093,10,5,0,2,129
101093,11,3,0,1,86
101093,12,3,1,0,75
101093,13,3,0,0,83
101093,14,7,0,2,164
101094,1,1,0,0,47
101094,2,0,0,0,40
101094,3,0,0,0,24
101094,4,1,0,0,0
101094,5,3,0,0,89
101094,6,2,0,0,36
101094,7,1,0,0,15
101094,8,2,0,0,37
101094,9,1,0,0,5
101094,10,2,0,0,36
101094,11,1,1,0,7
101094,12,1,0,0,3
101094,13,0,0,1,13
101094,14,0,0,0,0
101095,1,2,0,0,19
101095,2,3,0,0,73
101095,3,6,0,1,116
101095,4,1,0,1,5
101095,5,4,1,0,88
101095,6,3,0,0,81
101095,7,2,0,0,24
101095,8,4,0,0,105
101095,9,4,1,0,101
101095,10,7,0,1,208
101095,11,5,0,1,126
101095,12,4,0,0,118
101095,13,6,1,1,158
101095,14,5,0,1,130
101096,1,4,1,1,73
101096,2,5,1,1,146
101096,3,7,0,0,165
101096,4,4,0,0,76
101096,5,8,0,0,218
101096,6,5,0,2,127
101096,7,11,0,1,275
101096,8,2,0,0,75
101096,9,2,1,0,53
101096,10,4,1,0,105
101096,11,5,2,1,139
101096,12,10,0,2,281
101096,13,2,1,1,41
101096,14,6,0,0,194
101097,1,9,1,2,236
101097,2,5,0,2,120
101097,3,5,1,1,116
101097,4,4,0,0,102
101097,5,6,0,0,145
101097,6,8,1,1,187
101097,7,4,0,3,138
101097,8,8,0,1,219
101097,9,2,0,0,56
101097,10,3,0,0,74
101097,11,1,1,1,2
101097,12,4,1,1,114
101097,13,3,0,1,99
101097,14,1,0,0,28
101098,1,1,0,0,12
101098,2,3,1,0,82
101098,3,3,0,0,100
101098,4,0,1,0,8
101098,5,3,1,0,77
101098,6,2,1,0,62
101098,7,1,1,0,44
101098,8,0,0,0,7
101098,9,1,1,1,50
101098,10,3,1,0,50
101098,11,1,0,1,32
101098,12,0,0,1,24
101098,13,4,1,0,96
101098,14,2,1,1,33
101099,1,2,0,1,50
101099,2,1,0,0,62
101099,3,2,0,0,92
101099,4,3,0,0,80
101099,5,1,0,0,36
101099,6,0,0,0,0
101099,7,2,0,0,25
101099,8,1,0,2,43
101099,9,2,0,0,80
101099,10,0,1,0,0
101099,11,0,0,0,0
101099,12,1,0,0,12
101099,13,0,0,0,0
101099,14,1,0,1,42
101100,1,1,0,0,23
101100,2,5,0,0,117
101100,3,4,0,0,99
101100,4,4,1,0,103
101100,5,4,0,0,96
101100,6,3,0,0,100
101100,7,5,0,0,97
101100,8,2,0,0,41
101100,9,1,0,0,26
101100,10,2,0,1,57
101100,11,5,0,0,148
101100,12,3,0,0,108
101100,13,2,2,1,27
101100,14,2,0,2,48
101101,1,5,0,1,145
101101,2,1,0,0,18
101101,3,5,0,0,154
101101,4,3,0,0,71
101101,5,5,0,0,117
101101,6,1,0,0,53
101101,7,2,0,0,44
101101,8,1,0,1,2
101101,9,2,0,0,43
101101,10,1,0,1,10
101101,11,1,0,1,13
101101,12,0,0,0,2
101101,13,2,0,0,34
101101,14,2,0,0,78
101102,1,6,1,1,144
101102,2,12,2,0,294
101102,3,9,1,0,237
101102,4,12,2,0,294
101102,5,8,1,0,235
101102,6,9,1,0,252
101102,7,12,0,1,316
101102,8,7,2,3,174
101102,9,5,1,1,91
101102,10,10,2,1,271
101102,11,7,1,1,177
101102,12,8,1,1,218
101102,13,12,1,1,290
101102,14,7,1,0,167
101103,1,15,1,2,391
101103,2,8,0,1,224
101103,3,11,1,0,299
101103,4,11,1,0,266
101103,5,10,0,2,261
101103,6,15,1,1,384
101103,7,11,2,1,289
101103,8,9,2,1,237
101103,9,11,1,1,303
101103,10,13,1,3,311
101103,11,12,0,1,318
101103,12,10,0,1,231
101103,13,9,2,0,240
101103,14,9,1,1,243
101104,1,5,0,1,161
101104,2,3,0,0,84
101104,3,2,1,0,47
101104,4,3,0,1,69
101104,5,2,0,0,59
101104,6,7,0,0,198
101104,7,4,1,0,115
101104,8,6,0,1,177
101104,9,3,0,2,85
101104,10,2,0,1,72
101104,11,3,0,1,56
101104,12,7,1,0,179
101104,13,6,1,2,156
101104,14,8,0,0,193
101105,1,22,0,1,569
101105,2,16,1,1,410
101105,3,12,2,3,318
101105,4,12,1,4,309
101105,5,15,2,2,357
101105,6,22,2,0,551
101105,7,13,1,2,340
101105,8,27,2,1,730
101105,9,16,2,1,428
101105,10,14,1,1,364
101105,11,14,0,1,381
101105,12,10,1,2,275
101105,13,17,1,1,429
101105,14,13,2,0,322
101106,1,3,1,1,65
101106,2,5,1,0,135
101106,3,2,0,1,49
101106,4,4,1,1,101
101106,5,5,2,1,130
101106,6,2,0,1,47
101106,7,6,0,0,145
101106,8,0,0,0,37
101106,9,5,1,0,139
101106,10,7,0,1,192
101106,11,5,1,0,115
101106,12,7,0,1,186
101106,13,5,1,0,120
101106,14,7,0,1,146
101107,1,10,1,1,282
101107,2,12,0,1,311
101107,3,11,2,1,300
101107,4,8,1,2,206
101107,5,9,1,1,197
101107,6,14,1,0,356
101107,7,3,0,0,137
101107,8,10,1,0,270
101107,9,12,1,1,306
101107,10,9,0,0,222
101107,11,9,0,3,226
101107,12,6,1,0,123
101107,13,3,0,4,96
101107,14,9,1,2,214
101108,1,2,0,0,43
101108,2,9,1,0,258
101108,3,4,0,0,108
101108,4,5,1,0,134
101108,5,6,1,0,129
101108,6,2,0,0,18
101108,7,1,0,0,14
101108,8,2,1,1,60
101108,9,2,0,0,47
101108,10,3,0,1,99
101108,11,2,0,1,94
101108,12,2,0,0,38
101108,13,3,0,0,107
101108,14,1,0,0,5
101109,1,4,1,1,91
101109,2,6,0,1,171
101109,3,8,0,1,198
101109,4,4,1,0,60
101109,5,4,0,1,98
101109,6,3,0,0,130
101109,7,2,0,0,49
101109,8,7,1,1,208
101109,9,3,1,0,131
101109,10,7,0,0,156
101109,11,4,0,1,107
101109,12,1,0,1,0
101109,13,6,0,0,157
101109,14,2,2,0,51
101110,1,11,1,0,309
101110,2,4,0,0,87
101110,3,3,0,0,71
101110,4,3,0,0,76
101110,5,3,0,0,57
101110,6,3,0,0,68
101110,7,0,0,0,12
101110,8,5,0,0,127
101110,9,1,0,0,14
101110,10,1,0,0,40
101110,11,2,0,0,43
101110,12,5,0,0,140
101110,13,0,0,2,18
101110,14,6,0,0,153
101111,1,8,1,0,196
101111,2,3,1,2,94
101111,3,11,0,1,276
101111,4,9,1,0,251
101111,5,11,1,0,302
101111,6,13,1,1,306
101111,7,6,0,0,169
101111,8,6,1,0,146
101111,9,16,0,1,424
101111,10,9,1,1,217
101111,11,8,2,1,191
101111,12,10,0,2,248
101111,13,8,2,2,205
101111,14,8,2,2,172
101112,1,1,1,0,28
101112,2,2,0,0,32
101112,3,5,0,0,171
101112,4,0,0,0,16
101112,5,1,0,0,34
101112,6,1,0,0,3
101112,7,5,0,0,148
101112,8,2,0,0,39
101112,9,3,0,0,79
101112,10,1,0,0,30
101112,11,1,0,0,38
101112,12,1,0,0,13
101112,13,1,0,1,20
101112,14,0,0,0,11
101113,1,6,2,1,147
101113,2,10,0,1,231
101113,3,7,0,1,192
101113,4,6,1,1,130
101113,5,2,0,0,79
101113,6,14,1,1,361
101113,7,3,0,1,81
101113,8,13,0,0,343
101113,9,9,1,0,230
101113,10,7,0,1,167
101113,11,4,1,0,91
101113,12,6,2,0,140
101113,13,11,0,0,285
101113,14,10,0,1,242
101114,1,2,0,0,51
101114,2,9,0,0,238
101114,3,5,1,0,93
101114,4,7,1,1,186
101114,5,3,0,0,85
101114,6,7,0,0,162
101114,7,6,0,1,124
101114,8,5,0,1,129
101114,9,3,0,0,100
101114,10,3,0,2,99
101114,11,3,0,0,63
101114,12,5,0,0,117
101114,13,13,0,0,361
101114,14,8,0,0,227
101115,1,3,0,1,36
101115,2,4,2,0,98
101115,3,8,1,1,180
101115,4,3,0,1,67
101115,5,2,1,0,58
101115,6,7,1,0,175
101115,7,5,1,0,109
101115,8,1,1,0,36
101115,9,4,0,0,85
101115,10,4,0,0,114
101115,11,5,1,1,135
101115,12,2,0,0,35
101115,13,4,0,1,98
101115,14,5,1,0,108
101116,1,12,0,0,303
101116,2,6,0,3,129
101116,3,7,1,1,195
101116,4,8,1,1,191
101116,5,7,0,0,201
101116,6,12,1,0,265
101116,7,5,2,2,111
101116,8,11,2,1,291
101116,9,8,1,0,207
101116,10,9,1,0,234
101116,11,6,1,0,140
101116,12,15,0,0,384
101116,13,8,2,1,175
101116,14,4,0,2,113
101117,1,7,0,0,166
101117,2,4,0,1,104
101117,3,4,0,1,98
101117,4,2,0,0,58
101117,5,5,0,1,126
101117,6,9,2,0,230
101117,7,1,0,1,27
101117,8,5,0,1,102
101117,9,2,0,1,44
101117,10,5,0,1,148
101117,11,6,1,0,138
101117,12,4,0,0,92
101117,13,3,1,0,98
101117,14,4,1,0,96
101118,1,6,0,0,155
101118,2,6,0,0,153
101118,3,1,0,0,35
101118,4,3,0,0,77
101118,5,3,0,0,78
101118,6,4,0,0,132
101118,7,5,0,1,128
101119,1,3,0,0,84
101119,2,1,0,0,33
101119,3,3,0,1,65
101119,4,0,0,0,0
101119,5,2,0,1,50
101119,6,0,0,0,13
101119,7,0,0,1,0
101119,8,0,0,0,0
101119,9,0,0,0,0
101119,10,0,1,0,0
101119,11,1,0,0,17
101119,12,0,0,0,4
101119,13,0,0,0,9
101119,14,0,0,0,49
101120,1,1,1,0,22
101120,2,2,0,1,43
101120,3,2,0,0,31
101120,4,0,0,0,0
101120,5,3,0,0,57
101120,6,1,0,0,19
101120,7,1,0,0,0
101120,8,0,0,0,0
101120,9,1,0,0,73
101120,10,1,0,0,49
101120,11,1,0,0,44
101120,12,0,0,0,30
101120,13,1,0,0,14
101120,14,0,0,0,4
101121,1,2,1,0,51
101121,2,5,0,0,127
101121,3,1,0,0,6
101121,4,3,0,1,85
101121,5,3,1,0,55
101121,6,2,1,0,49
101121,7,2,1,2,60
101121,8,4,0,0,91
101121,9,1,0,2,34
101121,10,4,0,0,99
101121,11,1,1,0,34
101121,12,0,1,1,2
101121,13,4,0,1,94
101121,14,0,0,0,0
101122,1,7,0,0,200
101122,2,4,0,0,112
101122,3,5,1,1,127
101122,4,6,0,2,153
101122,5,3,0,0,61
101122,6,4,0,1,79
101122,7,9,1,1,205
101122,8,12,0,0,300
101122,9,7,0,0,183
101122,10,3,1,2,60
101122,11,7,0,1,178
101122,12,4,0,1,99
101122,13,7,1,0,138
101122,14,4,0,0,91
101123,1,5,1,0,153
101123,2,1,0,0,59
101123,3,4,1,0,117
101123,4,0,0,1,0
101123,5,3,1,0,68
101123,6,2,0,2,42
101123,7,3,0,0,99
101123,8,1,1,1,19
101123,9,3,1,0,68
101123,10,1,0,0,23
101123,11,2,0,0,43
101123,12,1,0,0,17
101123,13,2,0,0,13
101123,14,3,1,1,78
101124,1,15,0,1,381
101124,2,8,0,3,210
101124,3,11,1,1,297
101124,4,9,2,5,223
101124,5,13,1,2,302
101124,6,11,1,1,294
101124,7,6,0,0,144
101124,8,12,1,1,309
101124,9,11,1,0,319
101124,10,8,0,0,191
101124,11,6,0,1,180
101124,12,9,0,0,216
101124,13,12,0,1,285
101124,14,14,1,3,339
101125,1,0,0,1,10
101125,2,6,0,1,180
101125,3,2,0,1,57
101125,4,7,0,0,144
101125,5,2,1,0,68
101125,6,4,0,1,66
101125,7,13,1,1,341
101125,8,0,0,0,21
101125,9,2,0,0,58
101125,10,2,1,0,65
101125,11,2,0,0,20
101125,12,4,1,0,112
101125,13,5,0,0,140
101125,14,2,0,0,88
101126,1,15,1,1,362
101126,2,12,2,0,305
101126,3,16,2,0,395
101126,4,15,1,2,400
101126,5,9,2,1,242
101126,6,10,1,2,265
101126,7,6,2,2,131
101126,8,11,1,0,272
101126,9,12,1,0,317
101126,10,16,1,1,398
101126,11,12,1,1,325
101126,12,14,2,2,360
101126,13,17,1,0,433
101126,14,13,0,0,343
101127,1,2,0,0,40
101127,2,6,0,2,127
101127,3,4,1,1,100
101127,4,4,1,0,133
101127,5,3,0,0,62
101127,6,6,2,0,164
101127,7,4,1,0,89
101127,8,1,0,1,15
101127,9,5,1,0,158
101127,10,5,1,0,148
101127,11,5,0,0,126
101127,12,1,0,2,21
101127,13,3,0,2,60
101127,14,3,2,1,60
101128,1,3,0,3,81
101128,2,5,0,0,139
101128,3,1,0,0,25
101128,4,0,0,0,0
101128,5,5,0,0,129
101128,6,2,0,0,88
101128,7,2,0,0,68
101128,8,2,0,0,74
101128,9,2,0,0,29
101128,10,3,0,0,65
101128,11,0,0,0,0
101128,12,0,0,0,0
101128,13,3,1,0,79
101128,14,1,1,0,24
101129,1,7,1,2,180
101129,2,6,0,2,158
101129,3,8,1,0,221
101129,4,5,0,3,144
101129,5,11,0,0,322
101129,6,5,1,1,149
101129,7,5,1,1,124
101129,8,6,0,1,145
101129,9,7,0,1,175
101129,10,10,1,1,256
101129,11,6,0,0,184
101129,12,9,1,3,219
101129,13,8,1,2,216
101129,14,7,0,0,176
101130,1,3,0,0,74
101130,2,4,0,0,100
101130,3,3,0,0,67
101130,4,2,0,1,41
101130,5,1,0,0,18
101130,6,2,0,0,61
101130,7,1,0,1,42
101130,8,0,0,0,9
101130,9,0,0,0,36
101130,10,1,0,0,19
101130,11,2,0,0,52
101130,12,0,0,1,17
101130,13,4,0,0,111
101130,14,0,0,0,0
101131,1,2,0,0,45
101131,2,3,0,1,88
101131,3,3,0,0,75
101131,4,5,0,0,120
101131,5,2,0,0,56
101131,6,1,0,1,0
101131,7,1,0,2,36
101131,8,1,0,0,0
101131,9,1,0,0,0
101131,10,1,0,0,40
101131,11,1,0,1,27
101131,12,0,0,0,0
101131,13,0,0,0,2
101131,14,0,0,0,0
101132,1,7,0,2,207
101132,2,5,0,1,114
101132,3,8,2,0,191
101132,4,4,1,1,99
101132,5,5,0,0,158
101132,6,7,1,0,193
101132,7,4,0,0,100
101132,8,4,0,1,99
101132,9,7,1,1,190
101132,10,4,0,0,82
101132,11,5,0,0,124
101132,12,3,1,2,83
101132,13,7,0,1,209
101132,14,4,0,0,110
101133,1,5,0,2,141
101133,2,8,0,2,213
101133,3,5,0,2,134
101133,4,3,1,1,89
101133,5,8,1,1,219
101133,6,7,1,0,178
101133,7,9,1,0,231
101133,8,3,1,0,58
101133,9,7,0,0,186
101133,10,7,0,0,138
101133,11,7,1,1,208
101133,12,8,2,1,214
101133,13,5,0,1,163
101133,14,6,1,0,172
101134,1,1,0,0,50
101134,2,5,0,0,135
101134,3,2,0,1,49
101134,4,5,0,0,148
101134,5,4,0,0,129
101134,6,2,0,0,47
101134,7,5,1,0,110
101134,8,5,1,0,109
101134,9,4,0,0,84
101134,10,1,0,1,28
101134,11,1,0,0,34
101134,12,1,0,1,35
101134,13,1,0,0,4
101134,14,0,0,1,22
101135,1,1,0,1,2
101135,2,3,0,0,74
101135,3,3,0,0,65
101135,4,7,1,0,168
101135,5,4,0,0,108
101135,6,4,0,0,94
101135,7,2,0,0,21
101135,8,0,0,0,14
101135,9,2,0,0,85
101135,10,2,0,0,50
101135,11,0,1,1,3
101135,12,1,1,0,14
101135,13,2,0,0,51
101135,14,3,0,0,91
101136,1,5,1,0,111
101136,2,0,1,1,0
101136,3,3,0,0,73
101136,4,6,1,2,170
101136,5,3,0,0,50
101136,6,5,0,0,136
101136,7,5,1,1,120
101136,8,2,0,0,44
101136,9,2,0,0,43
101136,10,2,0,0,37
101136,11,1,0,0,29
101136,12,2,0,0,50
101136,13,5,0,0,118
101136,14,0,0,0,7
101137,1,2,0,1,0
101137,2,1,0,0,13
101137,3,1,0,1,9
101137,4,6,0,0,201
101137,5,6,0,1,165
101137,6,4,0,0,73
101137,7,4,0,1,103
101137,8,3,0,1,98
101137,9,0,0,1,0
101137,10,2,0,0,52
101137,11,2,0,0,16
101137,12,2,0,0,22
101137,13,0,0,0,14
101137,14,1,0,0,19
101138,1,10,1,0,264
101138,2,4,2,2,141
101138,3,5,1,2,173
101138,4,10,1,3,255
101138,5,11,2,1,276
101138,6,7,1,2,181
101138,7,9,1,1,231
101138,8,5,0,0,106
101138,9,2,2,2,62
101138,10,9,1,0,232
101138,11,12,0,1,327
101138,12,7,0,1,177
101138,13,12,2,1,308
101138,14,4,1,1,104
101139,1,6,0,1,147
101139,2,1,0,1,40
101139,3,2,0,2,75
101139,4,2,0,1,64
101139,5,1,1,1,51
101139,6,2,0,0,48
101139,7,2,0,0,64
101139,8,5,0,1,97
101139,9,1,0,0,0
101139,10,2,0,0,42
101139,11,3,0,2,91
101139,12,4,0,0,124
101139,13,3,0,0,83
101139,14,0,0,1,0
101140,1,3,0,0,44
101140,2,5,0,0,140
101140,3,3,0,0,93
101140,4,7,1,0,202
101140,5,5,2,1,99
101140,6,6,0,0,138
101140,7,3,1,1,65
101140,8,1,0,0,40
101140,9,4,0,0,100
101140,10,6,1,1,172
101140,11,1,1,0,29
101140,12,0,1,2,13
101140,13,3,0,0,96
101140,14,6,0,0,189
101141,1,7,1,0,153
101141,2,9,1,3,240
101141,3,19,0,1,514
101141,4,8,1,2,211
101141,5,13,1,0,310
101141,6,8,0,0,194
101141,7,8,1,0,189
101141,8,6,1,2,164
101141,9,9,1,0,230
101141,10,10,2,0,257
101141,11,9,2,0,233
101141,12,9,1,0,239
101141,13,9,1,1,243
101141,14,8,1,1,220
101142,1,4,0,2,135
101142,2,2,0,0,37
101142,3,1,1,0,28
101142,4,4,0,0,92
101142,5,4,1,1,125
101142,6,4,0,0,124
101142,7,5,0,3,84
101142,8,2,0,0,62
101142,9,4,0,1,100
101142,10,5,0,0,114
101142,11,1,0,1,17
101142,12,0,0,0,0
101142,13,3,0,0,100
101142,14,1,1,3,46
101143,1,5,1,2,117
101143,2,6,2,2,157
101143,3,6,1,1,151
101143,4,4,1,2,96
101143,5,7,1,0,159
101143,6,4,0,0,100
101143,7,13,1,1,298
101143,8,8,1,1,202
101143,9,2,0,0,67
101143,10,3,0,1,77
101143,11,8,0,1,201
101143,12,4,0,0,145
101143,13,4,2,0,136
101143,14,4,0,1,110
101144,1,3,1,1,41
101144,2,8,1,1,228
101144,3,6,0,0,146
101144,4,9,0,0,238
101144,5,8,1,0,206
101144,6,6,2,0,142
101144,7,11,0,3,289
101144,8,7,2,0,160
101144,9,8,0,0,247
101144,10,6,1,0,162
101144,11,6,2,0,163
101144,12,4,0,0,124
101144,13,8,0,0,181
101144,14,6,2,0,167
101145,1,9,0,0,225
101145,2,12,0,1,294
101145,3,12,2,1,279
101145,4,8,0,2,213
101145,5,10,2,0,230
101145,6,7,1,0,193
101145,7,8,0,2,206
101145,8,11,2,1,294
101145,9,9,1,0,243
101145,10,13,1,1,352
101145,11,2,1,0,67
101145,12,9,0,1,226
101145,13,11,1,0,261
101145,14,8,1,1,205
101146,1,4,1,1,101
101146,2,4,0,0,132
101146,3,2,0,0,71
101146,4,2,0,0,39
101146,5,6,1,0,157
101146,6,2,0,2,60
101146,7,4,0,0,127
101146,8,5,0,0,122
101146,9,6,0,0,133
101146,10,3,1,0,69
101146,11,5,1,0,139
101146,12,4,0,0,135
101146,13,4,1,1,111
101146,14,5,0,0,112
101147,1,2,0,0,72
101147,2,3,1,0,86
101147,3,7,0,1,176
101147,4,7,0,2,183
101147,5,3,0,0,98
101147,6,5,1,0,133
101147,7,4,0,0,81
101147,8,6,0,1,175
101147,9,4,1,0,114
101147,10,3,1,1,76
101147,11,8,1,0,187
101147,12,1,0,1,18
101147,13,4,1,0,137
101147,14,4,0,0,92
101148,1,2,0,0,60
101148,2,2,2,1,89
101148,3,7,1,0,158
101148,4,5,0,0,104
101148,5,2,0,1,70
101148,6,2,0,1,30
101148,7,1,0,0,22
101148,8,0,1,0,0
101148,9,1,0,0,43
101148,10,4,0,2,102
101148,11,5,0,1,132
101148,12,4,0,0,101
101148,13,3,1,0,80
101148,14,3,0,0,63
101149,1,4,1,2,84
101149,2,8,0,0,210
101149,3,7,2,0,211
101149,4,6,0,0,148
101149,5,4,0,0,78
101149,6,14,0,2,409
101149,7,5,0,0,101
101149,8,9,1,1,248
101149,9,6,1,1,123
101149,10,7,1,2,232
101149,11,8,0,0,220
101149,12,7,1,1,205
101149,13,2,1,1,61
101149,14,11,1,1,292
101150,1,14,1,2,355
101150,2,11,2,2,313
101150,3,10,1,1,255
101150,4,15,1,3,384
101150,5,11,1,3,289
101150,6,14,2,0,357
101150,7,12,0,1,312
101150,8,17,0,0,414
101150,9,10,0,2,243
101150,10,11,1,1,280
101150,11,12,1,2,324
101150,12,15,2,2,388
101150,13,10,1,1,281
101150,14,9,1,1,235
101151,1,4,0,0,94
101151,2,0,0,0,5
101151,3,2,0,0,34
101151,4,1,0,0,28
101151,5,0,0,0,28
101151,6,1,0,0,18
101151,7,0,0,0,0
101151,8,1,0,0,23
101151,9,0,0,0,38
101151,10,0,0,0,20
101151,11,0,0,0,28
101151,12,0,0,1,8
101151,13,1,0,0,54
101151,14,0,1,0,11
101152,1,7,0,1,183
101152,2,7,1,0,144
101152,3,2,2,0,38
101152,4,4,1,1,104
101152,5,5,0,0,107
101152,6,1,0,1,21
101152,7,1,0,0,26
101152,8,5,0,1,129
101152,9,6,0,1,150
101152,10,2,0,2,2
101152,11,6,1,1,156
101152,12,1,1,0,54
101152,13,2,1,1,72
101152,14,5,1,1,146
101153,1,7,1,0,169
101153,2,3,0,0,66
101153,3,2,0,0,86
101153,4,4,0,0,128
101153,5,0,1,0,24
101153,6,1,0,0,30
101153,7,6,1,0,162
101153,8,2,0,1,63
101153,9,3,0,0,57
101153,10,10,0,0,274
101153,11,4,1,1,134
101153,12,5,0,1,123
101153,13,2,0,0,42
101153,14,4,0,0,104
101154,1,5,0,0,139
101154,2,2,0,0,50
101154,3,4,1,2,76
101154,4,8,0,5,227
101154,5,3,0,1,86
101154,6,3,1,1,60
101154,7,8,2,1,195
101154,8,4,2,0,93
101154,9,4,0,0,125
101154,10,5,2,1,147
101154,11,9,1,1,230
101154,12,5,1,2,110
101154,13,7,0,1,170
101154,14,10,0,1,274
101155,1,4,0,0,72
101155,2,1,0,0,20
101155,3,6,0,0,171
101155,4,3,0,1,97
101155,5,5,0,0,135
101155,6,0,0,0,0
101155,7,2,0,0,47
101155,8,1,0,1,1
101155,9,0,0,1,4
101155,10,1,0,0,28
101155,11,2,0,0,74
101155,12,0,0,0,0
101155,13,0,0,1,0
101155,14,1,0,0,36
101156,1,3,0,0,101
101156,2,1,0,0,8
101156,3,1,0,0,5
101156,4,0,0,0,0
101156,5,4,0,0,122
101156,6,1,0,0,54
101156,7,1,0,0,64
101156,8,2,0,0,36
101156,9,2,0,0,77
101156,10,0,0,0,10
101156,11,0,0,0,26
101156,12,0,0,0,21
101156,13,0,0,0,2
101156,14,0,0,0,0
101157,1,3,0,1,85
101157,2,4,0,0,126
101157,3,3,0,0,68
101157,4,3,0,0,55
101157,5,3,0,0,75
101157,6,3,1,0,63
101157,7,2,0,0,71
101157,8,2,0,0,60
101157,9,4,0,0,122
101157,10,3,0,1,78
101157,11,0,0,0,1
101157,12,3,1,0,92
101157,13,3,0,0,72
101157,14,1,0,0,12
101158,1,5,0,3,159
101158,2,5,1,0,116
101158,3,6,2,0,149
101158,4,2,0,0,75
101158,5,5,1,1,148
101158,6,6,1,0,180
101158,7,3,0,1,77
101158,8,2,0,1,51
101158,9,3,0,0,99
101158,10,6,0,1,139
101158,11,4,0,0,77
101158,12,6,1,0,111
101158,13,5,0,1,138
101158,14,5,0,1,101
101159,1,1,1,0,12
101159,2,6,0,1,160
101159,3,4,0,1,126
101159,4,4,0,1,110
101159,5,4,0,0,130
101159,6,3,1,1,92
101159,7,4,0,0,104
101159,8,1,0,1,32
101159,9,3,0,0,92
101159,10,4,0,0,121
101159,11,0,0,1,0
101159,12,1,0,0,22
101159,13,2,0,1,94
101159,14,1,0,0,38
101160,1,3,1,0,106
101160,2,4,0,0,103
101160,3,9,0,1,245
101160,4,10,1,0,251
101160,5,7,1,1,147
101160,6,8,1,0,205
101160,7,2,2,1,72
101160,8,5,0,3,118
101160,9,8,1,1,193
101160,10,0,0,0,0
101160,11,3,0,1,105
101160,12,3,0,0,82
101160,13,4,0,1,81
101160,14,8,0,0,202
101161,1,2,0,1,40
101161,2,4,0,1,124
101161,3,2,0,1,32
101161,4,4,1,2,82
101161,5,2,0,0,38
101161,6,2,0,0,37
101161,7,2,0,0,41
101161,8,1,1,0,50
101161,9,1,0,0,26
101161,10,0,0,0,14
101161,11,2,0,0,51
101161,12,1,1,0,34
101161,13,3,0,0,60
101161,14,0,1,1,3
101162,1,0,0,0,0
101162,2,2,0,0,68
101162,3,2,0,0,53
101162,4,1,0,0,30
101162,5,2,0,0,59
101162,6,1,0,0,36
101162,7,1,0,1,2
101162,8,4,1,0,72
101162,9,1,0,0,17
101162,10,2,0,0,40
101162,11,0,0,0,12
101162,12,1,0,0,45
101162,13,2,0,0,47
101162,14,1,0,0,16
101163,1,3,0,0,89
101163,2,2,0,0,19
101163,3,1,0,0,31
101163,4,0,0,0,0
101163,5,1,0,0,41
101163,6,3,0,0,57
101163,7,0,0,0,0
101163,8,0,0,0,1
101163,9,0,0,0,0
101163,10,0,0,0,23
101163,11,0,0,0,0
101163,12,0,0,0,0
101163,13,0,0,0,0
101163,14,0,1,0,0
101164,1,12,2,0,311
101164,2,11,1,2,282
101164,3,14,1,3,407
101164,4,8,1,0,180
101164,5,9,1,0,253
101164,6,11,1,3,292
101164,7,12,1,5,303
101164,8,9,2,1,237
101164,9,6,2,1,186
101164,10,14,1,2,317
101164,11,8,2,2,198
101164,12,14,0,3,388
101164,13,11,1,1,286
101164,14,9,1,0,232
101165,1,3,1,1,77
101165,2,7,0,0,191
101165,3,1,0,0,32
101165,4,1,0,1,24
101165,5,7,1,1,164
101165,6,2,0,0,71
101165,7,5,1,2,104
101165,8,3,0,1,73
101165,9,0,0,0,0
101165,10,2,0,0,99
101165,11,4,0,1,92
101165,12,2,0,1,66
101165,13,2,2,0,44
101165,14,3,1,0,55
101166,1,3,0,0,74
101166,2,4,0,0,81
101166,3,7,0,0,178
101166,4,5,0,0,126
101166,5,4,0,0,74
101166,6,2,0,0,44
101166,7,3,0,0,84
101166,8,1,1,0,13
101166,9,2,0,0,46
101166,10,0,1,0,0
101166,11,0,0,0,0
101166,12,4,0,0,90
101166,13,3,0,0,41
101166,14,5,1,1,169
101167,1,2,0,0,43
101167,2,1,0,0,43
101167,3,3,0,1,66
101167,4,1,0,0,30
101167,5,1,0,0,14
101167,6,0,0,0,13
101167,7,2,0,0,8
101167,8,0,0,0,0
101167,9,0,0,0,29
101167,10,1,0,0,27
101167,11,0,0,0,1
101167,12,0,0,0,0
101167,13,0,0,0,0
101167,14,0,0,0,0
101168,1,2,0,0,57
101168,2,1,0,0,24
101168,3,0,0,0,0
101168,4,4,0,0,138
101168,5,3,0,0,73
101168,6,0,0,0,0
101168,7,0,0,0,0
101168,8,1,0,0,0
101168,9,0,0,0,13
101168,10,0,0,0,0
101168,11,1,0,0,51
101168,12,0,0,0,0
101168,13,0,0,0,0
101168,14,0,0,1,15
101169,1,2,0,0,9
101169,2,3,0,0,84
101169,3,5,0,0,136
101169,4,2,0,0,62
101169,5,1,0,0,42
101169,6,0,0,0,0
101169,7,1,0,0,45
101169,8,3,0,0,83
101169,9,0,0,0,4
101169,10,0,0,0,0
101169,11,0,0,1,16
101169,12,1,0,0,14
101169,13,0,0,1,0
101169,14,0,0,1,0
101170,1,6,0,0,154
101170,2,6,2,1,133
101170,3,11,1,1,292
101170,4,5,1,0,121
101170,5,10,0,1,271
101170,6,5,0,1,103
101170,7,5,1,0,92
101170,8,10,1,0,279
101170,9,10,1,1,263
101170,10,3,1,2,76
101170,11,7,2,3,179
101170,12,6,2,0,133
101170,13,1,0,0,39
101170,14,4,1,0,97
101171,1,4,1,1,89
101171,2,3,2,1,74
101171,3,3,0,0,70
101171,4,4,0,2,114
101171,5,2,1,1,49
101171,6,5,0,0,138
101171,7,1,0,2,11
101171,8,3,0,0,94
101171,9,0,1,0,15
101171,10,7,0,0,170
101171,11,6,1,0,173
101171,12,2,2,0,24
101171,13,5,0,1,138
101171,14,7,2,1,227
101172,1,6,2,2,156
101172,2,5,1,1,120
101172,3,7,0,0,151
101172,4,3,0,1,71
101172,5,8,1,2,178
101172,6,9,0,0,226
101172,7,5,0,0,140
101172,8,6,1,3,161
101172,9,8,0,2,197
101172,10,6,0,0,136
101172,11,7,0,0,207
101172,12,5,0,0,133
101172,13,8,0,2,226
101172,14,6,0,1,157
101173,1,1,0,1,32
101173,2,3,0,1,83
101173,3,3,0,0,84
101173,4,3,0,0,56
101173,5,3,0,0,63
101173,6,5,1,1,133
101173,7,6,0,2,164
101173,8,4,0,1,109
101173,9,5,0,0,173
101173,10,7,0,1,173
101173,11,3,1,1,87
101173,12,2,0,0,36
101173,13,4,0,0,77
101173,14,6,0,0,160
101174,1,4,0,0,107
101174,2,4,0,0,122
101174,3,0,0,1,0
101174,4,2,0,0,29
101174,5,5,0,3,130
101174,6,3,1,0,56
101174,7,3,1,0,67
101174,8,2,0,0,43
101174,9,3,0,3,57
101174,10,4,0,1,103
101174,11,1,0,0,37
101174,12,0,0,0,0
101174,13,1,0,0,29
101174,14,4,0,0,89
101175,1,5,1,1,134
101175,2,3,0,1,73
101175,3,1,0,0,21
101175,4,0,0,0,2
101175,5,2,0,0,41
101175,6,6,0,1,195
101175,7,1,0,0,12
101175,8,8,1,0,201
101175,9,6,1,0,177
101175,10,2,0,0,31
101175,11,2,0,0,20
101175,12,2,1,0,31
101176,1,2,0,1,40
101176,2,5,0,0,138
101176,3,6,0,0,166
101176,4,7,1,0,180
101176,5,7,0,1,180
101176,6,4,0,0,100
101176,7,0,0,1,12
101176,8,3,0,0,81
101177,1,6,1,1,139
101177,2,12,2,0,316
101177,3,7,0,0,194
101177,4,8,0,2,186
101177,5,10,1,0,254
101177,6,6,2,0,169
101177,7,6,1,4,160
101177,8,14,0,0,338
101177,9,8,0,1,209
101177,10,10,1,1,246
101177,11,7,0,1,182
101177,12,9,1,2,231
101177,13,10,0,2,296
101177,14,5,1,0,130
101178,1,9,0,1,219
101178,2,8,0,0,213
101178,3,6,1,3,154
101178,4,11,0,0,316
101178,5,5,0,0,141
101178,6,6,0,1,141
101178,7,7,2,1,200
101178,8,6,1,0,178
101178,9,8,1,0,218
101178,10,12,1,0,321
101178,11,11,0,1,275
101178,12,8,1,1,204
101178,13,6,0,2,170
101178,14,12,1,2,353
101179,1,17,1,2,420
101179,2,10,0,0,265
101179,3,13,0,1,342
101179,4,3,1,0,65
101179,5,11,1,2,238
101179,6,11,1,0,301
101179,7,14,0,0,353
101179,8,15,2,1,389
101179,9,14,2,2,354
101179,10,11,0,1,279
101179,11,8,1,0,207
101179,12,17,2,0,410
101179,13,5,2,1,102
101179,14,11,0,0,280
101180,1,7,0,0,156
101180,2,7,0,1,151
101180,3,8,2,0,254
101180,4,3,0,0,75
101180,5,7,0,1,184
101180,6,3,0,0,55
101180,7,8,1,1,223
101180,8,7,0,1,154
101180,9,3,1,0,55
101180,10,7,0,1,201
101180,11,10,1,1,263
101180,12,6,0,1,165
101180,13,4,0,2,121
101180,14,6,0,1,150
101181,1,5,0,0,138
101181,2,1,0,0,31
101181,3,2,0,0,76
101181,4,1,0,0,33
101181,5,2,0,0,40
101181,6,3,0,0,64
101181,7,4,0,0,109
101181,8,2,0,1,60
101181,9,4,1,2,101
101181,10,1,0,0,14
101181,11,0,0,0,0
101181,12,5,0,0,119
101181,13,2,0,0,39
101181,14,0,0,1,0
101182,1,6,0,1,133
101182,2,4,1,0,89
101182,3,3,1,1,65
101182,4,3,0,0,60
101182,5,4,0,0,116
101182,6,6,0,0,147
101182,7,1,1,0,25
101182,8,1,0,2,31
101182,9,3,0,0,97
101182,10,3,0,0,96
101182,11,4,0,0,134
101182,12,3,0,1,84
101182,13,2,0,0,60
101182,14,2,0,1,64
101183,1,5,0,1,139
101183,2,6,1,4,119
101183,3,4,1,1,92
101183,4,6,0,1,161
101183,5,3,0,0,127
101183,6,3,0,0,46
101183,7,2,1,0,76
101183,8,4,0,0,136
101183,9,5,0,0,142
101183,10,5,1,1,117
101183,11,7,0,0,156
101183,12,11,0,0,289
101183,13,3,0,2,66
101183,14,5,0,0,138
101184,1,4,0,0,118
101184,2,2,0,0,70
101184,3,1,0,0,39
101184,4,1,0,0,8
101184,5,1,0,1,48
101184,6,5,0,0,133
101184,7,2,0,0,57
101184,8,1,0,0,7
101184,9,2,0,0,52
101184,10,0,0,0,1
101184,11,0,0,0,22
101184,12,1,0,0,37
101184,13,0,0,0,0
101184,14,0,0,0,0
101185,1,0,0,2,0
101185,2,4,0,1,77
101185,3,3,0,1,54
101185,4,5,1,1,116
101185,5,0,0,1,16
101185,6,8,0,1,226
101185,7,7,1,0,193
101185,8,2,0,0,57
101185,9,8,0,0,203
101186,1,4,0,0,153
101186,2,1,0,0,26
101186,3,7,1,0,192
101186,4,4,2,0,114
101186,5,7,1,0,167
101186,6,4,1,0,75
101186,7,3,0,0,67
101186,8,4,1,0,82
101186,9,9,0,1,256
101186,10,4,0,0,87
101186,11,5,0,0,118
101186,12,3,1,0,76
101186,13,5,0,0,123
101186,14,2,0,0,51
101187,1,3,0,1,76
101187,2,3,0,0,83
101187,3,6,0,1,162
101187,4,6,1,2,167
101187,5,7,0,0,211
101187,6,9,0,2,246
101187,7,4,0,1,95
101187,8,4,0,1,115
101187,9,2,0,2,40
101187,10,6,0,4,165
101187,11,5,0,1,117
101187,12,7,0,1,191
101187,13,8,1,1,226
101187,14,4,0,0,81
101188,1,6,0,2,141
101188,2,10,1,0,249
101188,3,10,0,1,264
101188,4,4,1,0,88
101188,5,6,0,0,155
101188,6,7,0,0,181
101188,7,1,0,0,21
101188,8,7,1,2,195
101188,9,5,1,0,131
101188,10,6,0,0,164
101188,11,6,0,1,168
101188,12,9,0,1,229
101188,13,3,2,0,78
101188,14,7,0,0,203
101189,1,3,0,0,74
101189,2,1,0,0,32
101189,3,2,0,1,54
101189,4,3,0,0,97
101189,5,4,0,0,123
101189,6,4,0,1,97
101189,7,1,1,1,42
101189,8,0,0,0,0
101189,9,1,0,0,37
101189,10,0,0,0,15
101190,1,5,1,1,118
101190,2,4,0,0,138
101190,3,5,1,0,136
101190,4,3,1,0,71
101190,5,2,0,0,57
101190,6,2,0,1,27
101190,7,2,0,0,47
101190,8,1,0,0,29
101190,9,4,1,0,90
101190,10,6,2,0,174
101190,11,5,0,0,126
101190,12,3,0,0,57
101190,13,3,0,0,95
101190,14,1,1,1,31
101191,1,4,0,0,109
101191,2,0,0,0,0
101191,3,3,0,0,56
101191,4,1,0,0,24
101191,5,4,0,0,87
101191,6,2,1,0,44
101191,7,6,0,0,126
101191,8,3,0,1,79
101191,9,4,0,0,102
101191,10,2,0,0,68
101192,1,0,0,0,0
101192,2,0,0,0,14
101192,3,2,0,0,82
101192,4,4,0,1,129
101192,5,3,0,0,95
101192,6,4,0,0,98
101192,7,1,0,1,36
101192,8,2,0,0,79
101192,9,2,0,0,55
101192,10,0,0,0,23
101192,11,0,0,0,0
101192,12,4,0,0,91
101192,13,0,0,1,26
101192,14,1,0,0,70
101193,1,18,1,2,449
101193,2,12,0,2,310
101193,3,22,2,1,587
101193,4,9,1,3,212
101193,5,10,1,2,250
101193,6,18,1,3,483
101193,7,26,2,1,698
101193,8,16,2,1,383
101193,9,14,1,1,391
101193,10,9,2,1,224
101193,11,13,1,3,358
101193,12,21,0,0,522
101193,13,17,2,2,445
101193,14,20,1,3,532
101194,1,6,1,1,124
101194,2,7,0,0,215
101194,3,5,0,1,95
101194,4,7,0,0,208
101194,5,6,0,1,128
101194,6,4,0,1,80
101194,7,2,0,2,64
101194,8,6,0,0,157
101194,9,4,0,0,82
101194,10,2,0,1,61
101194,11,3,0,0,93
101194,12,3,0,0,78
101194,13,5,1,2,119
101194,14,10,0,0,261
101195,1,6,0,0,145
101195,2,8,0,0,234
101195,3,3,0,1,93
101195,4,4,2,0,111
101195,5,6,1,1,160
101195,6,4,0,2,113
101195,7,5,0,0,110
101195,8,9,0,2,231
101195,9,7,2,2,157
101195,10,5,1,6,103
101195,11,9,0,1,226
101195,12,9,1,1,227
101195,13,8,0,1,208
101195,14,6,1,0,168
101196,1,1,0,0,55
101196,2,1,0,0,0
101196,3,1,0,1,44
101196,4,1,0,0,21
101196,5,0,0,0,15
101196,6,1,0,0,39
101196,7,0,0,0,31
101196,8,0,0,0,0
101196,9,0,0,0,4
101196,10,1,0,0,20
101196,11,0,0,0,12
101196,12,0,0,0,0
101197,1,5,0,1,138
101197,2,8,1,0,204
101197,3,5,0,2,113
101197,4,8,1,1,232
101197,5,8,1,2,210
101197,6,4,0,0,76
101197,7,3,0,0,84
101197,8,8,0,2,211
101197,9,3,0,2,50
101197,10,6,0,1,151
101197,11,8,0,3,233
101197,12,6,0,0,152
101197,13,7,2,1,203
101197,14,7,1,2,205
101198,1,7,1,1,188
101198,2,8,1,1,191
101198,3,9,0,1,236
101198,4,2,1,1,37
101198,5,6,1,1,174
101198,6,1,0,0,48
101198,7,6,0,0,158
101198,8,4,2,1,116
101198,9,5,1,1,136
101198,10,4,1,1,90
101198,11,3,0,2,96
101198,12,7,2,0,192
101198,13,8,0,0,201
101198,14,8,1,2,203
101199,1,1,0,1,17
101199,2,1,0,3,21
101199,3,1,0,0,24
101199,4,0,1,0,0
101199,5,6,0,0,155
101199,6,0,0,0,0
101199,7,1,0,2,14
101199,8,1,0,1,75
101199,9,2,0,0,84
101199,10,4,0,0,118
101199,11,4,0,0,126
101199,12,4,0,1,91
101199,13,2,0,1,35
101199,14,1,0,0,31
101200,1,8,1,1,196
101200,2,7,1,0,160
101200,3,5,1,0,132
101200,4,9,1,2,253
101200,5,9,1,0,215
101200,6,13,1,3,303
101200,7,8,0,1,190
101200,8,4,0,1,128
101200,9,7,0,2,206
101200,10,8,0,0,216
101200,11,6,0,1,140
101200,12,6,0,2,129
101200,13,12,0,0,305
101200,14,12,0,0,313
