student_id,course_code,term,final_grade,passed
100001,BI101,2026-T3,55.5,True
100001,BI102,2026-T3,53.1,True
100001,CH110,2026-T3,25.4,False
100001,DS100,2026-T3,72.1,True
100002,BI101,2026-T3,74.0,True
100002,BI102,2026-T3,68.5,True
100002,DS100,2026-T3,61.1,True
100003,EC101,2026-T3,98.8,True
100003,EC102,2026-T3,72.5,True
100003,MA110,2026-T3,55.3,True
100003,DS100,2026-T3,66.7,True
100004,CS101,2025-T3,57.6,True
100004,CS102,2025-T3,72.8,True
100004,MA110,2025-T3,37.6,False
100004,DS100,2025-T3,73.9,True
100005,CS101,2024-T3,64.5,True
100005,CS102,2024-T3,72.7,True
100005,DS100,2024-T3,52.3,True
100006,CS101,2026-T3,49.3,False
100006,CS102,2026-T3,60.8,True
100006,MA110,2026-T3,28.6,False
100006,DS100,2026-T3,43.2,False
100007,CS101,2026-T3,56.8,True
100007,CS102,2026-T3,62.6,True
100007,MA110,2026-T3,39.5,False
100007,DS100,2026-T3,65.6,True
100008,EC101,2024-T3,55.9,True
100008,EC102,2024-T3,59.4,True
100008,MA110,2024-T3,43.4,False
100008,DS100,2024-T3,48.5,False
100009,CS101,2026-T3,54.9,True
100009,CS102,2026-T3,62.6,True
100009,MA110,2026-T3,57.4,True
100009,DS100,2026-T3,63.1,True
100010,PS101,2025-T3,85.7,True
100010,PS102,2025-T3,64.5,True
100010,ST110,2025-T3,53.1,True
100010,DS100,2025-T3,76.6,True
100011,BI101,2024-T3,53.4,True
100011,BI102,2024-T3,57.6,True
100011,CH110,2024-T3,50.3,True
100011,DS100,2024-T3,74.7,True
100012,PS101,2025-T3,77.3,True
100012,PS102,2025-T3,47.9,False
100012,ST110,2025-T3,33.0,False
100012,DS100,2025-T3,76.7,True
100013,CS101,2025-T3,51.0,True
100013,CS102,2025-T3,34.2,False
100013,MA110,2025-T3,52.6,True
100013,DS100,2025-T3,49.2,False
100014,EC101,2025-T3,58.7,True
100014,EC102,2025-T3,71.7,True
100014,MA110,2025-T3,61.7,True
100014,DS100,2025-T3,65.8,True
100015,EC101,2024-T3,75.2,True
100015,EC102,2024-T3,63.4,True
100015,MA110,2024-T3,44.4,False
100015,DS100,2024-T3,68.8,True
100016,EC101,2025-T3,55.2,True
100016,EC102,2025-T3,50.3,True
100016,MA110,2025-T3,45.3,False
100016,DS100,2025-T3,43.7,False
100017,BI101,2024-T3,77.9,True
100017,BI102,2024-T3,77.0,True
100017,CH110,2024-T3,54.4,True
100017,DS100,2024-T3,56.3,True
100018,BI101,2026-T3,54.9,True
100018,BI102,2026-T3,55.4,True
100018,CH110,2026-T3,56.0,True
100018,DS100,2026-T3,68.0,True
100019,CS101,2024-T3,73.5,True
100019,CS102,2024-T3,56.5,True
100019,MA110,2024-T3,45.6,False
100019,DS100,2024-T3,71.5,True
100020,CS101,2026-T3,65.7,True
100020,CS102,2026-T3,56.0,True
100020,MA110,2026-T3,37.3,False
100020,DS100,2026-T3,63.7,True
100021,BI101,2025-T3,64.2,True
100021,BI102,2025-T3,64.1,True
100021,CH110,2025-T3,50.8,True
100021,DS100,2025-T3,46.9,False
100022,EC101,2025-T3,58.3,True
100022,EC102,2025-T3,55.4,True
100022,MA110,2025-T3,35.5,False
100022,DS100,2025-T3,60.1,True
100023,CS101,2024-T3,55.3,True
100023,CS102,2024-T3,29.7,False
100023,MA110,2024-T3,14.4,False
100023,DS100,2024-T3,53.9,True
100024,CS101,2025-T3,43.0,False
100024,CS102,2025-T3,37.8,False
100024,DS100,2025-T3,53.2,True
100025,BI101,2026-T3,66.2,True
100025,BI102,2026-T3,60.1,True
100025,CH110,2026-T3,33.0,False
100025,DS100,2026-T3,35.2,False
100026,CS101,2026-T3,70.9,True
100026,CS102,2026-T3,72.4,True
100026,MA110,2026-T3,32.1,False
100026,DS100,2026-T3,70.8,True
100027,CS101,2024-T3,59.6,True
100027,CS102,2024-T3,49.5,False
100027,MA110,2024-T3,44.0,False
100027,DS100,2024-T3,51.2,True
100028,EC101,2025-T3,52.1,True
100028,EC102,2025-T3,62.0,True
100028,DS100,2025-T3,46.7,False
100029,PS101,2026-T3,57.7,True
100029,PS102,2026-T3,70.1,True
100029,ST110,2026-T3,40.7,False
100029,DS100,2026-T3,52.5,True
100030,PS101,2025-T3,45.8,False
100030,PS102,2025-T3,51.9,True
100030,ST110,2025-T3,20.8,False
100030,DS100,2025-T3,61.5,True
100031,PS101,2026-T3,64.1,True
100031,PS102,2026-T3,66.1,True
100031,ST110,2026-T3,34.3,False
100031,DS100,2026-T3,42.8,False
100032,EC101,2026-T3,85.1,True
100032,EC102,2026-T3,86.2,True
100032,MA110,2026-T3,53.1,True
100032,DS100,2026-T3,70.6,True
100033,BI101,2024-T3,51.6,True
100033,BI102,2024-T3,45.2,False
100033,CH110,2024-T3,37.6,False
100033,DS100,2024-T3,44.5,False
100034,CS101,2026-T3,63.8,True
100034,CS102,2026-T3,66.5,True
100034,MA110,2026-T3,46.7,False
100034,DS100,2026-T3,60.1,True
100035,BI101,2025-T3,52.3,True
100035,BI102,2025-T3,48.6,False
100035,DS100,2025-T3,53.7,True
100036,CS101,2024-T3,56.7,True
100036,CS102,2024-T3,70.0,True
100036,MA110,2024-T3,44.5,False
100036,DS100,2024-T3,62.6,True
100037,PS101,2024-T3,66.7,True
100037,PS102,2024-T3,64.2,True
100037,ST110,2024-T3,56.8,True
100037,DS100,2024-T3,57.0,True
100038,PS101,2025-T3,81.0,True
100038,PS102,2025-T3,73.7,True
100038,ST110,2025-T3,49.5,False
100038,DS100,2025-T3,74.4,True
100039,EC101,2025-T3,59.5,True
100039,EC102,2025-T3,55.8,True
100039,MA110,2025-T3,41.1,False
100039,DS100,2025-T3,61.1,True
100040,EC101,2026-T3,65.8,True
100040,EC102,2026-T3,69.1,True
100040,MA110,2026-T3,31.3,False
100040,DS100,2026-T3,61.3,True
100041,EC101,2025-T3,66.6,True
100041,EC102,2025-T3,42.8,False
100041,MA110,2025-T3,44.1,False
100041,DS100,2025-T3,66.1,True
100042,CS101,2024-T3,74.3,True
100042,CS102,2024-T3,63.5,True
100042,MA110,2024-T3,50.0,True
100042,DS100,2024-T3,74.1,True
100043,BI101,2024-T3,51.2,True
100043,BI102,2024-T3,56.7,True
100043,CH110,2024-T3,40.4,False
100043,DS100,2024-T3,67.5,True
100044,EC101,2026-T3,74.4,True
100044,EC102,2026-T3,70.9,True
100044,DS100,2026-T3,65.4,True
100045,EC101,2026-T3,41.0,False
100045,EC102,2026-T3,56.2,True
100045,MA110,2026-T3,44.6,False
100045,DS100,2026-T3,62.4,True
100046,BI101,2025-T3,57.2,True
100046,BI102,2025-T3,36.0,False
100046,CH110,2025-T3,39.5,False
100046,DS100,2025-T3,59.3,True
100047,CS101,2026-T3,58.8,True
100047,CS102,2026-T3,55.1,True
100047,MA110,2026-T3,42.5,False
100047,DS100,2026-T3,66.8,True
100048,CS101,2026-T3,64.2,True
100048,CS102,2026-T3,50.5,True
100048,MA110,2026-T3,27.6,False
100048,DS100,2026-T3,50.5,True
100049,CS101,2025-T3,75.1,True
100049,CS102,2025-T3,56.4,True
100049,MA110,2025-T3,35.2,False
100049,DS100,2025-T3,62.9,True
100050,BI101,2024-T3,66.0,True
100050,BI102,2024-T3,63.7,True
100050,CH110,2024-T3,37.4,False
100050,DS100,2024-T3,60.0,True
100051,PS101,2025-T3,62.5,True
100051,PS102,2025-T3,64.7,True
100051,DS100,2025-T3,85.3,True
100052,CS101,2025-T3,65.5,True
100052,CS102,2025-T3,70.2,True
100052,MA110,2025-T3,39.4,False
100052,DS100,2025-T3,46.1,False
100053,PS101,2024-T3,87.3,True
100053,PS102,2024-T3,94.5,True
100053,ST110,2024-T3,43.0,False
100053,DS100,2024-T3,61.1,True
100054,EC101,2025-T3,58.2,True
100054,EC102,2025-T3,42.1,False
100054,MA110,2025-T3,44.2,False
100054,DS100,2025-T3,58.3,True
100055,BI101,2025-T3,68.0,True
100055,BI102,2025-T3,55.6,True
100055,DS100,2025-T3,64.0,True
100056,BI101,2025-T3,45.6,False
100056,BI102,2025-T3,56.5,True
100056,DS100,2025-T3,55.3,True
100057,CS101,2024-T3,66.8,True
100057,CS102,2024-T3,69.7,True
100057,MA110,2024-T3,24.5,False
100057,DS100,2024-T3,45.1,False
100058,CS101,2025-T3,64.3,True
100058,CS102,2025-T3,63.5,True
100058,DS100,2025-T3,68.7,True
100059,PS101,2026-T3,74.9,True
100059,PS102,2026-T3,61.1,True
100059,ST110,2026-T3,52.5,True
100059,DS100,2026-T3,67.9,True
100060,PS101,2026-T3,86.7,True
100060,PS102,2026-T3,77.0,True
100060,ST110,2026-T3,53.0,True
100060,DS100,2026-T3,80.9,True
100061,EC101,2024-T3,51.1,True
100061,EC102,2024-T3,60.7,True
100061,MA110,2024-T3,34.0,False
100061,DS100,2024-T3,48.5,False
100062,BI101,2024-T3,64.4,True
100062,BI102,2024-T3,54.8,True
100062,CH110,2024-T3,50.8,True
100062,DS100,2024-T3,47.5,False
100063,PS101,2026-T3,66.3,True
100063,PS102,2026-T3,58.7,True
100063,ST110,2026-T3,42.7,False
100063,DS100,2026-T3,57.2,True
100064,CS101,2024-T3,62.8,True
100064,CS102,2024-T3,60.8,True
100064,MA110,2024-T3,40.3,False
100064,DS100,2024-T3,58.5,True
100065,CS101,2024-T3,67.9,True
100065,CS102,2024-T3,75.2,True
100065,MA110,2024-T3,51.9,True
100065,DS100,2024-T3,85.1,True
100066,CS101,2026-T3,78.6,True
100066,CS102,2026-T3,60.4,True
100066,MA110,2026-T3,46.0,False
100066,DS100,2026-T3,53.6,True
100067,PS101,2024-T3,77.7,True
100067,PS102,2024-T3,42.7,False
100067,ST110,2024-T3,40.8,False
100067,DS100,2024-T3,71.1,True
100068,CS101,2024-T3,79.1,True
100068,CS102,2024-T3,67.6,True
100068,MA110,2024-T3,47.8,False
100068,DS100,2024-T3,97.3,True
100069,EC101,2026-T3,71.9,True
100069,EC102,2026-T3,50.3,True
100069,MA110,2026-T3,33.4,False
100069,DS100,2026-T3,65.1,True
100070,BI101,2025-T3,60.5,True
100070,BI102,2025-T3,67.3,True
100070,CH110,2025-T3,46.4,False
100070,DS100,2025-T3,65.1,True
100071,BI101,2026-T3,76.3,True
100071,BI102,2026-T3,77.8,True
100071,DS100,2026-T3,82.2,True
100072,EC101,2024-T3,73.7,True
100072,EC102,2024-T3,70.6,True
100072,MA110,2024-T3,57.8,True
100072,DS100,2024-T3,67.8,True
100073,PS101,2025-T3,63.4,True
100073,PS102,2025-T3,63.1,True
100073,ST110,2025-T3,27.1,False
100073,DS100,2025-T3,64.8,True
100074,PS101,2025-T3,49.7,False
100074,PS102,2025-T3,64.5,True
100074,ST110,2025-T3,36.8,False
100074,DS100,2025-T3,79.8,True
100075,EC101,2025-T3,69.5,True
100075,EC102,2025-T3,60.0,True
100075,MA110,2025-T3,40.4,False
100075,DS100,2025-T3,55.1,True
100076,PS101,2025-T3,45.5,False
100076,PS102,2025-T3,53.8,True
100076,ST110,2025-T3,24.5,False
100076,DS100,2025-T3,61.9,True
100077,PS101,2025-T3,70.4,True
100077,PS102,2025-T3,49.0,False
100077,ST110,2025-T3,43.5,False
100077,DS100,2025-T3,63.6,True
100078,CS101,2026-T3,45.0,False
100078,CS102,2026-T3,50.0,True
100078,MA110,2026-T3,36.7,False
100078,DS100,2026-T3,43.5,False
100079,CS101,2024-T3,59.0,True
100079,CS102,2024-T3,57.1,True
100079,MA110,2024-T3,35.8,False
100079,DS100,2024-T3,65.5,True
100080,BI101,2024-T3,34.0,False
100080,BI102,2024-T3,46.2,False
100080,CH110,2024-T3,38.7,False
100080,DS100,2024-T3,68.8,True
100081,EC101,2025-T3,69.0,True
100081,EC102,2025-T3,45.5,False
100081,MA110,2025-T3,48.2,False
100081,DS100,2025-T3,54.5,True
100082,BI101,2025-T3,61.9,True
100082,BI102,2025-T3,76.5,True
100082,CH110,2025-T3,40.9,False
100082,DS100,2025-T3,57.3,True
100083,BI101,2026-T3,64.5,True
100083,BI102,2026-T3,62.1,True
100083,CH110,2026-T3,38.9,False
100083,DS100,2026-T3,66.8,True
100084,BI101,2026-T3,68.1,True
100084,BI102,2026-T3,46.0,False
100084,CH110,2026-T3,61.7,True
100084,DS100,2026-T3,73.7,True
100085,BI101,2026-T3,49.8,False
100085,BI102,2026-T3,46.6,False
100085,CH110,2026-T3,34.6,False
100085,DS100,2026-T3,35.2,False
100086,BI101,2026-T3,73.2,True
100086,BI102,2026-T3,70.0,True
100086,CH110,2026-T3,49.1,False
100086,DS100,2026-T3,77.6,True
100087,EC101,2025-T3,85.5,True
100087,EC102,2025-T3,48.8,False
100087,MA110,2025-T3,49.8,False
100087,DS100,2025-T3,63.7,True
100088,PS101,2026-T3,77.4,True
100088,PS102,2026-T3,64.0,True
100088,ST110,2026-T3,45.1,False
100088,DS100,2026-T3,64.9,True
100089,BI101,2026-T3,47.5,False
100089,BI102,2026-T3,58.3,True
100089,CH110,2026-T3,38.9,False
100089,DS100,2026-T3,64.7,True
100090,CS101,2026-T3,69.5,True
100090,CS102,2026-T3,49.5,False
100090,MA110,2026-T3,45.3,False
100090,DS100,2026-T3,65.9,True
100091,PS101,2024-T3,54.3,True
100091,PS102,2024-T3,70.5,True
100091,ST110,2024-T3,31.8,False
100091,DS100,2024-T3,52.7,True
100092,BI101,2025-T3,62.1,True
100092,BI102,2025-T3,54.0,True
100092,CH110,2025-T3,37.5,False
100092,DS100,2025-T3,66.3,True
100093,EC101,2025-T3,75.3,True
100093,EC102,2025-T3,85.8,True
100093,MA110,2025-T3,60.7,True
100093,DS100,2025-T3,63.9,True
100094,BI101,2024-T3,74.2,True
100094,BI102,2024-T3,64.8,True
100094,CH110,2024-T3,45.2,False
100094,DS100,2024-T3,85.5,True
100095,BI101,2024-T3,84.7,True
100095,BI102,2024-T3,71.7,True
100095,CH110,2024-T3,29.8,False
100095,DS100,2024-T3,59.3,True
100096,EC101,2024-T3,70.8,True
100096,EC102,2024-T3,48.3,False
100096,MA110,2024-T3,52.9,True
100096,DS100,2024-T3,61.6,True
100097,CS101,2024-T3,52.5,True
100097,CS102,2024-T3,69.6,True
100097,MA110,2024-T3,48.8,False
100097,DS100,2024-T3,67.9,True
100098,PS101,2026-T3,70.6,True
100098,PS102,2026-T3,67.5,True
100098,ST110,2026-T3,35.9,False
100098,DS100,2026-T3,53.6,True
100099,PS101,2024-T3,77.6,True
100099,PS102,2024-T3,62.9,True
100099,ST110,2024-T3,36.4,False
100099,DS100,2024-T3,63.2,True
100100,CS101,2025-T3,64.9,True
100100,CS102,2025-T3,62.7,True
100100,MA110,2025-T3,46.5,False
100100,DS100,2025-T3,72.6,True
100101,CS101,2026-T3,74.9,True
100101,CS102,2026-T3,61.3,True
100101,MA110,2026-T3,40.6,False
100101,DS100,2026-T3,61.4,True
100102,PS101,2025-T3,55.6,True
100102,PS102,2025-T3,50.2,True
100102,ST110,2025-T3,49.5,False
100102,DS100,2025-T3,58.9,True
100103,EC101,2025-T3,60.0,True
100103,EC102,2025-T3,52.7,True
100103,MA110,2025-T3,39.3,False
100103,DS100,2025-T3,48.2,False
100104,EC101,2025-T3,57.5,True
100104,EC102,2025-T3,74.3,True
100104,MA110,2025-T3,42.5,False
100104,DS100,2025-T3,59.9,True
100105,PS101,2024-T3,89.0,True
100105,PS102,2024-T3,84.2,True
100105,ST110,2024-T3,62.3,True
100105,DS100,2024-T3,80.1,True
100106,CS101,2026-T3,76.2,True
100106,CS102,2026-T3,72.6,True
100106,MA110,2026-T3,57.0,True
100106,DS100,2026-T3,73.2,True
100107,CS101,2026-T3,65.2,True
100107,CS102,2026-T3,50.7,True
100107,MA110,2026-T3,52.8,True
100107,DS100,2026-T3,52.2,True
100108,BI101,2026-T3,56.2,True
100108,BI102,2026-T3,54.7,True
100108,CH110,2026-T3,20.9,False
100108,DS100,2026-T3,60.4,True
100109,BI101,2026-T3,57.5,True
100109,BI102,2026-T3,69.3,True
100109,CH110,2026-T3,59.3,True
100109,DS100,2026-T3,60.0,True
100110,BI101,2024-T3,73.1,True
100110,BI102,2024-T3,77.0,True
100110,CH110,2024-T3,32.7,False
100110,DS100,2024-T3,62.9,True
100111,EC101,2026-T3,75.7,True
100111,EC102,2026-T3,62.0,True
100111,MA110,2026-T3,57.0,True
100111,DS100,2026-T3,65.4,True
100112,PS101,2026-T3,89.2,True
100112,PS102,2026-T3,66.0,True
100112,ST110,2026-T3,38.7,False
100112,DS100,2026-T3,61.5,True
100113,CS101,2026-T3,68.9,True
100113,CS102,2026-T3,83.3,True
100113,MA110,2026-T3,54.6,True
100113,DS100,2026-T3,82.2,True
100114,BI101,2026-T3,65.8,True
100114,BI102,2026-T3,66.8,True
100114,CH110,2026-T3,42.7,False
100114,DS100,2026-T3,40.5,False
100115,PS101,2025-T3,77.9,True
100115,PS102,2025-T3,79.8,True
100115,ST110,2025-T3,25.4,False
100115,DS100,2025-T3,58.0,True
100116,EC101,2026-T3,73.0,True
100116,EC102,2026-T3,59.3,True
100116,MA110,2026-T3,48.9,False
100116,DS100,2026-T3,73.9,True
100117,CS101,2024-T3,60.3,True
100117,CS102,2024-T3,62.0,True
100117,MA110,2024-T3,28.1,False
100117,DS100,2024-T3,50.1,True
100118,BI101,2025-T3,67.8,True
100118,BI102,2025-T3,49.5,False
100118,CH110,2025-T3,35.9,False
100118,DS100,2025-T3,64.8,True
100119,PS101,2026-T3,69.2,True
100119,PS102,2026-T3,55.8,True
100119,ST110,2026-T3,42.3,False
100119,DS100,2026-T3,57.5,True
100120,CS101,2026-T3,62.9,True
100120,CS102,2026-T3,73.0,True
100120,MA110,2026-T3,49.7,False
100120,DS100,2026-T3,97.5,True
100121,PS101,2026-T3,73.8,True
100121,PS102,2026-T3,76.6,True
100121,ST110,2026-T3,67.4,True
100121,DS100,2026-T3,82.7,True
100122,BI101,2025-T3,58.3,True
100122,BI102,2025-T3,51.8,True
100122,CH110,2025-T3,29.4,False
100122,DS100,2025-T3,64.3,True
100123,PS101,2026-T3,71.1,True
100123,PS102,2026-T3,57.8,True
100123,DS100,2026-T3,63.1,True
100124,CS101,2025-T3,57.3,True
100124,CS102,2025-T3,68.3,True
100124,MA110,2025-T3,39.4,False
100124,DS100,2025-T3,61.2,True
100125,BI101,2024-T3,68.8,True
100125,BI102,2024-T3,75.6,True
100125,CH110,2024-T3,31.4,False
100125,DS100,2024-T3,66.9,True
100126,BI101,2024-T3,74.1,True
100126,BI102,2024-T3,51.1,True
100126,CH110,2024-T3,56.3,True
100126,DS100,2024-T3,69.3,True
100127,CS101,2025-T3,55.7,True
100127,CS102,2025-T3,50.3,True
100127,MA110,2025-T3,48.7,False
100127,DS100,2025-T3,70.2,True
100128,BI101,2026-T3,65.8,True
100128,BI102,2026-T3,44.7,False
100128,CH110,2026-T3,28.1,False
100128,DS100,2026-T3,48.0,False
100129,CS101,2024-T3,53.8,True
100129,CS102,2024-T3,53.2,True
100129,MA110,2024-T3,45.9,False
100129,DS100,2024-T3,60.0,True
100130,BI101,2024-T3,62.1,True
100130,BI102,2024-T3,51.7,True
100130,DS100,2024-T3,39.3,False
100131,EC101,2024-T3,68.6,True
100131,EC102,2024-T3,62.8,True
100131,MA110,2024-T3,43.8,False
100131,DS100,2024-T3,63.9,True
100132,EC101,2024-T3,55.8,True
100132,EC102,2024-T3,68.5,True
100132,MA110,2024-T3,40.1,False
100132,DS100,2024-T3,54.6,True
100133,EC101,2025-T3,55.6,True
100133,EC102,2025-T3,60.4,True
100133,MA110,2025-T3,52.6,True
100133,DS100,2025-T3,65.5,True
100134,CS101,2026-T3,69.7,True
100134,CS102,2026-T3,80.8,True
100134,MA110,2026-T3,56.2,True
100134,DS100,2026-T3,89.4,True
100135,EC101,2024-T3,60.5,True
100135,EC102,2024-T3,49.7,False
100135,MA110,2024-T3,56.4,True
100135,DS100,2024-T3,66.4,True
100136,CS101,2026-T3,57.3,True
100136,CS102,2026-T3,61.7,True
100136,DS100,2026-T3,72.5,True
100137,CS101,2025-T3,80.5,True
100137,CS102,2025-T3,78.1,True
100137,MA110,2025-T3,49.7,False
100137,DS100,2025-T3,63.5,True
100138,CS101,2025-T3,55.8,True
100138,CS102,2025-T3,43.8,False
100138,MA110,2025-T3,29.7,False
100138,DS100,2025-T3,74.5,True
100139,CS101,2024-T3,61.3,True
100139,CS102,2024-T3,50.1,True
100139,MA110,2024-T3,41.6,False
100139,DS100,2024-T3,55.6,True
100140,EC101,2026-T3,67.8,True
100140,EC102,2026-T3,69.7,True
100140,MA110,2026-T3,50.6,True
100140,DS100,2026-T3,71.6,True
100141,PS101,2026-T3,73.6,True
100141,PS102,2026-T3,77.5,True
100141,ST110,2026-T3,46.1,False
100141,DS100,2026-T3,61.9,True
100142,BI101,2025-T3,80.0,True
100142,BI102,2025-T3,81.9,True
100142,CH110,2025-T3,62.0,True
100142,DS100,2025-T3,60.9,True
100143,EC101,2024-T3,59.9,True
100143,EC102,2024-T3,64.7,True
100143,MA110,2024-T3,41.8,False
100143,DS100,2024-T3,67.4,True
100144,CS101,2025-T3,80.4,True
100144,CS102,2025-T3,52.5,True
100144,MA110,2025-T3,57.2,True
100144,DS100,2025-T3,54.1,True
100145,CS101,2024-T3,60.4,True
100145,CS102,2024-T3,83.1,True
100145,MA110,2024-T3,54.2,True
100145,DS100,2024-T3,77.5,True
100146,PS101,2025-T3,62.4,True
100146,PS102,2025-T3,58.1,True
100146,DS100,2025-T3,40.4,False
100147,CS101,2025-T3,63.4,True
100147,CS102,2025-T3,72.9,True
100147,MA110,2025-T3,35.5,False
100147,DS100,2025-T3,54.6,True
100148,CS101,2025-T3,71.1,True
100148,CS102,2025-T3,90.6,True
100148,MA110,2025-T3,50.1,True
100148,DS100,2025-T3,65.0,True
100149,EC101,2024-T3,81.2,True
100149,EC102,2024-T3,63.2,True
100149,MA110,2024-T3,48.2,False
100149,DS100,2024-T3,75.9,True
100150,PS101,2024-T3,67.7,True
100150,PS102,2024-T3,75.5,True
100150,ST110,2024-T3,44.0,False
100150,DS100,2024-T3,53.6,True
100151,PS101,2024-T3,47.2,False
100151,PS102,2024-T3,60.5,True
100151,ST110,2024-T3,35.0,False
100151,DS100,2024-T3,72.6,True
100152,BI101,2024-T3,52.6,True
100152,BI102,2024-T3,46.1,False
100152,CH110,2024-T3,32.2,False
100152,DS100,2024-T3,73.3,True
100153,CS101,2024-T3,73.3,True
100153,CS102,2024-T3,68.3,True
100153,MA110,2024-T3,32.4,False
100153,DS100,2024-T3,64.1,True
100154,BI101,2025-T3,69.6,True
100154,BI102,2025-T3,55.9,True
100154,DS100,2025-T3,53.8,True
100155,EC101,2025-T3,66.6,True
100155,EC102,2025-T3,55.9,True
100155,MA110,2025-T3,36.6,False
100155,DS100,2025-T3,45.6,False
100156,CS101,2024-T3,71.7,True
100156,CS102,2024-T3,73.3,True
100156,MA110,2024-T3,39.5,False
100156,DS100,2024-T3,61.0,True
100157,BI101,2026-T3,73.2,True
100157,BI102,2026-T3,60.2,True
100157,CH110,2026-T3,31.9,False
100157,DS100,2026-T3,57.4,True
100158,BI101,2024-T3,56.4,True
100158,BI102,2024-T3,63.1,True
100158,CH110,2024-T3,53.6,True
100158,DS100,2024-T3,59.9,True
100159,EC101,2024-T3,56.3,True
100159,EC102,2024-T3,61.5,True
100159,MA110,2024-T3,29.6,False
100159,DS100,2024-T3,75.3,True
100160,PS101,2024-T3,60.5,True
100160,PS102,2024-T3,72.3,True
100160,ST110,2024-T3,41.7,False
100160,DS100,2024-T3,79.8,True
100161,CS101,2026-T3,73.0,True
100161,CS102,2026-T3,61.7,True
100161,MA110,2026-T3,48.2,False
100161,DS100,2026-T3,57.1,True
100162,CS101,2025-T3,74.8,True
100162,CS102,2025-T3,51.9,True
100162,MA110,2025-T3,37.1,False
100162,DS100,2025-T3,52.1,True
100163,EC101,2024-T3,64.7,True
100163,EC102,2024-T3,67.2,True
100163,MA110,2024-T3,41.7,False
100163,DS100,2024-T3,63.3,True
100164,CS101,2026-T3,83.5,True
100164,CS102,2026-T3,78.4,True
100164,MA110,2026-T3,55.5,True
100164,DS100,2026-T3,79.9,True
100165,CS101,2025-T3,80.0,True
100165,CS102,2025-T3,86.5,True
100165,MA110,2025-T3,57.7,True
100165,DS100,2025-T3,79.8,True
100166,BI101,2024-T3,58.1,True
100166,BI102,2024-T3,61.5,True
100166,CH110,2024-T3,25.9,False
100166,DS100,2024-T3,52.9,True
100167,EC101,2026-T3,61.5,True
100167,EC102,2026-T3,46.2,False
100167,MA110,2026-T3,54.3,True
100167,DS100,2026-T3,66.6,True
100168,CS101,2025-T3,55.3,True
100168,CS102,2025-T3,54.9,True
100168,MA110,2025-T3,27.4,False
100168,DS100,2025-T3,71.9,True
100169,PS101,2026-T3,59.6,True
100169,PS102,2026-T3,64.9,True
100169,ST110,2026-T3,44.9,False
100169,DS100,2026-T3,65.2,True
100170,BI101,2024-T3,67.2,True
100170,BI102,2024-T3,58.5,True
100170,CH110,2024-T3,38.6,False
100170,DS100,2024-T3,68.5,True
100171,CS101,2025-T3,49.5,False
100171,CS102,2025-T3,55.5,True
100171,MA110,2025-T3,41.5,False
100171,DS100,2025-T3,63.7,True
100172,BI101,2024-T3,78.6,True
100172,BI102,2024-T3,65.0,True
100172,DS100,2024-T3,49.1,False
100173,EC101,2025-T3,57.3,True
100173,EC102,2025-T3,50.0,True
100173,MA110,2025-T3,28.9,False
100173,DS100,2025-T3,58.6,True
100174,EC101,2026-T3,83.1,True
100174,EC102,2026-T3,71.6,True
100174,MA110,2026-T3,61.7,True
100174,DS100,2026-T3,71.5,True
100175,EC101,2024-T3,66.4,True
100175,EC102,2024-T3,65.0,True
100175,DS100,2024-T3,53.9,True
100176,CS101,2026-T3,70.0,True
100176,CS102,2026-T3,62.7,True
100176,MA110,2026-T3,29.0,False
100176,DS100,2026-T3,65.6,True
100177,CS101,2026-T3,51.4,True
100177,CS102,2026-T3,43.3,False
100177,MA110,2026-T3,23.6,False
100177,DS100,2026-T3,51.2,True
100178,EC101,2026-T3,67.4,True
100178,EC102,2026-T3,57.2,True
100178,MA110,2026-T3,54.1,True
100178,DS100,2026-T3,63.3,True
100179,BI101,2025-T3,77.2,True
100179,BI102,2025-T3,63.6,True
100179,CH110,2025-T3,48.6,False
100179,DS100,2025-T3,61.4,True
100180,CS101,2026-T3,62.0,True
100180,CS102,2026-T3,49.0,False
100180,DS100,2026-T3,51.7,True
100181,EC101,2024-T3,63.9,True
100181,EC102,2024-T3,69.2,True
100181,DS100,2024-T3,66.1,True
100182,EC101,2026-T3,62.9,True
100182,EC102,2026-T3,74.6,True
100182,MA110,2026-T3,32.2,False
100182,DS100,2026-T3,62.8,True
100183,CS101,2026-T3,74.0,True
100183,CS102,2026-T3,71.9,True
100183,MA110,2026-T3,52.1,True
100183,DS100,2026-T3,73.2,True
100184,BI101,2025-T3,52.7,True
100184,BI102,2025-T3,63.3,True
100184,CH110,2025-T3,40.0,False
100184,DS100,2025-T3,60.1,True
100185,EC101,2025-T3,48.9,False
100185,EC102,2025-T3,52.4,True
100185,DS100,2025-T3,50.3,True
100186,PS101,2026-T3,53.3,True
100186,PS102,2026-T3,48.4,False
100186,ST110,2026-T3,45.6,False
100186,DS100,2026-T3,59.6,True
100187,CS101,2025-T3,72.4,True
100187,CS102,2025-T3,58.1,True
100187,MA110,2025-T3,39.5,False
100187,DS100,2025-T3,73.9,True
100188,CS101,2025-T3,52.8,True
100188,CS102,2025-T3,59.7,True
100188,MA110,2025-T3,32.9,False
100188,DS100,2025-T3,59.6,True
100189,CS101,2024-T3,54.2,True
100189,CS102,2024-T3,56.0,True
100189,MA110,2024-T3,41.3,False
100189,DS100,2024-T3,60.8,True
100190,EC101,2025-T3,56.9,True
100190,EC102,2025-T3,40.0,False
100190,MA110,2025-T3,24.2,False
100190,DS100,2025-T3,53.0,True
100191,PS101,2024-T3,70.7,True
100191,PS102,2024-T3,71.8,True
100191,ST110,2024-T3,63.3,True
100191,DS100,2024-T3,81.6,True
100192,EC101,2025-T3,55.9,True
100192,EC102,2025-T3,71.2,True
100192,MA110,2025-T3,43.2,False
100192,DS100,2025-T3,58.7,True
100193,EC101,2026-T3,82.6,True
100193,EC102,2026-T3,63.2,True
100193,MA110,2026-T3,44.9,False
100193,DS100,2026-T3,78.4,True
100194,PS101,2026-T3,51.2,True
100194,PS102,2026-T3,54.6,True
100194,ST110,2026-T3,27.4,False
100194,DS100,2026-T3,63.0,True
100195,BI101,2024-T3,53.8,True
100195,BI102,2024-T3,63.4,True
100195,CH110,2024-T3,44.5,False
100195,DS100,2024-T3,65.1,True
100196,CS101,2024-T3,60.2,True
100196,CS102,2024-T3,60.8,True
100196,MA110,2024-T3,54.5,True
100196,DS100,2024-T3,79.3,True
100197,BI101,2024-T3,66.5,True
100197,BI102,2024-T3,51.3,True
100197,CH110,2024-T3,38.4,False
100197,DS100,2024-T3,60.6,True
100198,CS101,2026-T3,52.4,True
100198,CS102,2026-T3,47.6,False
100198,MA110,2026-T3,50.7,True
100198,DS100,2026-T3,72.3,True
100199,BI101,2025-T3,48.7,False
100199,BI102,2025-T3,61.4,True
100199,CH110,2025-T3,54.7,True
100199,DS100,2025-T3,52.1,True
100200,BI101,2025-T3,80.5,True
100200,BI102,2025-T3,60.2,True
100200,CH110,2025-T3,41.5,False
100200,DS100,2025-T3,68.8,True
100201,CS101,2024-T3,72.9,True
100201,CS102,2024-T3,73.1,True
100201,MA110,2024-T3,67.1,True
100201,DS100,2024-T3,58.8,True
100202,EC101,2024-T3,50.0,True
100202,EC102,2024-T3,58.3,True
100202,MA110,2024-T3,28.2,False
100202,DS100,2024-T3,34.8,False
100203,CS101,2026-T3,83.6,True
100203,CS102,2026-T3,52.0,True
100203,MA110,2026-T3,45.5,False
100203,DS100,2026-T3,90.1,True
100204,CS101,2026-T3,70.5,True
100204,CS102,2026-T3,77.4,True
100204,MA110,2026-T3,64.3,True
100204,DS100,2026-T3,77.7,True
100205,EC101,2024-T3,74.4,True
100205,EC102,2024-T3,59.9,True
100205,MA110,2024-T3,36.2,False
100205,DS100,2024-T3,75.4,True
100206,CS101,2026-T3,53.9,True
100206,CS102,2026-T3,60.8,True
100206,MA110,2026-T3,42.1,False
100206,DS100,2026-T3,49.3,False
100207,CS101,2025-T3,69.7,True
100207,CS102,2025-T3,64.8,True
100207,MA110,2025-T3,49.4,False
100207,DS100,2025-T3,79.8,True
100208,PS101,2026-T3,56.6,True
100208,PS102,2026-T3,44.3,False
100208,ST110,2026-T3,57.4,True
100208,DS100,2026-T3,66.1,True
100209,EC101,2026-T3,65.3,True
100209,EC102,2026-T3,66.3,True
100209,DS100,2026-T3,58.7,True
100210,PS101,2025-T3,58.3,True
100210,PS102,2025-T3,62.2,True
100210,ST110,2025-T3,45.6,False
100210,DS100,2025-T3,57.1,True
100211,BI101,2025-T3,67.6,True
100211,BI102,2025-T3,54.1,True
100211,CH110,2025-T3,52.4,True
100211,DS100,2025-T3,73.0,True
100212,BI101,2024-T3,88.6,True
100212,BI102,2024-T3,84.7,True
100212,CH110,2024-T3,34.0,False
100212,DS100,2024-T3,71.2,True
100213,PS101,2025-T3,62.3,True
100213,PS102,2025-T3,67.3,True
100213,ST110,2025-T3,45.8,False
100213,DS100,2025-T3,61.5,True
100214,EC101,2024-T3,84.5,True
100214,EC102,2024-T3,86.9,True
100214,MA110,2024-T3,52.2,True
100214,DS100,2024-T3,66.0,True
100215,EC101,2026-T3,65.1,True
100215,EC102,2026-T3,64.7,True
100215,MA110,2026-T3,47.7,False
100215,DS100,2026-T3,54.9,True
100216,BI101,2026-T3,67.3,True
100216,BI102,2026-T3,67.6,True
100216,CH110,2026-T3,37.9,False
100216,DS100,2026-T3,50.1,True
100217,BI101,2026-T3,65.8,True
100217,BI102,2026-T3,64.4,True
100217,CH110,2026-T3,42.1,False
100217,DS100,2026-T3,63.7,True
100218,CS101,2025-T3,80.6,True
100218,CS102,2025-T3,66.0,True
100218,MA110,2025-T3,58.2,True
100218,DS100,2025-T3,62.9,True
100219,CS101,2026-T3,55.2,True
100219,CS102,2026-T3,68.4,True
100219,MA110,2026-T3,48.9,False
100219,DS100,2026-T3,59.2,True
100220,BI101,2024-T3,55.5,True
100220,BI102,2024-T3,57.5,True
100220,CH110,2024-T3,13.9,False
100220,DS100,2024-T3,46.7,False
100221,PS101,2024-T3,79.3,True
100221,PS102,2024-T3,84.2,True
100221,ST110,2024-T3,67.8,True
100221,DS100,2024-T3,94.0,True
100222,BI101,2024-T3,65.9,True
100222,BI102,2024-T3,58.7,True
100222,CH110,2024-T3,40.2,False
100222,DS100,2024-T3,66.1,True
100223,BI101,2025-T3,69.4,True
100223,BI102,2025-T3,48.6,False
100223,CH110,2025-T3,42.2,False
100223,DS100,2025-T3,39.1,False
100224,PS101,2025-T3,66.7,True
100224,PS102,2025-T3,50.9,True
100224,ST110,2025-T3,46.4,False
100224,DS100,2025-T3,60.5,True
100225,BI101,2025-T3,76.4,True
100225,BI102,2025-T3,71.8,True
100225,CH110,2025-T3,39.2,False
100225,DS100,2025-T3,79.9,True
100226,CS101,2025-T3,77.3,True
100226,CS102,2025-T3,56.8,True
100226,MA110,2025-T3,52.3,True
100226,DS100,2025-T3,75.0,True
100227,EC101,2024-T3,66.5,True
100227,EC102,2024-T3,55.7,True
100227,MA110,2024-T3,45.1,False
100227,DS100,2024-T3,61.8,True
100228,PS101,2026-T3,70.2,True
100228,PS102,2026-T3,52.6,True
100228,ST110,2026-T3,57.6,True
100228,DS100,2026-T3,59.9,True
100229,CS101,2024-T3,64.1,True
100229,CS102,2024-T3,72.0,True
100229,MA110,2024-T3,48.2,False
100229,DS100,2024-T3,80.1,True
100230,CS101,2024-T3,79.4,True
100230,CS102,2024-T3,85.0,True
100230,MA110,2024-T3,69.5,True
100230,DS100,2024-T3,83.1,True
100231,BI101,2025-T3,70.3,True
100231,BI102,2025-T3,42.2,False
100231,DS100,2025-T3,37.1,False
100232,BI101,2026-T3,65.8,True
100232,BI102,2026-T3,53.0,True
100232,CH110,2026-T3,27.6,False
100232,DS100,2026-T3,62.4,True
100233,BI101,2025-T3,57.6,True
100233,BI102,2025-T3,56.0,True
100233,CH110,2025-T3,38.6,False
100233,DS100,2025-T3,62.2,True
100234,EC101,2025-T3,52.1,True
100234,EC102,2025-T3,52.4,True
100234,MA110,2025-T3,43.6,False
100234,DS100,2025-T3,49.6,False
100235,BI101,2025-T3,73.1,True
100235,BI102,2025-T3,76.3,True
100235,CH110,2025-T3,56.8,True
100235,DS100,2025-T3,90.6,True
100236,BI101,2026-T3,62.7,True
100236,BI102,2026-T3,59.8,True
100236,CH110,2026-T3,50.5,True
100236,DS100,2026-T3,67.4,True
100237,PS101,2025-T3,72.0,True
100237,PS102,2025-T3,63.6,True
100237,ST110,2025-T3,32.4,False
100237,DS100,2025-T3,74.2,True
100238,CS101,2024-T3,79.7,True
100238,CS102,2024-T3,52.5,True
100238,MA110,2024-T3,43.7,False
100238,DS100,2024-T3,58.4,True
100239,BI101,2026-T3,46.3,False
100239,BI102,2026-T3,54.0,True
100239,CH110,2026-T3,22.9,False
100239,DS100,2026-T3,68.6,True
100240,PS101,2026-T3,67.5,True
100240,PS102,2026-T3,87.7,True
100240,ST110,2026-T3,59.5,True
100240,DS100,2026-T3,69.6,True
100241,CS101,2025-T3,71.8,True
100241,CS102,2025-T3,51.8,True
100241,DS100,2025-T3,67.9,True
100242,CS101,2025-T3,81.8,True
100242,CS102,2025-T3,74.3,True
100242,MA110,2025-T3,63.8,True
100242,DS100,2025-T3,75.5,True
100243,EC101,2025-T3,58.8,True
100243,EC102,2025-T3,45.9,False
100243,MA110,2025-T3,35.2,False
100243,DS100,2025-T3,71.9,True
100244,CS101,2025-T3,59.4,True
100244,CS102,2025-T3,53.4,True
100244,MA110,2025-T3,56.3,True
100244,DS100,2025-T3,68.6,True
100245,BI101,2025-T3,58.0,True
100245,BI102,2025-T3,67.7,True
100245,CH110,2025-T3,44.8,False
100245,DS100,2025-T3,54.6,True
100246,BI101,2024-T3,74.7,True
100246,BI102,2024-T3,69.8,True
100246,CH110,2024-T3,59.3,True
100246,DS100,2024-T3,84.3,True
100247,EC101,2026-T3,48.3,False
100247,EC102,2026-T3,60.3,True
100247,MA110,2026-T3,44.7,False
100247,DS100,2026-T3,41.2,False
100248,EC101,2026-T3,51.0,True
100248,EC102,2026-T3,64.4,True
100248,MA110,2026-T3,47.3,False
100248,DS100,2026-T3,41.5,False
100249,CS101,2025-T3,47.2,False
100249,CS102,2025-T3,48.4,False
100249,DS100,2025-T3,58.8,True
100250,PS101,2026-T3,69.2,True
100250,PS102,2026-T3,75.3,True
100250,ST110,2026-T3,47.8,False
100250,DS100,2026-T3,68.2,True
100251,EC101,2024-T3,60.7,True
100251,EC102,2024-T3,57.3,True
100251,MA110,2024-T3,38.1,False
100251,DS100,2024-T3,72.7,True
100252,CS101,2026-T3,73.6,True
100252,CS102,2026-T3,64.8,True
100252,MA110,2026-T3,44.4,False
100252,DS100,2026-T3,56.2,True
100253,CS101,2025-T3,72.3,True
100253,CS102,2025-T3,70.2,True
100253,MA110,2025-T3,44.5,False
100253,DS100,2025-T3,46.7,False
100254,EC101,2024-T3,52.0,True
100254,EC102,2024-T3,51.1,True
100254,DS100,2024-T3,51.6,True
100255,PS101,2026-T3,63.1,True
100255,PS102,2026-T3,68.5,True
100255,ST110,2026-T3,49.0,False
100255,DS100,2026-T3,77.0,True
100256,EC101,2025-T3,75.4,True
100256,EC102,2025-T3,80.2,True
100256,MA110,2025-T3,52.1,True
100256,DS100,2025-T3,72.4,True
100257,CS101,2025-T3,46.9,False
100257,CS102,2025-T3,74.0,True
100257,DS100,2025-T3,56.5,True
100258,CS101,2025-T3,62.9,True
100258,CS102,2025-T3,67.4,True
100258,MA110,2025-T3,43.2,False
100258,DS100,2025-T3,56.1,True
100259,BI101,2024-T3,65.7,True
100259,BI102,2024-T3,66.5,True
100259,CH110,2024-T3,45.5,False
100259,DS100,2024-T3,57.5,True
100260,CS101,2025-T3,70.1,True
100260,CS102,2025-T3,77.5,True
100260,MA110,2025-T3,61.0,True
100260,DS100,2025-T3,73.4,True
100261,CS101,2025-T3,69.1,True
100261,CS102,2025-T3,54.0,True
100261,MA110,2025-T3,36.3,False
100261,DS100,2025-T3,56.1,True
100262,BI101,2025-T3,76.0,True
100262,BI102,2025-T3,62.7,True
100262,CH110,2025-T3,42.6,False
100262,DS100,2025-T3,58.1,True
100263,CS101,2025-T3,79.2,True
100263,CS102,2025-T3,65.2,True
100263,MA110,2025-T3,62.2,True
100263,DS100,2025-T3,68.2,True
100264,CS101,2024-T3,61.6,True
100264,CS102,2024-T3,74.0,True
100264,MA110,2024-T3,64.6,True
100264,DS100,2024-T3,73.0,True
100265,PS101,2025-T3,71.6,True
100265,PS102,2025-T3,60.3,True
100265,ST110,2025-T3,30.4,False
100265,DS100,2025-T3,57.9,True
100266,PS101,2024-T3,45.2,False
100266,PS102,2024-T3,53.3,True
100266,ST110,2024-T3,28.6,False
100266,DS100,2024-T3,47.4,False
100267,CS101,2025-T3,60.0,True
100267,CS102,2025-T3,56.0,True
100267,MA110,2025-T3,67.0,True
100267,DS100,2025-T3,69.7,True
100268,BI101,2024-T3,55.6,True
100268,BI102,2024-T3,62.3,True
100268,CH110,2024-T3,36.8,False
100268,DS100,2024-T3,52.7,True
100269,CS101,2025-T3,86.3,True
100269,CS102,2025-T3,58.3,True
100269,MA110,2025-T3,62.4,True
100269,DS100,2025-T3,84.6,True
100270,PS101,2026-T3,62.0,True
100270,PS102,2026-T3,75.9,True
100270,ST110,2026-T3,45.1,False
100270,DS100,2026-T3,60.2,True
100271,EC101,2025-T3,60.7,True
100271,EC102,2025-T3,59.9,True
100271,MA110,2025-T3,57.6,True
100271,DS100,2025-T3,87.4,True
100272,PS101,2024-T3,79.5,True
100272,PS102,2024-T3,57.2,True
100272,ST110,2024-T3,48.7,False
100272,DS100,2024-T3,55.5,True
100273,EC101,2024-T3,79.2,True
100273,EC102,2024-T3,55.5,True
100273,MA110,2024-T3,43.7,False
100273,DS100,2024-T3,68.1,True
100274,PS101,2024-T3,57.9,True
100274,PS102,2024-T3,59.1,True
100274,ST110,2024-T3,31.3,False
100274,DS100,2024-T3,48.6,False
100275,EC101,2024-T3,76.8,True
100275,EC102,2024-T3,83.5,True
100275,MA110,2024-T3,51.9,True
100275,DS100,2024-T3,74.5,True
100276,BI101,2025-T3,58.0,True
100276,BI102,2025-T3,47.7,False
100276,CH110,2025-T3,40.7,False
100276,DS100,2025-T3,57.9,True
100277,BI101,2025-T3,51.4,True
100277,BI102,2025-T3,77.9,True
100277,CH110,2025-T3,55.6,True
100277,DS100,2025-T3,70.8,True
100278,BI101,2025-T3,30.4,False
100278,BI102,2025-T3,65.4,True
100278,DS100,2025-T3,54.0,True
100279,PS101,2024-T3,49.2,False
100279,PS102,2024-T3,48.7,False
100279,ST110,2024-T3,28.7,False
100279,DS100,2024-T3,55.7,True
100280,EC101,2025-T3,80.6,True
100280,EC102,2025-T3,54.0,True
100280,MA110,2025-T3,46.0,False
100280,DS100,2025-T3,63.8,True
100281,PS101,2024-T3,67.2,True
100281,PS102,2024-T3,54.4,True
100281,DS100,2024-T3,58.1,True
100282,BI101,2026-T3,46.1,False
100282,BI102,2026-T3,50.4,True
100282,CH110,2026-T3,32.6,False
100282,DS100,2026-T3,56.8,True
100283,BI101,2026-T3,90.0,True
100283,BI102,2026-T3,47.1,False
100283,CH110,2026-T3,42.7,False
100283,DS100,2026-T3,52.3,True
100284,BI101,2024-T3,45.2,False
100284,BI102,2024-T3,61.0,True
100284,DS100,2024-T3,73.5,True
100285,BI101,2026-T3,64.4,True
100285,BI102,2026-T3,74.0,True
100285,CH110,2026-T3,51.8,True
100285,DS100,2026-T3,67.6,True
100286,EC101,2025-T3,83.5,True
100286,EC102,2025-T3,74.8,True
100286,MA110,2025-T3,67.2,True
100286,DS100,2025-T3,62.2,True
100287,EC101,2025-T3,70.2,True
100287,EC102,2025-T3,62.5,True
100287,MA110,2025-T3,63.3,True
100287,DS100,2025-T3,79.7,True
100288,PS101,2025-T3,56.1,True
100288,PS102,2025-T3,62.2,True
100288,DS100,2025-T3,62.1,True
100289,PS101,2025-T3,54.2,True
100289,PS102,2025-T3,49.5,False
100289,ST110,2025-T3,40.0,False
100289,DS100,2025-T3,55.3,True
100290,BI101,2026-T3,60.4,True
100290,BI102,2026-T3,57.8,True
100290,CH110,2026-T3,30.7,False
100290,DS100,2026-T3,57.1,True
100291,BI101,2026-T3,54.6,True
100291,BI102,2026-T3,48.3,False
100291,CH110,2026-T3,29.1,False
100291,DS100,2026-T3,64.4,True
100292,CS101,2025-T3,52.9,True
100292,CS102,2025-T3,54.5,True
100292,MA110,2025-T3,29.9,False
100292,DS100,2025-T3,57.7,True
100293,EC101,2024-T3,51.7,True
100293,EC102,2024-T3,60.5,True
100293,MA110,2024-T3,32.1,False
100293,DS100,2024-T3,34.6,False
100294,PS101,2026-T3,67.5,True
100294,PS102,2026-T3,73.4,True
100294,ST110,2026-T3,44.1,False
100294,DS100,2026-T3,100.0,True
100295,BI101,2026-T3,76.2,True
100295,BI102,2026-T3,70.7,True
100295,CH110,2026-T3,50.4,True
100295,DS100,2026-T3,71.0,True
100296,CS101,2026-T3,68.3,True
100296,CS102,2026-T3,53.8,True
100296,MA110,2026-T3,35.3,False
100296,DS100,2026-T3,72.5,True
100297,EC101,2024-T3,67.5,True
100297,EC102,2024-T3,59.2,True
100297,MA110,2024-T3,50.3,True
100297,DS100,2024-T3,69.7,True
100298,PS101,2025-T3,57.4,True
100298,PS102,2025-T3,63.1,True
100298,ST110,2025-T3,43.6,False
100298,DS100,2025-T3,66.0,True
100299,PS101,2025-T3,84.0,True
100299,PS102,2025-T3,59.1,True
100299,ST110,2025-T3,43.9,False
100299,DS100,2025-T3,68.1,True
100300,PS101,2026-T3,69.3,True
100300,PS102,2026-T3,53.6,True
100300,DS100,2026-T3,62.5,True
100301,EC101,2026-T3,63.1,True
100301,EC102,2026-T3,50.0,True
100301,MA110,2026-T3,49.1,False
100301,DS100,2026-T3,70.8,True
100302,CS101,2026-T3,63.3,True
100302,CS102,2026-T3,73.1,True
100302,MA110,2026-T3,44.2,False
100302,DS100,2026-T3,80.2,True
100303,CS101,2026-T3,58.9,True
100303,CS102,2026-T3,50.5,True
100303,MA110,2026-T3,44.7,False
100303,DS100,2026-T3,89.1,True
100304,PS101,2026-T3,46.7,False
100304,PS102,2026-T3,58.0,True
100304,ST110,2026-T3,38.4,False
100304,DS100,2026-T3,62.3,True
100305,BI101,2024-T3,61.0,True
100305,BI102,2024-T3,55.3,True
100305,CH110,2024-T3,37.4,False
100305,DS100,2024-T3,65.3,True
100306,EC101,2026-T3,75.4,True
100306,EC102,2026-T3,61.4,True
100306,MA110,2026-T3,47.8,False
100306,DS100,2026-T3,75.5,True
100307,PS101,2025-T3,59.9,True
100307,PS102,2025-T3,45.5,False
100307,ST110,2025-T3,21.0,False
100307,DS100,2025-T3,53.8,True
100308,EC101,2026-T3,72.1,True
100308,EC102,2026-T3,55.0,True
100308,MA110,2026-T3,36.6,False
100308,DS100,2026-T3,71.4,True
100309,PS101,2026-T3,81.3,True
100309,PS102,2026-T3,61.3,True
100309,ST110,2026-T3,27.9,False
100309,DS100,2026-T3,54.1,True
100310,PS101,2025-T3,64.7,True
100310,PS102,2025-T3,67.0,True
100310,ST110,2025-T3,44.3,False
100310,DS100,2025-T3,81.0,True
100311,CS101,2026-T3,93.8,True
100311,CS102,2026-T3,89.3,True
100311,MA110,2026-T3,57.6,True
100311,DS100,2026-T3,78.6,True
100312,BI101,2026-T3,66.1,True
100312,BI102,2026-T3,61.1,True
100312,CH110,2026-T3,38.4,False
100312,DS100,2026-T3,77.6,True
100313,CS101,2026-T3,69.6,True
100313,CS102,2026-T3,54.7,True
100313,MA110,2026-T3,60.1,True
100313,DS100,2026-T3,51.4,True
100314,CS101,2024-T3,66.7,True
100314,CS102,2024-T3,44.8,False
100314,MA110,2024-T3,67.1,True
100314,DS100,2024-T3,76.7,True
100315,PS101,2026-T3,59.5,True
100315,PS102,2026-T3,72.5,True
100315,ST110,2026-T3,31.9,False
100315,DS100,2026-T3,58.8,True
100316,CS101,2024-T3,69.6,True
100316,CS102,2024-T3,34.7,False
100316,MA110,2024-T3,33.8,False
100316,DS100,2024-T3,45.3,False
100317,BI101,2024-T3,63.1,True
100317,BI102,2024-T3,70.3,True
100317,CH110,2024-T3,55.1,True
100317,DS100,2024-T3,55.9,True
100318,CS101,2026-T3,79.2,True
100318,CS102,2026-T3,61.0,True
100318,MA110,2026-T3,41.1,False
100318,DS100,2026-T3,60.1,True
100319,EC101,2026-T3,77.2,True
100319,EC102,2026-T3,66.5,True
100319,MA110,2026-T3,51.3,True
100319,DS100,2026-T3,57.2,True
100320,CS101,2026-T3,72.5,True
100320,CS102,2026-T3,61.5,True
100320,MA110,2026-T3,35.8,False
100320,DS100,2026-T3,82.2,True
100321,EC101,2025-T3,61.4,True
100321,EC102,2025-T3,79.6,True
100321,MA110,2025-T3,42.3,False
100321,DS100,2025-T3,55.8,True
100322,CS101,2026-T3,57.4,True
100322,CS102,2026-T3,47.8,False
100322,MA110,2026-T3,22.9,False
100322,DS100,2026-T3,54.0,True
100323,EC101,2026-T3,51.0,True
100323,EC102,2026-T3,53.9,True
100323,MA110,2026-T3,34.8,False
100323,DS100,2026-T3,41.5,False
100324,EC101,2025-T3,73.5,True
100324,EC102,2025-T3,81.7,True
100324,MA110,2025-T3,46.9,False
100324,DS100,2025-T3,77.1,True
100325,CS101,2026-T3,63.7,True
100325,CS102,2026-T3,52.4,True
100325,MA110,2026-T3,52.5,True
100325,DS100,2026-T3,66.4,True
100326,CS101,2026-T3,48.7,False
100326,CS102,2026-T3,56.0,True
100326,DS100,2026-T3,61.8,True
100327,EC101,2025-T3,63.7,True
100327,EC102,2025-T3,66.3,True
100327,MA110,2025-T3,36.6,False
100327,DS100,2025-T3,72.0,True
100328,CS101,2025-T3,61.4,True
100328,CS102,2025-T3,72.0,True
100328,MA110,2025-T3,52.3,True
100328,DS100,2025-T3,75.6,True
100329,BI101,2025-T3,69.9,True
100329,BI102,2025-T3,68.6,True
100329,CH110,2025-T3,32.4,False
100329,DS100,2025-T3,72.0,True
100330,BI101,2025-T3,69.7,True
100330,BI102,2025-T3,68.4,True
100330,CH110,2025-T3,51.0,True
100330,DS100,2025-T3,80.7,True
100331,CS101,2024-T3,59.7,True
100331,CS102,2024-T3,53.7,True
100331,MA110,2024-T3,36.2,False
100331,DS100,2024-T3,76.6,True
100332,CS101,2025-T3,42.6,False
100332,CS102,2025-T3,43.6,False
100332,MA110,2025-T3,35.3,False
100332,DS100,2025-T3,61.5,True
100333,BI101,2025-T3,74.7,True
100333,BI102,2025-T3,68.9,True
100333,CH110,2025-T3,46.9,False
100333,DS100,2025-T3,69.4,True
100334,CS101,2026-T3,67.9,True
100334,CS102,2026-T3,65.8,True
100334,MA110,2026-T3,56.7,True
100334,DS100,2026-T3,50.2,True
100335,PS101,2024-T3,75.1,True
100335,PS102,2024-T3,74.7,True
100335,ST110,2024-T3,50.5,True
100335,DS100,2024-T3,56.4,True
100336,CS101,2025-T3,65.8,True
100336,CS102,2025-T3,63.7,True
100336,DS100,2025-T3,57.2,True
100337,EC101,2026-T3,56.9,True
100337,EC102,2026-T3,86.0,True
100337,MA110,2026-T3,41.8,False
100337,DS100,2026-T3,68.5,True
100338,EC101,2026-T3,78.5,True
100338,EC102,2026-T3,66.1,True
100338,MA110,2026-T3,55.4,True
100338,DS100,2026-T3,66.5,True
100339,PS101,2024-T3,64.0,True
100339,PS102,2024-T3,60.9,True
100339,ST110,2024-T3,48.1,False
100339,DS100,2024-T3,66.7,True
100340,EC101,2026-T3,57.0,True
100340,EC102,2026-T3,51.6,True
100340,MA110,2026-T3,40.5,False
100340,DS100,2026-T3,58.1,True
100341,BI101,2024-T3,84.2,True
100341,BI102,2024-T3,59.8,True
100341,CH110,2024-T3,59.8,True
100341,DS100,2024-T3,77.2,True
100342,PS101,2024-T3,56.3,True
100342,PS102,2024-T3,53.0,True
100342,ST110,2024-T3,51.5,True
100342,DS100,2024-T3,67.5,True
100343,CS101,2026-T3,68.5,True
100343,CS102,2026-T3,59.6,True
100343,DS100,2026-T3,58.9,True
100344,BI101,2025-T3,76.0,True
100344,BI102,2025-T3,57.3,True
100344,CH110,2025-T3,58.9,True
100344,DS100,2025-T3,77.4,True
100345,CS101,2024-T3,81.4,True
100345,CS102,2024-T3,55.4,True
100345,MA110,2024-T3,46.7,False
100345,DS100,2024-T3,69.6,True
100346,BI101,2024-T3,48.9,False
100346,BI102,2024-T3,79.0,True
100346,CH110,2024-T3,37.7,False
100346,DS100,2024-T3,74.0,True
100347,PS101,2024-T3,73.6,True
100347,PS102,2024-T3,58.7,True
100347,ST110,2024-T3,48.7,False
100347,DS100,2024-T3,59.6,True
100348,CS101,2025-T3,80.0,True
100348,CS102,2025-T3,56.2,True
100348,MA110,2025-T3,53.7,True
100348,DS100,2025-T3,62.1,True
100349,PS101,2025-T3,72.8,True
100349,PS102,2025-T3,62.7,True
100349,ST110,2025-T3,47.6,False
100349,DS100,2025-T3,81.1,True
100350,CS101,2026-T3,70.9,True
100350,CS102,2026-T3,57.9,True
100350,MA110,2026-T3,50.8,True
100350,DS100,2026-T3,78.7,True
100351,CS101,2026-T3,69.3,True
100351,CS102,2026-T3,68.7,True
100351,MA110,2026-T3,53.1,True
100351,DS100,2026-T3,64.0,True
100352,EC101,2025-T3,53.8,True
100352,EC102,2025-T3,61.2,True
100352,MA110,2025-T3,56.8,True
100352,DS100,2025-T3,70.9,True
100353,EC101,2025-T3,56.1,True
100353,EC102,2025-T3,58.1,True
100353,MA110,2025-T3,29.3,False
100353,DS100,2025-T3,48.8,False
100354,PS101,2026-T3,68.9,True
100354,PS102,2026-T3,69.4,True
100354,ST110,2026-T3,46.8,False
100354,DS100,2026-T3,69.1,True
100355,BI101,2025-T3,31.3,False
100355,BI102,2025-T3,64.9,True
100355,CH110,2025-T3,59.0,True
100355,DS100,2025-T3,78.2,True
100356,EC101,2026-T3,68.7,True
100356,EC102,2026-T3,37.9,False
100356,MA110,2026-T3,43.4,False
100356,DS100,2026-T3,67.3,True
100357,CS101,2026-T3,69.0,True
100357,CS102,2026-T3,43.8,False
100357,MA110,2026-T3,32.7,False
100357,DS100,2026-T3,47.9,False
100358,BI101,2026-T3,67.4,True
100358,BI102,2026-T3,61.0,True
100358,CH110,2026-T3,51.0,True
100358,DS100,2026-T3,60.9,True
100359,BI101,2024-T3,45.5,False
100359,BI102,2024-T3,59.5,True
100359,CH110,2024-T3,25.7,False
100359,DS100,2024-T3,51.0,True
100360,BI101,2026-T3,58.5,True
100360,BI102,2026-T3,57.6,True
100360,CH110,2026-T3,49.7,False
100360,DS100,2026-T3,51.6,True
100361,CS101,2026-T3,41.2,False
100361,CS102,2026-T3,41.3,False
100361,MA110,2026-T3,24.1,False
100361,DS100,2026-T3,37.6,False
100362,BI101,2024-T3,72.7,True
100362,BI102,2024-T3,62.8,True
100362,CH110,2024-T3,37.6,False
100362,DS100,2024-T3,62.1,True
100363,PS101,2026-T3,53.3,True
100363,PS102,2026-T3,73.9,True
100363,ST110,2026-T3,48.7,False
100363,DS100,2026-T3,83.5,True
100364,PS101,2025-T3,44.7,False
100364,PS102,2025-T3,62.8,True
100364,ST110,2025-T3,44.7,False
100364,DS100,2025-T3,68.7,True
100365,CS101,2026-T3,71.4,True
100365,CS102,2026-T3,65.7,True
100365,MA110,2026-T3,57.7,True
100365,DS100,2026-T3,68.6,True
100366,CS101,2026-T3,66.4,True
100366,CS102,2026-T3,73.7,True
100366,MA110,2026-T3,47.9,False
100366,DS100,2026-T3,68.5,True
100367,CS101,2025-T3,67.3,True
100367,CS102,2025-T3,80.7,True
100367,MA110,2025-T3,64.4,True
100367,DS100,2025-T3,88.8,True
100368,PS101,2026-T3,56.7,True
100368,PS102,2026-T3,54.1,True
100368,ST110,2026-T3,33.9,False
100368,DS100,2026-T3,73.7,True
100369,BI101,2024-T3,60.4,True
100369,BI102,2024-T3,49.3,False
100369,CH110,2024-T3,49.3,False
100369,DS100,2024-T3,64.3,True
100370,PS101,2025-T3,47.2,False
100370,PS102,2025-T3,63.8,True
100370,ST110,2025-T3,49.1,False
100370,DS100,2025-T3,69.2,True
100371,BI101,2025-T3,65.0,True
100371,BI102,2025-T3,61.8,True
100371,CH110,2025-T3,45.6,False
100371,DS100,2025-T3,73.7,True
100372,CS101,2024-T3,65.4,True
100372,CS102,2024-T3,85.5,True
100372,MA110,2024-T3,54.6,True
100372,DS100,2024-T3,68.7,True
100373,BI101,2026-T3,69.9,True
100373,BI102,2026-T3,61.3,True
100373,CH110,2026-T3,51.5,True
100373,DS100,2026-T3,68.6,True
100374,BI101,2026-T3,68.9,True
100374,BI102,2026-T3,67.0,True
100374,CH110,2026-T3,41.3,False
100374,DS100,2026-T3,87.6,True
100375,PS101,2025-T3,67.4,True
100375,PS102,2025-T3,71.5,True
100375,ST110,2025-T3,41.8,False
100375,DS100,2025-T3,57.1,True
100376,BI101,2025-T3,53.4,True
100376,BI102,2025-T3,61.1,True
100376,CH110,2025-T3,59.3,True
100376,DS100,2025-T3,68.7,True
100377,EC101,2026-T3,56.2,True
100377,EC102,2026-T3,51.7,True
100377,MA110,2026-T3,34.0,False
100377,DS100,2026-T3,51.9,True
100378,EC101,2024-T3,79.8,True
100378,EC102,2024-T3,75.7,True
100378,MA110,2024-T3,60.1,True
100378,DS100,2024-T3,63.7,True
100379,PS101,2024-T3,67.8,True
100379,PS102,2024-T3,60.6,True
100379,ST110,2024-T3,35.5,False
100379,DS100,2024-T3,60.6,True
100380,EC101,2026-T3,76.5,True
100380,EC102,2026-T3,62.8,True
100380,MA110,2026-T3,26.7,False
100380,DS100,2026-T3,67.2,True
100381,CS101,2024-T3,72.3,True
100381,CS102,2024-T3,58.9,True
100381,MA110,2024-T3,58.5,True
100381,DS100,2024-T3,61.7,True
100382,BI101,2025-T3,58.6,True
100382,BI102,2025-T3,59.8,True
100382,CH110,2025-T3,42.9,False
100382,DS100,2025-T3,69.4,True
100383,BI101,2025-T3,73.3,True
100383,BI102,2025-T3,70.3,True
100383,CH110,2025-T3,34.3,False
100383,DS100,2025-T3,62.3,True
100384,CS101,2024-T3,49.0,False
100384,CS102,2024-T3,52.0,True
100384,DS100,2024-T3,65.3,True
100385,BI101,2026-T3,63.0,True
100385,BI102,2026-T3,47.4,False
100385,CH110,2026-T3,49.8,False
100385,DS100,2026-T3,51.5,True
100386,EC101,2026-T3,48.7,False
100386,EC102,2026-T3,63.4,True
100386,DS100,2026-T3,65.8,True
100387,CS101,2026-T3,41.0,False
100387,CS102,2026-T3,42.5,False
100387,MA110,2026-T3,32.9,False
100387,DS100,2026-T3,54.2,True
100388,EC101,2024-T3,53.7,True
100388,EC102,2024-T3,71.2,True
100388,MA110,2024-T3,50.1,True
100388,DS100,2024-T3,57.5,True
100389,PS101,2026-T3,66.0,True
100389,PS102,2026-T3,50.8,True
100389,ST110,2026-T3,44.2,False
100389,DS100,2026-T3,60.6,True
100390,EC101,2024-T3,78.2,True
100390,EC102,2024-T3,54.3,True
100390,MA110,2024-T3,43.0,False
100390,DS100,2024-T3,67.7,True
100391,BI101,2026-T3,71.9,True
100391,BI102,2026-T3,72.5,True
100391,CH110,2026-T3,65.1,True
100391,DS100,2026-T3,75.8,True
100392,PS101,2024-T3,68.0,True
100392,PS102,2024-T3,54.8,True
100392,ST110,2024-T3,49.9,False
100392,DS100,2024-T3,72.3,True
100393,EC101,2026-T3,82.4,True
100393,EC102,2026-T3,55.9,True
100393,MA110,2026-T3,38.6,False
100393,DS100,2026-T3,80.8,True
100394,CS101,2026-T3,72.1,True
100394,CS102,2026-T3,79.8,True
100394,MA110,2026-T3,46.2,False
100394,DS100,2026-T3,55.2,True
100395,CS101,2026-T3,77.8,True
100395,CS102,2026-T3,42.8,False
100395,DS100,2026-T3,65.8,True
100396,BI101,2026-T3,80.7,True
100396,BI102,2026-T3,73.8,True
100396,CH110,2026-T3,52.8,True
100396,DS100,2026-T3,67.0,True
100397,BI101,2024-T3,57.9,True
100397,BI102,2024-T3,60.1,True
100397,CH110,2024-T3,29.6,False
100397,DS100,2024-T3,48.6,False
100398,EC101,2025-T3,70.8,True
100398,EC102,2025-T3,73.7,True
100398,MA110,2025-T3,59.3,True
100398,DS100,2025-T3,58.0,True
100399,CS101,2026-T3,69.0,True
100399,CS102,2026-T3,54.9,True
100399,MA110,2026-T3,42.5,False
100399,DS100,2026-T3,68.0,True
100400,BI101,2025-T3,67.9,True
100400,BI102,2025-T3,72.6,True
100400,CH110,2025-T3,43.3,False
100400,DS100,2025-T3,67.8,True
100401,CS101,2024-T3,57.5,True
100401,CS102,2024-T3,44.0,False
100401,DS100,2024-T3,65.0,True
100402,CS101,2024-T3,52.5,True
100402,CS102,2024-T3,42.8,False
100402,MA110,2024-T3,36.8,False
100402,DS100,2024-T3,53.6,True
100403,BI101,2026-T3,56.1,True
100403,BI102,2026-T3,66.1,True
100403,CH110,2026-T3,41.5,False
100403,DS100,2026-T3,59.2,True
100404,EC101,2026-T3,67.6,True
100404,EC102,2026-T3,73.1,True
100404,DS100,2026-T3,66.7,True
100405,PS101,2024-T3,73.1,True
100405,PS102,2024-T3,59.9,True
100405,ST110,2024-T3,42.7,False
100405,DS100,2024-T3,80.5,True
100406,BI101,2025-T3,59.0,True
100406,BI102,2025-T3,53.2,True
100406,CH110,2025-T3,43.4,False
100406,DS100,2025-T3,51.8,True
100407,CS101,2026-T3,51.0,True
100407,CS102,2026-T3,49.1,False
100407,MA110,2026-T3,33.8,False
100407,DS100,2026-T3,33.1,False
100408,CS101,2026-T3,75.5,True
100408,CS102,2026-T3,76.1,True
100408,MA110,2026-T3,36.7,False
100408,DS100,2026-T3,65.6,True
100409,PS101,2026-T3,49.9,False
100409,PS102,2026-T3,56.0,True
100409,ST110,2026-T3,37.7,False
100409,DS100,2026-T3,52.2,True
100410,CS101,2025-T3,65.9,True
100410,CS102,2025-T3,65.9,True
100410,MA110,2025-T3,44.6,False
100410,DS100,2025-T3,74.3,True
100411,EC101,2025-T3,59.0,True
100411,EC102,2025-T3,61.4,True
100411,MA110,2025-T3,59.9,True
100411,DS100,2025-T3,60.7,True
100412,BI101,2024-T3,58.4,True
100412,BI102,2024-T3,49.1,False
100412,DS100,2024-T3,55.9,True
100413,BI101,2025-T3,27.6,False
100413,BI102,2025-T3,38.2,False
100413,DS100,2025-T3,42.8,False
100414,BI101,2024-T3,80.1,True
100414,BI102,2024-T3,59.8,True
100414,CH110,2024-T3,58.4,True
100414,DS100,2024-T3,64.3,True
100415,EC101,2025-T3,56.4,True
100415,EC102,2025-T3,61.2,True
100415,MA110,2025-T3,41.0,False
100415,DS100,2025-T3,42.5,False
100416,EC101,2025-T3,63.4,True
100416,EC102,2025-T3,62.4,True
100416,MA110,2025-T3,48.2,False
100416,DS100,2025-T3,60.8,True
100417,BI101,2025-T3,53.2,True
100417,BI102,2025-T3,55.9,True
100417,DS100,2025-T3,63.0,True
100418,PS101,2026-T3,68.9,True
100418,PS102,2026-T3,45.5,False
100418,ST110,2026-T3,52.3,True
100418,DS100,2026-T3,56.7,True
100419,BI101,2026-T3,41.6,False
100419,BI102,2026-T3,60.5,True
100419,DS100,2026-T3,52.4,True
100420,EC101,2025-T3,60.6,True
100420,EC102,2025-T3,53.1,True
100420,MA110,2025-T3,26.7,False
100420,DS100,2025-T3,85.7,True
100421,BI101,2024-T3,70.6,True
100421,BI102,2024-T3,69.8,True
100421,CH110,2024-T3,37.1,False
100421,DS100,2024-T3,65.9,True
100422,CS101,2024-T3,77.2,True
100422,CS102,2024-T3,63.3,True
100422,MA110,2024-T3,54.7,True
100422,DS100,2024-T3,65.3,True
100423,EC101,2026-T3,44.3,False
100423,EC102,2026-T3,45.9,False
100423,MA110,2026-T3,20.8,False
100423,DS100,2026-T3,45.5,False
100424,EC101,2024-T3,62.5,True
100424,EC102,2024-T3,76.0,True
100424,MA110,2024-T3,55.0,True
100424,DS100,2024-T3,71.4,True
100425,PS101,2026-T3,76.8,True
100425,PS102,2026-T3,83.5,True
100425,ST110,2026-T3,76.1,True
100425,DS100,2026-T3,78.2,True
100426,CS101,2026-T3,62.1,True
100426,CS102,2026-T3,57.5,True
100426,MA110,2026-T3,38.8,False
100426,DS100,2026-T3,49.5,False
100427,BI101,2024-T3,67.8,True
100427,BI102,2024-T3,62.5,True
100427,DS100,2024-T3,53.4,True
100428,CS101,2024-T3,46.5,False
100428,CS102,2024-T3,50.1,True
100428,DS100,2024-T3,49.1,False
100429,CS101,2025-T3,62.9,True
100429,CS102,2025-T3,66.7,True
100429,MA110,2025-T3,39.3,False
100429,DS100,2025-T3,69.4,True
100430,PS101,2026-T3,61.7,True
100430,PS102,2026-T3,63.1,True
100430,DS100,2026-T3,62.6,True
100431,EC101,2026-T3,56.3,True
100431,EC102,2026-T3,49.3,False
100431,MA110,2026-T3,45.2,False
100431,DS100,2026-T3,66.4,True
100432,CS101,2024-T3,42.1,False
100432,CS102,2024-T3,44.2,False
100432,MA110,2024-T3,38.6,False
100432,DS100,2024-T3,57.0,True
100433,CS101,2025-T3,86.5,True
100433,CS102,2025-T3,61.8,True
100433,MA110,2025-T3,34.0,False
100433,DS100,2025-T3,60.3,True
100434,PS101,2024-T3,81.2,True
100434,PS102,2024-T3,62.9,True
100434,ST110,2024-T3,47.7,False
100434,DS100,2024-T3,60.4,True
100435,BI101,2024-T3,62.9,True
100435,BI102,2024-T3,60.9,True
100435,CH110,2024-T3,42.5,False
100435,DS100,2024-T3,57.3,True
100436,BI101,2024-T3,57.0,True
100436,BI102,2024-T3,60.9,True
100436,CH110,2024-T3,45.7,False
100436,DS100,2024-T3,61.2,True
100437,PS101,2025-T3,56.7,True
100437,PS102,2025-T3,60.8,True
100437,DS100,2025-T3,70.0,True
100438,BI101,2025-T3,76.7,True
100438,BI102,2025-T3,58.4,True
100438,CH110,2025-T3,52.0,True
100438,DS100,2025-T3,79.2,True
100439,BI101,2026-T3,64.5,True
100439,BI102,2026-T3,46.9,False
100439,CH110,2026-T3,43.7,False
100439,DS100,2026-T3,67.6,True
100440,EC101,2026-T3,60.6,True
100440,EC102,2026-T3,51.8,True
100440,DS100,2026-T3,65.6,True
100441,CS101,2025-T3,60.1,True
100441,CS102,2025-T3,46.1,False
100441,MA110,2025-T3,32.8,False
100441,DS100,2025-T3,74.5,True
100442,EC101,2026-T3,54.6,True
100442,EC102,2026-T3,55.7,True
100442,MA110,2026-T3,50.5,True
100442,DS100,2026-T3,56.9,True
100443,PS101,2024-T3,63.8,True
100443,PS102,2024-T3,67.6,True
100443,ST110,2024-T3,57.1,True
100443,DS100,2024-T3,72.2,True
100444,CS101,2026-T3,72.0,True
100444,CS102,2026-T3,52.9,True
100444,MA110,2026-T3,51.4,True
100444,DS100,2026-T3,62.1,True
100445,CS101,2024-T3,70.8,True
100445,CS102,2024-T3,55.6,True
100445,MA110,2024-T3,64.1,True
100445,DS100,2024-T3,70.0,True
100446,PS101,2026-T3,66.4,True
100446,PS102,2026-T3,81.4,True
100446,ST110,2026-T3,55.2,True
100446,DS100,2026-T3,64.7,True
100447,EC101,2025-T3,55.1,True
100447,EC102,2025-T3,58.3,True
100447,MA110,2025-T3,43.6,False
100447,DS100,2025-T3,54.5,True
100448,EC101,2024-T3,54.1,True
100448,EC102,2024-T3,55.7,True
100448,MA110,2024-T3,42.5,False
100448,DS100,2024-T3,64.2,True
100449,EC101,2024-T3,69.0,True
100449,EC102,2024-T3,75.5,True
100449,MA110,2024-T3,51.9,True
100449,DS100,2024-T3,64.9,True
100450,BI101,2025-T3,71.4,True
100450,BI102,2025-T3,56.0,True
100450,CH110,2025-T3,46.3,False
100450,DS100,2025-T3,72.5,True
100451,PS101,2025-T3,61.5,True
100451,PS102,2025-T3,44.7,False
100451,ST110,2025-T3,41.5,False
100451,DS100,2025-T3,38.9,False
100452,EC101,2025-T3,57.6,True
100452,EC102,2025-T3,63.9,True
100452,DS100,2025-T3,81.5,True
100453,BI101,2026-T3,50.7,True
100453,BI102,2026-T3,50.9,True
100453,DS100,2026-T3,72.0,True
100454,CS101,2024-T3,64.9,True
100454,CS102,2024-T3,48.9,False
100454,MA110,2024-T3,49.5,False
100454,DS100,2024-T3,69.6,True
100455,PS101,2025-T3,63.2,True
100455,PS102,2025-T3,52.6,True
100455,ST110,2025-T3,43.3,False
100455,DS100,2025-T3,49.5,False
100456,EC101,2026-T3,70.8,True
100456,EC102,2026-T3,75.5,True
100456,MA110,2026-T3,46.7,False
100456,DS100,2026-T3,93.0,True
100457,PS101,2026-T3,86.9,True
100457,PS102,2026-T3,76.0,True
100457,ST110,2026-T3,43.2,False
100457,DS100,2026-T3,84.9,True
100458,CS101,2025-T3,68.0,True
100458,CS102,2025-T3,86.9,True
100458,MA110,2025-T3,51.6,True
100458,DS100,2025-T3,72.6,True
100459,BI101,2026-T3,71.8,True
100459,BI102,2026-T3,85.7,True
100459,DS100,2026-T3,77.2,True
100460,EC101,2024-T3,37.5,False
100460,EC102,2024-T3,42.0,False
100460,MA110,2024-T3,36.8,False
100460,DS100,2024-T3,60.8,True
100461,EC101,2025-T3,58.6,True
100461,EC102,2025-T3,54.7,True
100461,MA110,2025-T3,41.4,False
100461,DS100,2025-T3,56.2,True
100462,CS101,2026-T3,54.0,True
100462,CS102,2026-T3,54.5,True
100462,MA110,2026-T3,25.1,False
100462,DS100,2026-T3,51.0,True
100463,CS101,2025-T3,66.7,True
100463,CS102,2025-T3,58.2,True
100463,MA110,2025-T3,57.1,True
100463,DS100,2025-T3,67.4,True
100464,CS101,2026-T3,56.6,True
100464,CS102,2026-T3,49.5,False
100464,MA110,2026-T3,45.9,False
100464,DS100,2026-T3,69.9,True
100465,EC101,2024-T3,62.0,True
100465,EC102,2024-T3,53.3,True
100465,MA110,2024-T3,48.7,False
100465,DS100,2024-T3,66.1,True
100466,EC101,2024-T3,58.5,True
100466,EC102,2024-T3,72.1,True
100466,DS100,2024-T3,50.0,True
100467,CS101,2026-T3,68.7,True
100467,CS102,2026-T3,53.4,True
100467,MA110,2026-T3,51.2,True
100467,DS100,2026-T3,65.8,True
100468,BI101,2025-T3,68.1,True
100468,BI102,2025-T3,53.2,True
100468,CH110,2025-T3,36.0,False
100468,DS100,2025-T3,80.9,True
100469,CS101,2026-T3,72.4,True
100469,CS102,2026-T3,69.3,True
100469,MA110,2026-T3,32.9,False
100469,DS100,2026-T3,69.7,True
100470,BI101,2025-T3,78.8,True
100470,BI102,2025-T3,85.0,True
100470,CH110,2025-T3,37.5,False
100470,DS100,2025-T3,60.8,True
100471,EC101,2026-T3,52.0,True
100471,EC102,2026-T3,57.9,True
100471,MA110,2026-T3,36.2,False
100471,DS100,2026-T3,53.2,True
100472,EC101,2024-T3,63.2,True
100472,EC102,2024-T3,72.7,True
100472,DS100,2024-T3,75.5,True
100473,CS101,2024-T3,66.1,True
100473,CS102,2024-T3,66.1,True
100473,MA110,2024-T3,41.4,False
100473,DS100,2024-T3,68.8,True
100474,PS101,2024-T3,78.7,True
100474,PS102,2024-T3,64.9,True
100474,ST110,2024-T3,43.4,False
100474,DS100,2024-T3,51.0,True
100475,BI101,2026-T3,55.5,True
100475,BI102,2026-T3,53.8,True
100475,CH110,2026-T3,42.4,False
100475,DS100,2026-T3,53.7,True
100476,BI101,2026-T3,40.8,False
100476,BI102,2026-T3,50.9,True
100476,CH110,2026-T3,18.5,False
100476,DS100,2026-T3,37.3,False
100477,PS101,2026-T3,52.3,True
100477,PS102,2026-T3,65.6,True
100477,ST110,2026-T3,56.9,True
100477,DS100,2026-T3,58.9,True
100478,BI101,2024-T3,74.9,True
100478,BI102,2024-T3,67.9,True
100478,CH110,2024-T3,38.6,False
100478,DS100,2024-T3,47.0,False
100479,CS101,2024-T3,73.4,True
100479,CS102,2024-T3,49.3,False
100479,MA110,2024-T3,40.7,False
100479,DS100,2024-T3,70.2,True
100480,BI101,2025-T3,72.9,True
100480,BI102,2025-T3,64.0,True
100480,CH110,2025-T3,33.7,False
100480,DS100,2025-T3,72.2,True
100481,EC101,2024-T3,45.5,False
100481,EC102,2024-T3,42.9,False
100481,MA110,2024-T3,19.2,False
100481,DS100,2024-T3,54.4,True
100482,CS101,2026-T3,55.4,True
100482,CS102,2026-T3,72.4,True
100482,MA110,2026-T3,61.4,True
100482,DS100,2026-T3,57.3,True
100483,PS101,2025-T3,65.3,True
100483,PS102,2025-T3,64.8,True
100483,ST110,2025-T3,39.5,False
100483,DS100,2025-T3,88.7,True
100484,CS101,2026-T3,46.7,False
100484,CS102,2026-T3,47.0,False
100484,MA110,2026-T3,54.5,True
100484,DS100,2026-T3,66.7,True
100485,BI101,2026-T3,58.7,True
100485,BI102,2026-T3,53.4,True
100485,CH110,2026-T3,28.6,False
100485,DS100,2026-T3,50.3,True
100486,BI101,2024-T3,45.3,False
100486,BI102,2024-T3,39.3,False
100486,CH110,2024-T3,35.5,False
100486,DS100,2024-T3,49.1,False
100487,EC101,2026-T3,57.7,True
100487,EC102,2026-T3,65.4,True
100487,MA110,2026-T3,44.4,False
100487,DS100,2026-T3,73.2,True
100488,CS101,2025-T3,58.0,True
100488,CS102,2025-T3,54.3,True
100488,MA110,2025-T3,31.7,False
100488,DS100,2025-T3,56.6,True
100489,EC101,2026-T3,62.8,True
100489,EC102,2026-T3,74.9,True
100489,DS100,2026-T3,60.6,True
100490,EC101,2026-T3,63.2,True
100490,EC102,2026-T3,54.2,True
100490,DS100,2026-T3,56.8,True
100491,CS101,2026-T3,86.7,True
100491,CS102,2026-T3,78.8,True
100491,MA110,2026-T3,58.6,True
100491,DS100,2026-T3,74.2,True
100492,BI101,2025-T3,47.5,False
100492,BI102,2025-T3,74.4,True
100492,CH110,2025-T3,19.8,False
100492,DS100,2025-T3,46.6,False
100493,CS101,2025-T3,71.2,True
100493,CS102,2025-T3,51.2,True
100493,MA110,2025-T3,50.8,True
100493,DS100,2025-T3,55.1,True
100494,CS101,2025-T3,62.0,True
100494,CS102,2025-T3,51.4,True
100494,MA110,2025-T3,29.4,False
100494,DS100,2025-T3,48.6,False
100495,PS101,2025-T3,88.7,True
100495,PS102,2025-T3,79.9,True
100495,ST110,2025-T3,35.6,False
100495,DS100,2025-T3,74.3,True
100496,BI101,2025-T3,80.7,True
100496,BI102,2025-T3,71.2,True
100496,CH110,2025-T3,53.2,True
100496,DS100,2025-T3,65.9,True
100497,EC101,2025-T3,50.1,True
100497,EC102,2025-T3,59.3,True
100497,MA110,2025-T3,40.1,False
100497,DS100,2025-T3,61.9,True
100498,CS101,2024-T3,56.4,True
100498,CS102,2024-T3,45.5,False
100498,DS100,2024-T3,63.0,True
100499,BI101,2026-T3,60.1,True
100499,BI102,2026-T3,56.9,True
100499,CH110,2026-T3,34.3,False
100499,DS100,2026-T3,52.1,True
100500,PS101,2026-T3,76.1,True
100500,PS102,2026-T3,62.3,True
100500,ST110,2026-T3,53.3,True
100500,DS100,2026-T3,80.9,True
100501,CS101,2025-T3,72.9,True
100501,CS102,2025-T3,79.3,True
100501,MA110,2025-T3,38.1,False
100501,DS100,2025-T3,60.6,True
100502,EC101,2024-T3,66.3,True
100502,EC102,2024-T3,54.5,True
100502,MA110,2024-T3,56.2,True
100502,DS100,2024-T3,78.1,True
100503,BI101,2025-T3,62.0,True
100503,BI102,2025-T3,57.0,True
100503,DS100,2025-T3,55.3,True
100504,BI101,2026-T3,51.8,True
100504,BI102,2026-T3,62.3,True
100504,CH110,2026-T3,20.0,False
100504,DS100,2026-T3,73.0,True
100505,PS101,2024-T3,63.5,True
100505,PS102,2024-T3,68.9,True
100505,ST110,2024-T3,29.4,False
100505,DS100,2024-T3,71.8,True
100506,CS101,2026-T3,66.5,True
100506,CS102,2026-T3,48.4,False
100506,MA110,2026-T3,35.9,False
100506,DS100,2026-T3,66.2,True
100507,PS101,2025-T3,81.3,True
100507,PS102,2025-T3,63.6,True
100507,ST110,2025-T3,33.5,False
100507,DS100,2025-T3,51.3,True
100508,EC101,2024-T3,42.6,False
100508,EC102,2024-T3,57.2,True
100508,MA110,2024-T3,48.1,False
100508,DS100,2024-T3,46.1,False
100509,CS101,2024-T3,65.5,True
100509,CS102,2024-T3,60.9,True
100509,MA110,2024-T3,63.5,True
100509,DS100,2024-T3,100.0,True
100510,CS101,2025-T3,62.8,True
100510,CS102,2025-T3,51.7,True
100510,DS100,2025-T3,57.3,True
100511,CS101,2024-T3,80.8,True
100511,CS102,2024-T3,54.2,True
100511,MA110,2024-T3,56.5,True
100511,DS100,2024-T3,63.6,True
100512,BI101,2024-T3,72.3,True
100512,BI102,2024-T3,75.4,True
100512,CH110,2024-T3,55.0,True
100512,DS100,2024-T3,64.0,True
100513,CS101,2026-T3,67.4,True
100513,CS102,2026-T3,57.3,True
100513,MA110,2026-T3,45.2,False
100513,DS100,2026-T3,70.9,True
100514,EC101,2026-T3,67.6,True
100514,EC102,2026-T3,68.8,True
100514,MA110,2026-T3,41.8,False
100514,DS100,2026-T3,61.6,True
100515,EC101,2026-T3,61.3,True
100515,EC102,2026-T3,53.8,True
100515,MA110,2026-T3,56.2,True
100515,DS100,2026-T3,69.0,True
100516,PS101,2026-T3,66.2,True
100516,PS102,2026-T3,67.9,True
100516,ST110,2026-T3,61.0,True
100516,DS100,2026-T3,74.8,True
100517,PS101,2026-T3,77.3,True
100517,PS102,2026-T3,59.5,True
100517,ST110,2026-T3,63.9,True
100517,DS100,2026-T3,78.7,True
100518,CS101,2024-T3,55.4,True
100518,CS102,2024-T3,46.2,False
100518,DS100,2024-T3,56.1,True
100519,CS101,2025-T3,69.8,True
100519,CS102,2025-T3,82.7,True
100519,MA110,2025-T3,65.3,True
100519,DS100,2025-T3,95.8,True
100520,PS101,2024-T3,61.2,True
100520,PS102,2024-T3,55.7,True
100520,ST110,2024-T3,48.6,False
100520,DS100,2024-T3,55.0,True
100521,BI101,2025-T3,58.9,True
100521,BI102,2025-T3,56.0,True
100521,CH110,2025-T3,20.6,False
100521,DS100,2025-T3,62.6,True
100522,PS101,2025-T3,37.4,False
100522,PS102,2025-T3,48.1,False
100522,ST110,2025-T3,33.6,False
100522,DS100,2025-T3,70.4,True
100523,BI101,2025-T3,77.5,True
100523,BI102,2025-T3,57.2,True
100523,CH110,2025-T3,22.8,False
100523,DS100,2025-T3,68.8,True
100524,CS101,2024-T3,86.6,True
100524,CS102,2024-T3,50.2,True
100524,MA110,2024-T3,60.4,True
100524,DS100,2024-T3,58.3,True
100525,BI101,2025-T3,68.9,True
100525,BI102,2025-T3,64.0,True
100525,CH110,2025-T3,46.2,False
100525,DS100,2025-T3,57.0,True
100526,BI101,2024-T3,75.8,True
100526,BI102,2024-T3,61.7,True
100526,DS100,2024-T3,49.9,False
100527,BI101,2026-T3,72.3,True
100527,BI102,2026-T3,64.5,True
100527,CH110,2026-T3,46.2,False
100527,DS100,2026-T3,86.0,True
100528,EC101,2025-T3,60.7,True
100528,EC102,2025-T3,50.5,True
100528,MA110,2025-T3,31.9,False
100528,DS100,2025-T3,70.8,True
100529,CS101,2026-T3,59.2,True
100529,CS102,2026-T3,52.7,True
100529,MA110,2026-T3,49.9,False
100529,DS100,2026-T3,56.6,True
100530,EC101,2026-T3,55.1,True
100530,EC102,2026-T3,45.2,False
100530,MA110,2026-T3,33.4,False
100530,DS100,2026-T3,64.6,True
100531,CS101,2024-T3,75.6,True
100531,CS102,2024-T3,51.2,True
100531,MA110,2024-T3,32.1,False
100531,DS100,2024-T3,49.7,False
100532,CS101,2026-T3,74.6,True
100532,CS102,2026-T3,44.0,False
100532,MA110,2026-T3,58.2,True
100532,DS100,2026-T3,57.8,True
100533,EC101,2024-T3,63.3,True
100533,EC102,2024-T3,70.1,True
100533,MA110,2024-T3,36.4,False
100533,DS100,2024-T3,70.7,True
100534,BI101,2024-T3,65.5,True
100534,BI102,2024-T3,89.5,True
100534,CH110,2024-T3,39.1,False
100534,DS100,2024-T3,67.2,True
100535,BI101,2024-T3,77.0,True
100535,BI102,2024-T3,63.3,True
100535,CH110,2024-T3,49.7,False
100535,DS100,2024-T3,74.3,True
100536,CS101,2025-T3,83.2,True
100536,CS102,2025-T3,84.7,True
100536,MA110,2025-T3,72.6,True
100536,DS100,2025-T3,85.2,True
100537,EC101,2024-T3,74.9,True
100537,EC102,2024-T3,70.3,True
100537,MA110,2024-T3,59.9,True
100537,DS100,2024-T3,68.1,True
100538,CS101,2025-T3,73.9,True
100538,CS102,2025-T3,91.5,True
100538,MA110,2025-T3,61.4,True
100538,DS100,2025-T3,77.3,True
100539,PS101,2026-T3,77.2,True
100539,PS102,2026-T3,81.8,True
100539,ST110,2026-T3,41.1,False
100539,DS100,2026-T3,55.0,True
100540,CS101,2025-T3,58.5,True
100540,CS102,2025-T3,59.7,True
100540,MA110,2025-T3,46.5,False
100540,DS100,2025-T3,62.4,True
100541,PS101,2024-T3,70.8,True
100541,PS102,2024-T3,64.3,True
100541,ST110,2024-T3,43.5,False
100541,DS100,2024-T3,69.5,True
100542,BI101,2025-T3,69.7,True
100542,BI102,2025-T3,81.9,True
100542,DS100,2025-T3,64.3,True
100543,BI101,2025-T3,44.5,False
100543,BI102,2025-T3,60.2,True
100543,CH110,2025-T3,55.1,True
100543,DS100,2025-T3,69.3,True
100544,CS101,2024-T3,71.9,True
100544,CS102,2024-T3,55.9,True
100544,MA110,2024-T3,37.3,False
100544,DS100,2024-T3,59.9,True
100545,BI101,2024-T3,54.1,True
100545,BI102,2024-T3,41.2,False
100545,DS100,2024-T3,41.9,False
100546,EC101,2026-T3,60.6,True
100546,EC102,2026-T3,64.5,True
100546,MA110,2026-T3,45.2,False
100546,DS100,2026-T3,65.5,True
100547,EC101,2024-T3,55.7,True
100547,EC102,2024-T3,62.0,True
100547,DS100,2024-T3,40.2,False
100548,PS101,2025-T3,60.6,True
100548,PS102,2025-T3,52.5,True
100548,ST110,2025-T3,35.5,False
100548,DS100,2025-T3,59.1,True
100549,EC101,2025-T3,63.4,True
100549,EC102,2025-T3,65.5,True
100549,MA110,2025-T3,40.6,False
100549,DS100,2025-T3,65.5,True
100550,PS101,2026-T3,61.7,True
100550,PS102,2026-T3,69.4,True
100550,DS100,2026-T3,52.7,True
100551,EC101,2026-T3,73.8,True
100551,EC102,2026-T3,56.7,True
100551,MA110,2026-T3,33.2,False
100551,DS100,2026-T3,51.7,True
100552,CS101,2026-T3,61.7,True
100552,CS102,2026-T3,72.9,True
100552,MA110,2026-T3,50.1,True
100552,DS100,2026-T3,61.4,True
100553,PS101,2026-T3,83.9,True
100553,PS102,2026-T3,80.0,True
100553,DS100,2026-T3,70.9,True
100554,EC101,2026-T3,63.6,True
100554,EC102,2026-T3,58.6,True
100554,MA110,2026-T3,47.8,False
100554,DS100,2026-T3,46.1,False
100555,CS101,2026-T3,66.4,True
100555,CS102,2026-T3,63.9,True
100555,MA110,2026-T3,50.8,True
100555,DS100,2026-T3,65.8,True
100556,PS101,2025-T3,64.7,True
100556,PS102,2025-T3,58.8,True
100556,DS100,2025-T3,50.8,True
100557,BI101,2025-T3,52.7,True
100557,BI102,2025-T3,58.6,True
100557,CH110,2025-T3,31.0,False
100557,DS100,2025-T3,52.4,True
100558,CS101,2025-T3,45.3,False
100558,CS102,2025-T3,57.9,True
100558,DS100,2025-T3,60.7,True
100559,EC101,2025-T3,65.7,True
100559,EC102,2025-T3,67.5,True
100559,MA110,2025-T3,42.8,False
100559,DS100,2025-T3,66.9,True
100560,CS101,2025-T3,63.7,True
100560,CS102,2025-T3,52.0,True
100560,MA110,2025-T3,43.2,False
100560,DS100,2025-T3,54.8,True
100561,CS101,2026-T3,81.6,True
100561,CS102,2026-T3,49.1,False
100561,MA110,2026-T3,52.3,True
100561,DS100,2026-T3,86.2,True
100562,PS101,2026-T3,60.8,True
100562,PS102,2026-T3,78.0,True
100562,DS100,2026-T3,61.1,True
100563,CS101,2026-T3,75.7,True
100563,CS102,2026-T3,71.9,True
100563,MA110,2026-T3,55.7,True
100563,DS100,2026-T3,81.3,True
100564,EC101,2026-T3,62.9,True
100564,EC102,2026-T3,75.8,True
100564,MA110,2026-T3,33.6,False
100564,DS100,2026-T3,61.8,True
100565,EC101,2024-T3,60.0,True
100565,EC102,2024-T3,76.9,True
100565,DS100,2024-T3,66.8,True
100566,CS101,2024-T3,48.8,False
100566,CS102,2024-T3,71.9,True
100566,MA110,2024-T3,38.7,False
100566,DS100,2024-T3,62.7,True
100567,BI101,2026-T3,61.5,True
100567,BI102,2026-T3,50.4,True
100567,DS100,2026-T3,57.9,True
100568,CS101,2025-T3,66.6,True
100568,CS102,2025-T3,58.3,True
100568,MA110,2025-T3,57.2,True
100568,DS100,2025-T3,68.7,True
100569,EC101,2025-T3,66.7,True
100569,EC102,2025-T3,65.2,True
100569,DS100,2025-T3,66.0,True
100570,CS101,2026-T3,61.2,True
100570,CS102,2026-T3,51.5,True
100570,MA110,2026-T3,32.3,False
100570,DS100,2026-T3,65.0,True
100571,EC101,2024-T3,68.0,True
100571,EC102,2024-T3,76.4,True
100571,MA110,2024-T3,21.9,False
100571,DS100,2024-T3,62.8,True
100572,PS101,2025-T3,66.6,True
100572,PS102,2025-T3,63.1,True
100572,ST110,2025-T3,38.8,False
100572,DS100,2025-T3,40.7,False
100573,CS101,2024-T3,73.5,True
100573,CS102,2024-T3,66.7,True
100573,MA110,2024-T3,60.0,True
100573,DS100,2024-T3,77.1,True
100574,PS101,2025-T3,85.6,True
100574,PS102,2025-T3,77.8,True
100574,ST110,2025-T3,58.8,True
100574,DS100,2025-T3,56.9,True
100575,CS101,2024-T3,78.1,True
100575,CS102,2024-T3,68.4,True
100575,DS100,2024-T3,59.0,True
100576,CS101,2026-T3,58.6,True
100576,CS102,2026-T3,67.2,True
100576,MA110,2026-T3,47.0,False
100576,DS100,2026-T3,70.9,True
100577,BI101,2026-T3,68.4,True
100577,BI102,2026-T3,36.0,False
100577,CH110,2026-T3,48.3,False
100577,DS100,2026-T3,54.7,True
100578,PS101,2024-T3,74.7,True
100578,PS102,2024-T3,68.7,True
100578,ST110,2024-T3,35.0,False
100578,DS100,2024-T3,65.0,True
100579,CS101,2024-T3,86.5,True
100579,CS102,2024-T3,70.6,True
100579,MA110,2024-T3,37.1,False
100579,DS100,2024-T3,70.4,True
100580,BI101,2025-T3,65.2,True
100580,BI102,2025-T3,77.0,True
100580,CH110,2025-T3,43.9,False
100580,DS100,2025-T3,62.2,True
100581,CS101,2025-T3,83.5,True
100581,CS102,2025-T3,54.4,True
100581,MA110,2025-T3,45.0,False
100581,DS100,2025-T3,59.9,True
100582,PS101,2025-T3,64.2,True
100582,PS102,2025-T3,63.3,True
100582,ST110,2025-T3,36.6,False
100582,DS100,2025-T3,57.5,True
100583,EC101,2024-T3,58.0,True
100583,EC102,2024-T3,60.0,True
100583,MA110,2024-T3,35.8,False
100583,DS100,2024-T3,63.5,True
100584,PS101,2025-T3,49.2,False
100584,PS102,2025-T3,57.2,True
100584,ST110,2025-T3,31.1,False
100584,DS100,2025-T3,46.0,False
100585,PS101,2026-T3,76.5,True
100585,PS102,2026-T3,53.1,True
100585,ST110,2026-T3,27.6,False
100585,DS100,2026-T3,70.7,True
100586,BI101,2025-T3,48.2,False
100586,BI102,2025-T3,48.8,False
100586,DS100,2025-T3,53.9,True
100587,PS101,2025-T3,42.8,False
100587,PS102,2025-T3,54.0,True
100587,ST110,2025-T3,15.6,False
100587,DS100,2025-T3,49.2,False
100588,BI101,2025-T3,66.0,True
100588,BI102,2025-T3,41.7,False
100588,DS100,2025-T3,53.8,True
100589,PS101,2026-T3,73.2,True
100589,PS102,2026-T3,68.8,True
100589,ST110,2026-T3,56.8,True
100589,DS100,2026-T3,57.3,True
100590,EC101,2025-T3,42.7,False
100590,EC102,2025-T3,57.4,True
100590,MA110,2025-T3,34.0,False
100590,DS100,2025-T3,35.3,False
100591,EC101,2024-T3,44.0,False
100591,EC102,2024-T3,51.6,True
100591,MA110,2024-T3,42.8,False
100591,DS100,2024-T3,45.8,False
100592,BI101,2026-T3,77.8,True
100592,BI102,2026-T3,68.3,True
100592,CH110,2026-T3,51.8,True
100592,DS100,2026-T3,64.7,True
100593,CS101,2024-T3,49.3,False
100593,CS102,2024-T3,53.6,True
100593,MA110,2024-T3,41.8,False
100593,DS100,2024-T3,72.6,True
100594,BI101,2026-T3,59.2,True
100594,BI102,2026-T3,57.0,True
100594,CH110,2026-T3,45.2,False
100594,DS100,2026-T3,74.9,True
100595,CS101,2026-T3,46.2,False
100595,CS102,2026-T3,50.0,True
100595,MA110,2026-T3,31.9,False
100595,DS100,2026-T3,66.4,True
100596,CS101,2026-T3,68.1,True
100596,CS102,2026-T3,48.3,False
100596,MA110,2026-T3,45.6,False
100596,DS100,2026-T3,45.2,False
100597,EC101,2026-T3,65.6,True
100597,EC102,2026-T3,51.0,True
100597,MA110,2026-T3,42.9,False
100597,DS100,2026-T3,49.2,False
100598,EC101,2026-T3,65.4,True
100598,EC102,2026-T3,58.5,True
100598,MA110,2026-T3,47.8,False
100598,DS100,2026-T3,65.3,True
100599,EC101,2026-T3,63.2,True
100599,EC102,2026-T3,42.9,False
100599,MA110,2026-T3,42.7,False
100599,DS100,2026-T3,72.1,True
100600,CS101,2026-T3,53.4,True
100600,CS102,2026-T3,56.5,True
100600,MA110,2026-T3,38.9,False
100600,DS100,2026-T3,58.1,True
100601,PS101,2025-T3,79.8,True
100601,PS102,2025-T3,79.2,True
100601,ST110,2025-T3,51.3,True
100601,DS100,2025-T3,75.9,True
100602,PS101,2025-T3,71.5,True
100602,PS102,2025-T3,72.5,True
100602,ST110,2025-T3,40.3,False
100602,DS100,2025-T3,62.3,True
100603,CS101,2026-T3,69.5,True
100603,CS102,2026-T3,52.0,True
100603,MA110,2026-T3,49.7,False
100603,DS100,2026-T3,82.1,True
100604,BI101,2024-T3,75.1,True
100604,BI102,2024-T3,66.2,True
100604,CH110,2024-T3,47.2,False
100604,DS100,2024-T3,58.7,True
100605,CS101,2024-T3,67.5,True
100605,CS102,2024-T3,51.2,True
100605,DS100,2024-T3,39.5,False
100606,EC101,2026-T3,48.7,False
100606,EC102,2026-T3,62.0,True
100606,MA110,2026-T3,48.6,False
100606,DS100,2026-T3,75.8,True
100607,BI101,2024-T3,63.8,True
100607,BI102,2024-T3,62.5,True
100607,CH110,2024-T3,49.1,False
100607,DS100,2024-T3,73.8,True
100608,PS101,2024-T3,47.1,False
100608,PS102,2024-T3,48.6,False
100608,ST110,2024-T3,52.9,True
100608,DS100,2024-T3,43.9,False
100609,BI101,2025-T3,86.0,True
100609,BI102,2025-T3,60.8,True
100609,CH110,2025-T3,43.9,False
100609,DS100,2025-T3,71.8,True
100610,PS101,2024-T3,45.7,False
100610,PS102,2024-T3,55.0,True
100610,ST110,2024-T3,12.8,False
100610,DS100,2024-T3,54.5,True
100611,CS101,2024-T3,57.3,True
100611,CS102,2024-T3,60.6,True
100611,MA110,2024-T3,35.0,False
100611,DS100,2024-T3,56.9,True
100612,EC101,2025-T3,71.3,True
100612,EC102,2025-T3,49.3,False
100612,DS100,2025-T3,52.5,True
100613,CS101,2025-T3,70.0,True
100613,CS102,2025-T3,79.3,True
100613,MA110,2025-T3,55.6,True
100613,DS100,2025-T3,66.6,True
100614,BI101,2025-T3,79.2,True
100614,BI102,2025-T3,61.3,True
100614,CH110,2025-T3,33.9,False
100614,DS100,2025-T3,79.6,True
100615,CS101,2025-T3,61.8,True
100615,CS102,2025-T3,57.6,True
100615,MA110,2025-T3,46.0,False
100615,DS100,2025-T3,34.9,False
100616,CS101,2024-T3,77.2,True
100616,CS102,2024-T3,65.6,True
100616,MA110,2024-T3,53.8,True
100616,DS100,2024-T3,70.8,True
100617,CS101,2026-T3,64.7,True
100617,CS102,2026-T3,64.6,True
100617,MA110,2026-T3,52.5,True
100617,DS100,2026-T3,76.1,True
100618,PS101,2024-T3,68.8,True
100618,PS102,2024-T3,55.7,True
100618,ST110,2024-T3,40.5,False
100618,DS100,2024-T3,52.9,True
100619,PS101,2025-T3,79.2,True
100619,PS102,2025-T3,68.3,True
100619,ST110,2025-T3,47.5,False
100619,DS100,2025-T3,65.0,True
100620,CS101,2024-T3,53.4,True
100620,CS102,2024-T3,70.9,True
100620,MA110,2024-T3,57.2,True
100620,DS100,2024-T3,57.0,True
100621,EC101,2026-T3,81.0,True
100621,EC102,2026-T3,62.0,True
100621,MA110,2026-T3,34.1,False
100621,DS100,2026-T3,71.4,True
100622,CS101,2024-T3,57.1,True
100622,CS102,2024-T3,56.3,True
100622,MA110,2024-T3,52.7,True
100622,DS100,2024-T3,62.6,True
100623,PS101,2025-T3,70.9,True
100623,PS102,2025-T3,62.1,True
100623,DS100,2025-T3,53.7,True
100624,BI101,2024-T3,66.2,True
100624,BI102,2024-T3,48.6,False
100624,CH110,2024-T3,40.4,False
100624,DS100,2024-T3,57.3,True
100625,EC101,2026-T3,100.0,True
100625,EC102,2026-T3,86.8,True
100625,MA110,2026-T3,58.5,True
100625,DS100,2026-T3,74.0,True
100626,BI101,2025-T3,67.5,True
100626,BI102,2025-T3,49.5,False
100626,CH110,2025-T3,35.5,False
100626,DS100,2025-T3,34.5,False
100627,BI101,2024-T3,53.1,True
100627,BI102,2024-T3,56.6,True
100627,CH110,2024-T3,36.9,False
100627,DS100,2024-T3,65.6,True
100628,PS101,2026-T3,58.7,True
100628,PS102,2026-T3,52.6,True
100628,ST110,2026-T3,35.5,False
100628,DS100,2026-T3,65.6,True
100629,BI101,2025-T3,73.0,True
100629,BI102,2025-T3,60.5,True
100629,CH110,2025-T3,57.4,True
100629,DS100,2025-T3,77.6,True
100630,BI101,2025-T3,64.3,True
100630,BI102,2025-T3,58.4,True
100630,DS100,2025-T3,61.8,True
100631,EC101,2026-T3,69.2,True
100631,EC102,2026-T3,71.9,True
100631,MA110,2026-T3,56.1,True
100631,DS100,2026-T3,63.2,True
100632,BI101,2026-T3,67.9,True
100632,BI102,2026-T3,63.3,True
100632,CH110,2026-T3,35.7,False
100632,DS100,2026-T3,45.6,False
100633,EC101,2026-T3,73.9,True
100633,EC102,2026-T3,58.4,True
100633,MA110,2026-T3,58.8,True
100633,DS100,2026-T3,68.4,True
100634,PS101,2026-T3,66.7,True
100634,PS102,2026-T3,58.9,True
100634,ST110,2026-T3,47.5,False
100634,DS100,2026-T3,69.6,True
100635,CS101,2024-T3,67.3,True
100635,CS102,2024-T3,57.5,True
100635,MA110,2024-T3,49.8,False
100635,DS100,2024-T3,77.6,True
100636,CS101,2024-T3,57.2,True
100636,CS102,2024-T3,44.6,False
100636,DS100,2024-T3,63.4,True
100637,CS101,2025-T3,51.8,True
100637,CS102,2025-T3,59.3,True
100637,MA110,2025-T3,52.8,True
100637,DS100,2025-T3,67.3,True
100638,EC101,2025-T3,54.2,True
100638,EC102,2025-T3,69.5,True
100638,MA110,2025-T3,45.4,False
100638,DS100,2025-T3,59.1,True
100639,BI101,2024-T3,76.6,True
100639,BI102,2024-T3,70.6,True
100639,CH110,2024-T3,43.3,False
100639,DS100,2024-T3,89.1,True
100640,BI101,2024-T3,54.7,True
100640,BI102,2024-T3,58.6,True
100640,CH110,2024-T3,43.6,False
100640,DS100,2024-T3,55.8,True
100641,EC101,2025-T3,83.3,True
100641,EC102,2025-T3,84.3,True
100641,MA110,2025-T3,59.1,True
100641,DS100,2025-T3,79.7,True
100642,EC101,2025-T3,59.6,True
100642,EC102,2025-T3,81.3,True
100642,MA110,2025-T3,60.9,True
100642,DS100,2025-T3,71.7,True
100643,CS101,2026-T3,51.7,True
100643,CS102,2026-T3,52.8,True
100643,MA110,2026-T3,44.0,False
100643,DS100,2026-T3,82.0,True
100644,EC101,2026-T3,38.9,False
100644,EC102,2026-T3,62.4,True
100644,MA110,2026-T3,34.2,False
100644,DS100,2026-T3,69.4,True
100645,CS101,2026-T3,69.5,True
100645,CS102,2026-T3,64.8,True
100645,MA110,2026-T3,65.1,True
100645,DS100,2026-T3,60.4,True
100646,PS101,2024-T3,74.3,True
100646,PS102,2024-T3,71.4,True
100646,ST110,2024-T3,44.0,False
100646,DS100,2024-T3,59.2,True
100647,BI101,2026-T3,61.1,True
100647,BI102,2026-T3,53.5,True
100647,CH110,2026-T3,34.5,False
100647,DS100,2026-T3,73.8,True
100648,PS101,2024-T3,49.7,False
100648,PS102,2024-T3,59.9,True
100648,ST110,2024-T3,51.6,True
100648,DS100,2024-T3,76.1,True
100649,CS101,2024-T3,59.3,True
100649,CS102,2024-T3,59.6,True
100649,DS100,2024-T3,59.2,True
100650,CS101,2025-T3,70.7,True
100650,CS102,2025-T3,57.4,True
100650,MA110,2025-T3,45.3,False
100650,DS100,2025-T3,68.5,True
100651,CS101,2025-T3,63.9,True
100651,CS102,2025-T3,80.7,True
100651,MA110,2025-T3,49.6,False
100651,DS100,2025-T3,80.8,True
100652,EC101,2026-T3,78.6,True
100652,EC102,2026-T3,79.7,True
100652,MA110,2026-T3,55.2,True
100652,DS100,2026-T3,60.9,True
100653,PS101,2025-T3,58.6,True
100653,PS102,2025-T3,64.4,True
100653,ST110,2025-T3,48.1,False
100653,DS100,2025-T3,68.3,True
100654,PS101,2026-T3,57.7,True
100654,PS102,2026-T3,56.7,True
100654,DS100,2026-T3,47.5,False
100655,BI101,2024-T3,65.5,True
100655,BI102,2024-T3,52.9,True
100655,CH110,2024-T3,33.5,False
100655,DS100,2024-T3,54.8,True
100656,PS101,2026-T3,59.3,True
100656,PS102,2026-T3,43.1,False
100656,DS100,2026-T3,55.7,True
100657,CS101,2026-T3,79.4,True
100657,CS102,2026-T3,72.2,True
100657,MA110,2026-T3,54.8,True
100657,DS100,2026-T3,76.3,True
100658,CS101,2026-T3,54.1,True
100658,CS102,2026-T3,58.8,True
100658,MA110,2026-T3,40.3,False
100658,DS100,2026-T3,62.3,True
100659,BI101,2024-T3,63.3,True
100659,BI102,2024-T3,55.3,True
100659,CH110,2024-T3,28.1,False
100659,DS100,2024-T3,73.5,True
100660,EC101,2026-T3,76.0,True
100660,EC102,2026-T3,51.4,True
100660,MA110,2026-T3,58.4,True
100660,DS100,2026-T3,70.4,True
100661,CS101,2026-T3,78.4,True
100661,CS102,2026-T3,67.4,True
100661,MA110,2026-T3,52.0,True
100661,DS100,2026-T3,68.2,True
100662,BI101,2024-T3,75.0,True
100662,BI102,2024-T3,63.0,True
100662,CH110,2024-T3,49.9,False
100662,DS100,2024-T3,69.8,True
100663,EC101,2024-T3,41.7,False
100663,EC102,2024-T3,61.1,True
100663,MA110,2024-T3,39.4,False
100663,DS100,2024-T3,44.3,False
100664,PS101,2024-T3,44.3,False
100664,PS102,2024-T3,47.4,False
100664,ST110,2024-T3,23.3,False
100664,DS100,2024-T3,53.9,True
100665,BI101,2024-T3,63.6,True
100665,BI102,2024-T3,65.8,True
100665,CH110,2024-T3,37.9,False
100665,DS100,2024-T3,67.2,True
100666,EC101,2024-T3,62.5,True
100666,EC102,2024-T3,71.7,True
100666,MA110,2024-T3,51.3,True
100666,DS100,2024-T3,45.6,False
100667,PS101,2025-T3,64.7,True
100667,PS102,2025-T3,70.4,True
100667,ST110,2025-T3,54.3,True
100667,DS100,2025-T3,69.2,True
100668,BI101,2026-T3,76.9,True
100668,BI102,2026-T3,66.9,True
100668,CH110,2026-T3,62.2,True
100668,DS100,2026-T3,50.9,True
100669,BI101,2026-T3,78.0,True
100669,BI102,2026-T3,69.2,True
100669,CH110,2026-T3,45.5,False
100669,DS100,2026-T3,79.4,True
100670,CS101,2025-T3,59.1,True
100670,CS102,2025-T3,68.9,True
100670,MA110,2025-T3,35.8,False
100670,DS100,2025-T3,51.8,True
100671,CS101,2025-T3,40.9,False
100671,CS102,2025-T3,49.0,False
100671,DS100,2025-T3,55.6,True
100672,CS101,2026-T3,73.2,True
100672,CS102,2026-T3,58.6,True
100672,MA110,2026-T3,27.8,False
100672,DS100,2026-T3,50.6,True
100673,CS101,2026-T3,68.9,True
100673,CS102,2026-T3,57.1,True
100673,MA110,2026-T3,51.0,True
100673,DS100,2026-T3,75.0,True
100674,CS101,2025-T3,62.6,True
100674,CS102,2025-T3,60.1,True
100674,MA110,2025-T3,41.0,False
100674,DS100,2025-T3,55.8,True
100675,CS101,2025-T3,54.9,True
100675,CS102,2025-T3,73.0,True
100675,MA110,2025-T3,57.5,True
100675,DS100,2025-T3,58.5,True
100676,CS101,2025-T3,86.6,True
100676,CS102,2025-T3,72.7,True
100676,MA110,2025-T3,53.7,True
100676,DS100,2025-T3,65.5,True
100677,EC101,2025-T3,60.3,True
100677,EC102,2025-T3,59.8,True
100677,MA110,2025-T3,24.1,False
100677,DS100,2025-T3,47.4,False
100678,EC101,2024-T3,72.1,True
100678,EC102,2024-T3,71.9,True
100678,MA110,2024-T3,66.8,True
100678,DS100,2024-T3,85.0,True
100679,EC101,2026-T3,82.5,True
100679,EC102,2026-T3,65.6,True
100679,MA110,2026-T3,58.7,True
100679,DS100,2026-T3,69.8,True
100680,PS101,2024-T3,68.3,True
100680,PS102,2024-T3,74.0,True
100680,ST110,2024-T3,67.3,True
100680,DS100,2024-T3,63.4,True
100681,CS101,2026-T3,66.3,True
100681,CS102,2026-T3,72.5,True
100681,MA110,2026-T3,57.6,True
100681,DS100,2026-T3,63.1,True
100682,CS101,2024-T3,75.4,True
100682,CS102,2024-T3,70.4,True
100682,MA110,2024-T3,48.1,False
100682,DS100,2024-T3,70.2,True
100683,BI101,2024-T3,66.8,True
100683,BI102,2024-T3,53.5,True
100683,CH110,2024-T3,28.9,False
100683,DS100,2024-T3,50.2,True
100684,CS101,2025-T3,55.4,True
100684,CS102,2025-T3,50.7,True
100684,MA110,2025-T3,57.4,True
100684,DS100,2025-T3,44.9,False
100685,PS101,2024-T3,78.6,True
100685,PS102,2024-T3,71.7,True
100685,ST110,2024-T3,38.3,False
100685,DS100,2024-T3,83.1,True
100686,EC101,2025-T3,73.2,True
100686,EC102,2025-T3,65.0,True
100686,MA110,2025-T3,43.7,False
100686,DS100,2025-T3,65.5,True
100687,BI101,2025-T3,99.1,True
100687,BI102,2025-T3,68.7,True
100687,CH110,2025-T3,54.2,True
100687,DS100,2025-T3,74.3,True
100688,PS101,2024-T3,66.0,True
100688,PS102,2024-T3,46.7,False
100688,ST110,2024-T3,25.4,False
100688,DS100,2024-T3,41.8,False
100689,CS101,2025-T3,82.7,True
100689,CS102,2025-T3,63.4,True
100689,MA110,2025-T3,52.4,True
100689,DS100,2025-T3,64.4,True
100690,BI101,2025-T3,63.0,True
100690,BI102,2025-T3,67.7,True
100690,CH110,2025-T3,37.7,False
100690,DS100,2025-T3,60.5,True
100691,BI101,2025-T3,50.7,True
100691,BI102,2025-T3,49.6,False
100691,CH110,2025-T3,29.5,False
100691,DS100,2025-T3,57.4,True
100692,CS101,2025-T3,58.5,True
100692,CS102,2025-T3,57.3,True
100692,MA110,2025-T3,48.9,False
100692,DS100,2025-T3,59.1,True
100693,BI101,2026-T3,86.4,True
100693,BI102,2026-T3,66.9,True
100693,CH110,2026-T3,47.9,False
100693,DS100,2026-T3,56.4,True
100694,EC101,2024-T3,66.5,True
100694,EC102,2024-T3,45.3,False
100694,MA110,2024-T3,48.7,False
100694,DS100,2024-T3,57.7,True
100695,PS101,2024-T3,48.6,False
100695,PS102,2024-T3,69.8,True
100695,ST110,2024-T3,59.3,True
100695,DS100,2024-T3,63.3,True
100696,EC101,2026-T3,53.2,True
100696,EC102,2026-T3,61.4,True
100696,MA110,2026-T3,30.1,False
100696,DS100,2026-T3,65.2,True
100697,PS101,2026-T3,54.7,True
100697,PS102,2026-T3,49.1,False
100697,ST110,2026-T3,52.8,True
100697,DS100,2026-T3,62.6,True
100698,CS101,2024-T3,60.2,True
100698,CS102,2024-T3,50.4,True
100698,DS100,2024-T3,37.6,False
100699,CS101,2024-T3,76.4,True
100699,CS102,2024-T3,92.9,True
100699,MA110,2024-T3,51.9,True
100699,DS100,2024-T3,83.0,True
100700,CS101,2025-T3,61.6,True
100700,CS102,2025-T3,64.3,True
100700,DS100,2025-T3,60.1,True
100701,CS101,2024-T3,66.6,True
100701,CS102,2024-T3,72.5,True
100701,MA110,2024-T3,50.6,True
100701,DS100,2024-T3,73.6,True
100702,BI101,2024-T3,53.5,True
100702,BI102,2024-T3,43.4,False
100702,CH110,2024-T3,41.6,False
100702,DS100,2024-T3,57.5,True
100703,CS101,2025-T3,57.2,True
100703,CS102,2025-T3,51.0,True
100703,MA110,2025-T3,37.4,False
100703,DS100,2025-T3,56.1,True
100704,PS101,2026-T3,74.9,True
100704,PS102,2026-T3,53.0,True
100704,ST110,2026-T3,23.0,False
100704,DS100,2026-T3,52.4,True
100705,EC101,2025-T3,73.5,True
100705,EC102,2025-T3,74.7,True
100705,MA110,2025-T3,52.7,True
100705,DS100,2025-T3,74.9,True
100706,PS101,2025-T3,63.6,True
100706,PS102,2025-T3,45.7,False
100706,ST110,2025-T3,43.6,False
100706,DS100,2025-T3,73.0,True
100707,PS101,2026-T3,60.8,True
100707,PS102,2026-T3,51.5,True
100707,ST110,2026-T3,45.3,False
100707,DS100,2026-T3,40.6,False
100708,PS101,2025-T3,47.1,False
100708,PS102,2025-T3,58.2,True
100708,ST110,2025-T3,41.1,False
100708,DS100,2025-T3,48.2,False
100709,CS101,2024-T3,75.8,True
100709,CS102,2024-T3,56.5,True
100709,MA110,2024-T3,66.8,True
100709,DS100,2024-T3,53.3,True
100710,BI101,2025-T3,61.9,True
100710,BI102,2025-T3,64.2,True
100710,CH110,2025-T3,49.9,False
100710,DS100,2025-T3,54.5,True
100711,PS101,2026-T3,88.9,True
100711,PS102,2026-T3,62.6,True
100711,ST110,2026-T3,65.2,True
100711,DS100,2026-T3,90.3,True
100712,EC101,2024-T3,72.0,True
100712,EC102,2024-T3,66.9,True
100712,MA110,2024-T3,68.9,True
100712,DS100,2024-T3,90.1,True
100713,EC101,2026-T3,59.5,True
100713,EC102,2026-T3,49.2,False
100713,MA110,2026-T3,34.9,False
100713,DS100,2026-T3,64.9,True
100714,BI101,2026-T3,60.3,True
100714,BI102,2026-T3,52.0,True
100714,CH110,2026-T3,26.9,False
100714,DS100,2026-T3,61.3,True
100715,CS101,2026-T3,59.9,True
100715,CS102,2026-T3,63.3,True
100715,DS100,2026-T3,67.0,True
100716,EC101,2024-T3,89.1,True
100716,EC102,2024-T3,62.4,True
100716,MA110,2024-T3,56.1,True
100716,DS100,2024-T3,63.7,True
100717,CS101,2026-T3,52.1,True
100717,CS102,2026-T3,63.7,True
100717,MA110,2026-T3,30.2,False
100717,DS100,2026-T3,41.8,False
100718,CS101,2025-T3,77.2,True
100718,CS102,2025-T3,45.2,False
100718,MA110,2025-T3,38.2,False
100718,DS100,2025-T3,56.5,True
100719,CS101,2024-T3,49.9,False
100719,CS102,2024-T3,58.9,True
100719,MA110,2024-T3,43.2,False
100719,DS100,2024-T3,57.4,True
100720,PS101,2024-T3,62.7,True
100720,PS102,2024-T3,49.9,False
100720,ST110,2024-T3,42.8,False
100720,DS100,2024-T3,62.4,True
100721,BI101,2026-T3,52.9,True
100721,BI102,2026-T3,58.8,True
100721,CH110,2026-T3,43.6,False
100721,DS100,2026-T3,68.7,True
100722,PS101,2024-T3,68.1,True
100722,PS102,2024-T3,78.9,True
100722,ST110,2024-T3,45.3,False
100722,DS100,2024-T3,78.6,True
100723,PS101,2026-T3,62.9,True
100723,PS102,2026-T3,48.0,False
100723,DS100,2026-T3,61.3,True
100724,BI101,2025-T3,80.6,True
100724,BI102,2025-T3,63.3,True
100724,CH110,2025-T3,47.6,False
100724,DS100,2025-T3,69.6,True
100725,CS101,2024-T3,63.7,True
100725,CS102,2024-T3,46.0,False
100725,MA110,2024-T3,57.3,True
100725,DS100,2024-T3,58.5,True
100726,PS101,2024-T3,69.6,True
100726,PS102,2024-T3,52.6,True
100726,ST110,2024-T3,21.5,False
100726,DS100,2024-T3,47.9,False
100727,EC101,2025-T3,60.6,True
100727,EC102,2025-T3,64.2,True
100727,MA110,2025-T3,30.3,False
100727,DS100,2025-T3,66.6,True
100728,CS101,2024-T3,78.2,True
100728,CS102,2024-T3,79.2,True
100728,DS100,2024-T3,84.0,True
100729,CS101,2026-T3,78.9,True
100729,CS102,2026-T3,86.2,True
100729,MA110,2026-T3,39.7,False
100729,DS100,2026-T3,78.0,True
100730,CS101,2024-T3,65.9,True
100730,CS102,2024-T3,50.7,True
100730,MA110,2024-T3,49.7,False
100730,DS100,2024-T3,44.1,False
100731,PS101,2024-T3,40.9,False
100731,PS102,2024-T3,55.9,True
100731,ST110,2024-T3,30.9,False
100731,DS100,2024-T3,42.0,False
100732,PS101,2025-T3,57.3,True
100732,PS102,2025-T3,80.3,True
100732,ST110,2025-T3,47.2,False
100732,DS100,2025-T3,77.1,True
100733,CS101,2025-T3,52.3,True
100733,CS102,2025-T3,66.9,True
100733,MA110,2025-T3,37.3,False
100733,DS100,2025-T3,67.0,True
100734,PS101,2025-T3,60.1,True
100734,PS102,2025-T3,53.2,True
100734,ST110,2025-T3,56.7,True
100734,DS100,2025-T3,77.2,True
100735,PS101,2026-T3,38.4,False
100735,PS102,2026-T3,56.1,True
100735,ST110,2026-T3,39.6,False
100735,DS100,2026-T3,53.5,True
100736,CS101,2025-T3,72.0,True
100736,CS102,2025-T3,69.5,True
100736,MA110,2025-T3,49.0,False
100736,DS100,2025-T3,74.5,True
100737,PS101,2024-T3,52.7,True
100737,PS102,2024-T3,68.1,True
100737,DS100,2024-T3,58.7,True
100738,CS101,2026-T3,68.1,True
100738,CS102,2026-T3,81.5,True
100738,MA110,2026-T3,59.4,True
100738,DS100,2026-T3,73.6,True
100739,EC101,2026-T3,47.9,False
100739,EC102,2026-T3,52.9,True
100739,DS100,2026-T3,41.0,False
100740,CS101,2026-T3,86.6,True
100740,CS102,2026-T3,69.4,True
100740,MA110,2026-T3,35.2,False
100740,DS100,2026-T3,69.6,True
100741,PS101,2025-T3,64.2,True
100741,PS102,2025-T3,65.6,True
100741,ST110,2025-T3,47.0,False
100741,DS100,2025-T3,54.3,True
100742,EC101,2024-T3,61.2,True
100742,EC102,2024-T3,64.4,True
100742,MA110,2024-T3,35.0,False
100742,DS100,2024-T3,53.6,True
100743,BI101,2024-T3,76.0,True
100743,BI102,2024-T3,64.1,True
100743,CH110,2024-T3,37.2,False
100743,DS100,2024-T3,63.4,True
100744,EC101,2024-T3,63.9,True
100744,EC102,2024-T3,76.8,True
100744,MA110,2024-T3,53.1,True
100744,DS100,2024-T3,71.4,True
100745,PS101,2024-T3,57.2,True
100745,PS102,2024-T3,54.7,True
100745,ST110,2024-T3,40.0,False
100745,DS100,2024-T3,47.6,False
100746,BI101,2026-T3,94.2,True
100746,BI102,2026-T3,77.8,True
100746,CH110,2026-T3,69.6,True
100746,DS100,2026-T3,59.0,True
100747,EC101,2026-T3,69.6,True
100747,EC102,2026-T3,56.4,True
100747,MA110,2026-T3,53.3,True
100747,DS100,2026-T3,59.1,True
100748,EC101,2024-T3,69.2,True
100748,EC102,2024-T3,69.3,True
100748,DS100,2024-T3,73.0,True
100749,PS101,2026-T3,65.1,True
100749,PS102,2026-T3,55.9,True
100749,DS100,2026-T3,59.2,True
100750,EC101,2024-T3,65.8,True
100750,EC102,2024-T3,48.0,False
100750,MA110,2024-T3,45.0,False
100750,DS100,2024-T3,65.3,True
100751,PS101,2024-T3,64.8,True
100751,PS102,2024-T3,50.7,True
100751,ST110,2024-T3,36.8,False
100751,DS100,2024-T3,62.0,True
100752,PS101,2025-T3,76.2,True
100752,PS102,2025-T3,58.8,True
100752,ST110,2025-T3,45.5,False
100752,DS100,2025-T3,58.2,True
100753,CS101,2026-T3,75.4,True
100753,CS102,2026-T3,62.2,True
100753,MA110,2026-T3,43.6,False
100753,DS100,2026-T3,59.8,True
100754,CS101,2024-T3,40.6,False
100754,CS102,2024-T3,47.7,False
100754,MA110,2024-T3,48.5,False
100754,DS100,2024-T3,64.1,True
100755,CS101,2026-T3,65.2,True
100755,CS102,2026-T3,56.7,True
100755,MA110,2026-T3,46.3,False
100755,DS100,2026-T3,62.0,True
100756,CS101,2024-T3,69.5,True
100756,CS102,2024-T3,50.4,True
100756,MA110,2024-T3,47.8,False
100756,DS100,2024-T3,86.3,True
100757,BI101,2025-T3,64.7,True
100757,BI102,2025-T3,50.3,True
100757,CH110,2025-T3,38.1,False
100757,DS100,2025-T3,61.5,True
100758,PS101,2026-T3,53.8,True
100758,PS102,2026-T3,53.7,True
100758,ST110,2026-T3,42.3,False
100758,DS100,2026-T3,67.0,True
100759,EC101,2025-T3,74.5,True
100759,EC102,2025-T3,56.4,True
100759,MA110,2025-T3,36.0,False
100759,DS100,2025-T3,57.1,True
100760,CS101,2026-T3,59.6,True
100760,CS102,2026-T3,60.5,True
100760,MA110,2026-T3,57.3,True
100760,DS100,2026-T3,78.5,True
100761,EC101,2024-T3,44.1,False
100761,EC102,2024-T3,72.6,True
100761,MA110,2024-T3,30.5,False
100761,DS100,2024-T3,55.9,True
100762,BI101,2024-T3,71.9,True
100762,BI102,2024-T3,57.5,True
100762,CH110,2024-T3,47.4,False
100762,DS100,2024-T3,64.6,True
100763,EC101,2026-T3,61.5,True
100763,EC102,2026-T3,50.2,True
100763,MA110,2026-T3,44.5,False
100763,DS100,2026-T3,71.0,True
100764,CS101,2026-T3,64.9,True
100764,CS102,2026-T3,95.0,True
100764,MA110,2026-T3,66.9,True
100764,DS100,2026-T3,71.7,True
100765,EC101,2026-T3,72.5,True
100765,EC102,2026-T3,75.4,True
100765,MA110,2026-T3,67.8,True
100765,DS100,2026-T3,70.2,True
100766,CS101,2025-T3,63.7,True
100766,CS102,2025-T3,70.5,True
100766,MA110,2025-T3,51.9,True
100766,DS100,2025-T3,71.5,True
100767,CS101,2024-T3,50.8,True
100767,CS102,2024-T3,54.2,True
100767,MA110,2024-T3,40.2,False
100767,DS100,2024-T3,54.6,True
100768,CS101,2025-T3,56.7,True
100768,CS102,2025-T3,51.0,True
100768,MA110,2025-T3,38.7,False
100768,DS100,2025-T3,48.0,False
100769,CS101,2026-T3,55.5,True
100769,CS102,2026-T3,54.7,True
100769,MA110,2026-T3,36.4,False
100769,DS100,2026-T3,46.7,False
100770,EC101,2025-T3,58.6,True
100770,EC102,2025-T3,70.4,True
100770,MA110,2025-T3,43.8,False
100770,DS100,2025-T3,63.0,True
100771,BI101,2025-T3,63.1,True
100771,BI102,2025-T3,51.9,True
100771,CH110,2025-T3,52.3,True
100771,DS100,2025-T3,72.6,True
100772,BI101,2025-T3,68.0,True
100772,BI102,2025-T3,74.3,True
100772,CH110,2025-T3,46.8,False
100772,DS100,2025-T3,55.3,True
100773,BI101,2024-T3,63.9,True
100773,BI102,2024-T3,80.2,True
100773,CH110,2024-T3,34.3,False
100773,DS100,2024-T3,93.9,True
100774,PS101,2026-T3,67.4,True
100774,PS102,2026-T3,57.2,True
100774,ST110,2026-T3,23.7,False
100774,DS100,2026-T3,46.9,False
100775,PS101,2025-T3,92.1,True
100775,PS102,2025-T3,86.7,True
100775,ST110,2025-T3,50.5,True
100775,DS100,2025-T3,67.9,True
100776,EC101,2026-T3,53.5,True
100776,EC102,2026-T3,52.9,True
100776,MA110,2026-T3,49.1,False
100776,DS100,2026-T3,63.0,True
100777,BI101,2025-T3,69.8,True
100777,BI102,2025-T3,79.1,True
100777,CH110,2025-T3,38.8,False
100777,DS100,2025-T3,74.9,True
100778,BI101,2024-T3,62.2,True
100778,BI102,2024-T3,69.6,True
100778,CH110,2024-T3,32.7,False
100778,DS100,2024-T3,65.3,True
100779,BI101,2026-T3,58.0,True
100779,BI102,2026-T3,53.1,True
100779,CH110,2026-T3,39.1,False
100779,DS100,2026-T3,54.0,True
100780,PS101,2026-T3,62.1,True
100780,PS102,2026-T3,52.7,True
100780,ST110,2026-T3,42.7,False
100780,DS100,2026-T3,56.2,True
100781,EC101,2025-T3,57.9,True
100781,EC102,2025-T3,65.5,True
100781,MA110,2025-T3,56.8,True
100781,DS100,2025-T3,66.5,True
100782,PS101,2025-T3,64.5,True
100782,PS102,2025-T3,41.3,False
100782,ST110,2025-T3,42.0,False
100782,DS100,2025-T3,60.3,True
100783,PS101,2026-T3,80.0,True
100783,PS102,2026-T3,68.8,True
100783,ST110,2026-T3,33.2,False
100783,DS100,2026-T3,40.9,False
100784,PS101,2024-T3,79.4,True
100784,PS102,2024-T3,65.2,True
100784,ST110,2024-T3,47.9,False
100784,DS100,2024-T3,66.7,True
100785,EC101,2026-T3,79.9,True
100785,EC102,2026-T3,61.2,True
100785,MA110,2026-T3,58.0,True
100785,DS100,2026-T3,58.0,True
100786,EC101,2025-T3,62.6,True
100786,EC102,2025-T3,62.6,True
100786,MA110,2025-T3,35.1,False
100786,DS100,2025-T3,57.4,True
100787,EC101,2026-T3,67.2,True
100787,EC102,2026-T3,58.9,True
100787,DS100,2026-T3,51.7,True
100788,BI101,2026-T3,56.1,True
100788,BI102,2026-T3,46.6,False
100788,CH110,2026-T3,42.2,False
100788,DS100,2026-T3,61.1,True
100789,BI101,2026-T3,72.6,True
100789,BI102,2026-T3,71.6,True
100789,CH110,2026-T3,65.4,True
100789,DS100,2026-T3,70.8,True
100790,PS101,2025-T3,63.8,True
100790,PS102,2025-T3,50.8,True
100790,ST110,2025-T3,45.5,False
100790,DS100,2025-T3,64.4,True
100791,BI101,2026-T3,59.1,True
100791,BI102,2026-T3,51.2,True
100791,CH110,2026-T3,41.0,False
100791,DS100,2026-T3,63.5,True
100792,PS101,2025-T3,61.9,True
100792,PS102,2025-T3,69.9,True
100792,ST110,2025-T3,25.3,False
100792,DS100,2025-T3,65.6,True
100793,BI101,2025-T3,74.4,True
100793,BI102,2025-T3,85.1,True
100793,CH110,2025-T3,41.3,False
100793,DS100,2025-T3,72.3,True
100794,EC101,2025-T3,57.4,True
100794,EC102,2025-T3,71.9,True
100794,DS100,2025-T3,70.1,True
100795,PS101,2026-T3,64.5,True
100795,PS102,2026-T3,58.9,True
100795,ST110,2026-T3,48.1,False
100795,DS100,2026-T3,44.0,False
100796,BI101,2024-T3,63.1,True
100796,BI102,2024-T3,54.3,True
100796,CH110,2024-T3,41.8,False
100796,DS100,2024-T3,56.1,True
100797,EC101,2026-T3,57.2,True
100797,EC102,2026-T3,61.5,True
100797,MA110,2026-T3,38.9,False
100797,DS100,2026-T3,62.3,True
100798,CS101,2024-T3,57.7,True
100798,CS102,2024-T3,45.8,False
100798,MA110,2024-T3,42.5,False
100798,DS100,2024-T3,61.0,True
100799,PS101,2026-T3,67.6,True
100799,PS102,2026-T3,56.0,True
100799,DS100,2026-T3,54.9,True
100800,BI101,2024-T3,58.4,True
100800,BI102,2024-T3,70.1,True
100800,CH110,2024-T3,61.2,True
100800,DS100,2024-T3,69.7,True
100801,PS101,2026-T3,77.5,True
100801,PS102,2026-T3,61.3,True
100801,ST110,2026-T3,43.9,False
100801,DS100,2026-T3,50.1,True
100802,PS101,2024-T3,70.3,True
100802,PS102,2024-T3,59.4,True
100802,ST110,2024-T3,39.8,False
100802,DS100,2024-T3,51.2,True
100803,PS101,2025-T3,68.8,True
100803,PS102,2025-T3,74.8,True
100803,ST110,2025-T3,36.5,False
100803,DS100,2025-T3,43.7,False
100804,PS101,2025-T3,45.3,False
100804,PS102,2025-T3,46.7,False
100804,DS100,2025-T3,62.1,True
100805,EC101,2024-T3,65.1,True
100805,EC102,2024-T3,64.1,True
100805,DS100,2024-T3,58.4,True
100806,PS101,2024-T3,51.3,True
100806,PS102,2024-T3,54.7,True
100806,DS100,2024-T3,56.2,True
100807,EC101,2026-T3,56.4,True
100807,EC102,2026-T3,74.2,True
100807,DS100,2026-T3,61.0,True
100808,BI101,2026-T3,51.0,True
100808,BI102,2026-T3,54.4,True
100808,CH110,2026-T3,41.2,False
100808,DS100,2026-T3,52.9,True
100809,BI101,2024-T3,56.0,True
100809,BI102,2024-T3,46.3,False
100809,CH110,2024-T3,38.3,False
100809,DS100,2024-T3,63.3,True
100810,CS101,2025-T3,44.8,False
100810,CS102,2025-T3,47.9,False
100810,MA110,2025-T3,39.2,False
100810,DS100,2025-T3,59.3,True
100811,CS101,2024-T3,55.3,True
100811,CS102,2024-T3,75.9,True
100811,MA110,2024-T3,38.8,False
100811,DS100,2024-T3,59.8,True
100812,PS101,2024-T3,56.5,True
100812,PS102,2024-T3,61.1,True
100812,DS100,2024-T3,50.8,True
100813,PS101,2026-T3,73.9,True
100813,PS102,2026-T3,51.5,True
100813,ST110,2026-T3,39.0,False
100813,DS100,2026-T3,43.6,False
100814,PS101,2026-T3,65.0,True
100814,PS102,2026-T3,46.5,False
100814,ST110,2026-T3,37.0,False
100814,DS100,2026-T3,63.1,True
100815,PS101,2024-T3,66.7,True
100815,PS102,2024-T3,74.4,True
100815,ST110,2024-T3,45.6,False
100815,DS100,2024-T3,78.0,True
100816,CS101,2025-T3,53.8,True
100816,CS102,2025-T3,61.1,True
100816,MA110,2025-T3,40.4,False
100816,DS100,2025-T3,61.5,True
100817,CS101,2024-T3,59.4,True
100817,CS102,2024-T3,76.1,True
100817,MA110,2024-T3,34.6,False
100817,DS100,2024-T3,56.7,True
100818,CS101,2026-T3,57.0,True
100818,CS102,2026-T3,60.5,True
100818,MA110,2026-T3,41.2,False
100818,DS100,2026-T3,48.8,False
100819,BI101,2025-T3,45.6,False
100819,BI102,2025-T3,57.8,True
100819,CH110,2025-T3,34.2,False
100819,DS100,2025-T3,78.2,True
100820,BI101,2025-T3,51.2,True
100820,BI102,2025-T3,61.4,True
100820,CH110,2025-T3,37.7,False
100820,DS100,2025-T3,80.9,True
100821,EC101,2025-T3,60.9,True
100821,EC102,2025-T3,57.7,True
100821,MA110,2025-T3,22.1,False
100821,DS100,2025-T3,57.9,True
100822,CS101,2026-T3,57.1,True
100822,CS102,2026-T3,46.8,False
100822,MA110,2026-T3,45.7,False
100822,DS100,2026-T3,56.8,True
100823,CS101,2025-T3,78.7,True
100823,CS102,2025-T3,68.7,True
100823,MA110,2025-T3,45.2,False
100823,DS100,2025-T3,60.4,True
100824,BI101,2026-T3,48.0,False
100824,BI102,2026-T3,48.5,False
100824,CH110,2026-T3,58.7,True
100824,DS100,2026-T3,54.1,True
100825,PS101,2025-T3,65.3,True
100825,PS102,2025-T3,66.1,True
100825,ST110,2025-T3,39.2,False
100825,DS100,2025-T3,73.7,True
100826,CS101,2026-T3,72.7,True
100826,CS102,2026-T3,60.0,True
100826,MA110,2026-T3,46.4,False
100826,DS100,2026-T3,62.6,True
100827,CS101,2024-T3,63.8,True
100827,CS102,2024-T3,56.4,True
100827,MA110,2024-T3,56.0,True
100827,DS100,2024-T3,52.1,True
100828,CS101,2026-T3,70.8,True
100828,CS102,2026-T3,61.5,True
100828,MA110,2026-T3,67.9,True
100828,DS100,2026-T3,87.2,True
100829,PS101,2025-T3,64.7,True
100829,PS102,2025-T3,49.2,False
100829,ST110,2025-T3,36.9,False
100829,DS100,2025-T3,54.1,True
100830,EC101,2025-T3,61.6,True
100830,EC102,2025-T3,53.4,True
100830,MA110,2025-T3,28.2,False
100830,DS100,2025-T3,71.7,True
100831,EC101,2024-T3,69.3,True
100831,EC102,2024-T3,60.9,True
100831,MA110,2024-T3,33.8,False
100831,DS100,2024-T3,66.0,True
100832,EC101,2025-T3,66.2,True
100832,EC102,2025-T3,53.9,True
100832,MA110,2025-T3,37.1,False
100832,DS100,2025-T3,65.4,True
100833,PS101,2025-T3,60.4,True
100833,PS102,2025-T3,63.9,True
100833,ST110,2025-T3,42.9,False
100833,DS100,2025-T3,54.8,True
100834,CS101,2024-T3,82.3,True
100834,CS102,2024-T3,94.3,True
100834,MA110,2024-T3,49.0,False
100834,DS100,2024-T3,68.0,True
100835,PS101,2026-T3,76.0,True
100835,PS102,2026-T3,70.0,True
100835,ST110,2026-T3,49.1,False
100835,DS100,2026-T3,43.1,False
100836,EC101,2024-T3,74.7,True
100836,EC102,2024-T3,63.6,True
100836,MA110,2024-T3,28.3,False
100836,DS100,2024-T3,64.6,True
100837,EC101,2025-T3,83.4,True
100837,EC102,2025-T3,58.6,True
100837,MA110,2025-T3,54.0,True
100837,DS100,2025-T3,57.5,True
100838,PS101,2025-T3,70.8,True
100838,PS102,2025-T3,68.0,True
100838,ST110,2025-T3,35.8,False
100838,DS100,2025-T3,62.3,True
100839,CS101,2024-T3,68.7,True
100839,CS102,2024-T3,52.4,True
100839,MA110,2024-T3,57.7,True
100839,DS100,2024-T3,75.8,True
100840,EC101,2025-T3,68.9,True
100840,EC102,2025-T3,52.2,True
100840,MA110,2025-T3,40.7,False
100840,DS100,2025-T3,44.3,False
100841,EC101,2025-T3,64.2,True
100841,EC102,2025-T3,44.2,False
100841,MA110,2025-T3,28.8,False
100841,DS100,2025-T3,53.7,True
100842,EC101,2024-T3,88.7,True
100842,EC102,2024-T3,46.4,False
100842,MA110,2024-T3,39.3,False
100842,DS100,2024-T3,65.1,True
100843,CS101,2024-T3,58.8,True
100843,CS102,2024-T3,67.9,True
100843,MA110,2024-T3,39.7,False
100843,DS100,2024-T3,51.2,True
100844,BI101,2026-T3,52.4,True
100844,BI102,2026-T3,60.6,True
100844,CH110,2026-T3,21.1,False
100844,DS100,2026-T3,60.2,True
100845,CS101,2025-T3,60.4,True
100845,CS102,2025-T3,65.6,True
100845,MA110,2025-T3,63.7,True
100845,DS100,2025-T3,73.2,True
100846,BI101,2025-T3,62.0,True
100846,BI102,2025-T3,62.1,True
100846,CH110,2025-T3,33.9,False
100846,DS100,2025-T3,62.1,True
100847,CS101,2024-T3,76.9,True
100847,CS102,2024-T3,54.9,True
100847,MA110,2024-T3,61.9,True
100847,DS100,2024-T3,69.2,True
100848,CS101,2025-T3,59.7,True
100848,CS102,2025-T3,52.5,True
100848,MA110,2025-T3,25.5,False
100848,DS100,2025-T3,37.4,False
100849,CS101,2026-T3,61.4,True
100849,CS102,2026-T3,56.7,True
100849,MA110,2026-T3,31.7,False
100849,DS100,2026-T3,51.4,True
100850,CS101,2026-T3,57.5,True
100850,CS102,2026-T3,56.8,True
100850,MA110,2026-T3,31.8,False
100850,DS100,2026-T3,75.1,True
100851,PS101,2025-T3,77.5,True
100851,PS102,2025-T3,54.7,True
100851,ST110,2025-T3,43.0,False
100851,DS100,2025-T3,65.7,True
100852,CS101,2025-T3,75.7,True
100852,CS102,2025-T3,49.6,False
100852,DS100,2025-T3,67.3,True
100853,CS101,2026-T3,71.4,True
100853,CS102,2026-T3,64.3,True
100853,MA110,2026-T3,59.2,True
100853,DS100,2026-T3,64.0,True
100854,PS101,2026-T3,50.3,True
100854,PS102,2026-T3,61.2,True
100854,ST110,2026-T3,54.2,True
100854,DS100,2026-T3,59.7,True
100855,BI101,2025-T3,44.9,False
100855,BI102,2025-T3,62.0,True
100855,CH110,2025-T3,36.5,False
100855,DS100,2025-T3,55.7,True
100856,EC101,2025-T3,72.3,True
100856,EC102,2025-T3,53.6,True
100856,MA110,2025-T3,37.8,False
100856,DS100,2025-T3,65.5,True
100857,CS101,2024-T3,61.3,True
100857,CS102,2024-T3,71.7,True
100857,DS100,2024-T3,68.2,True
100858,PS101,2026-T3,71.0,True
100858,PS102,2026-T3,73.2,True
100858,ST110,2026-T3,50.9,True
100858,DS100,2026-T3,57.9,True
100859,CS101,2025-T3,60.1,True
100859,CS102,2025-T3,68.7,True
100859,MA110,2025-T3,54.2,True
100859,DS100,2025-T3,66.2,True
100860,CS101,2026-T3,63.6,True
100860,CS102,2026-T3,65.0,True
100860,MA110,2026-T3,44.8,False
100860,DS100,2026-T3,66.7,True
100861,CS101,2026-T3,70.8,True
100861,CS102,2026-T3,72.3,True
100861,MA110,2026-T3,54.6,True
100861,DS100,2026-T3,70.1,True
100862,BI101,2026-T3,54.9,True
100862,BI102,2026-T3,55.4,True
100862,CH110,2026-T3,28.9,False
100862,DS100,2026-T3,51.9,True
100863,CS101,2025-T3,77.1,True
100863,CS102,2025-T3,57.7,True
100863,MA110,2025-T3,57.8,True
100863,DS100,2025-T3,93.8,True
100864,BI101,2025-T3,61.2,True
100864,BI102,2025-T3,73.2,True
100864,DS100,2025-T3,63.3,True
100865,CS101,2026-T3,57.4,True
100865,CS102,2026-T3,49.0,False
100865,MA110,2026-T3,31.6,False
100865,DS100,2026-T3,57.8,True
100866,CS101,2026-T3,60.9,True
100866,CS102,2026-T3,73.9,True
100866,MA110,2026-T3,63.8,True
100866,DS100,2026-T3,64.8,True
100867,PS101,2024-T3,67.5,True
100867,PS102,2024-T3,75.1,True
100867,ST110,2024-T3,53.1,True
100867,DS100,2024-T3,55.2,True
100868,EC101,2024-T3,62.4,True
100868,EC102,2024-T3,62.1,True
100868,MA110,2024-T3,35.3,False
100868,DS100,2024-T3,58.2,True
100869,BI101,2025-T3,72.6,True
100869,BI102,2025-T3,67.4,True
100869,CH110,2025-T3,34.7,False
100869,DS100,2025-T3,66.3,True
100870,CS101,2026-T3,70.2,True
100870,CS102,2026-T3,62.9,True
100870,MA110,2026-T3,57.2,True
100870,DS100,2026-T3,53.0,True
100871,CS101,2025-T3,41.5,False
100871,CS102,2025-T3,49.0,False
100871,MA110,2025-T3,38.6,False
100871,DS100,2025-T3,60.0,True
100872,CS101,2025-T3,66.6,True
100872,CS102,2025-T3,58.5,True
100872,DS100,2025-T3,48.1,False
100873,CS101,2026-T3,85.3,True
100873,CS102,2026-T3,66.7,True
100873,MA110,2026-T3,66.1,True
100873,DS100,2026-T3,76.9,True
100874,BI101,2024-T3,75.0,True
100874,BI102,2024-T3,72.8,True
100874,CH110,2024-T3,55.6,True
100874,DS100,2024-T3,68.5,True
100875,CS101,2025-T3,87.7,True
100875,CS102,2025-T3,90.5,True
100875,MA110,2025-T3,55.2,True
100875,DS100,2025-T3,68.8,True
100876,CS101,2024-T3,62.5,True
100876,CS102,2024-T3,59.4,True
100876,MA110,2024-T3,37.7,False
100876,DS100,2024-T3,67.6,True
100877,EC101,2024-T3,69.8,True
100877,EC102,2024-T3,52.6,True
100877,MA110,2024-T3,15.6,False
100877,DS100,2024-T3,65.5,True
100878,PS101,2025-T3,74.2,True
100878,PS102,2025-T3,60.5,True
100878,ST110,2025-T3,51.0,True
100878,DS100,2025-T3,46.8,False
100879,BI101,2025-T3,55.1,True
100879,BI102,2025-T3,66.3,True
100879,CH110,2025-T3,39.1,False
100879,DS100,2025-T3,71.2,True
100880,EC101,2025-T3,58.1,True
100880,EC102,2025-T3,64.0,True
100880,MA110,2025-T3,39.8,False
100880,DS100,2025-T3,71.4,True
100881,EC101,2025-T3,53.0,True
100881,EC102,2025-T3,66.8,True
100881,MA110,2025-T3,50.2,True
100881,DS100,2025-T3,40.8,False
100882,PS101,2025-T3,74.8,True
100882,PS102,2025-T3,72.2,True
100882,ST110,2025-T3,32.7,False
100882,DS100,2025-T3,46.5,False
100883,EC101,2026-T3,76.2,True
100883,EC102,2026-T3,69.6,True
100883,MA110,2026-T3,53.8,True
100883,DS100,2026-T3,62.1,True
100884,EC101,2025-T3,49.4,False
100884,EC102,2025-T3,45.5,False
100884,MA110,2025-T3,53.3,True
100884,DS100,2025-T3,40.0,False
100885,BI101,2026-T3,84.9,True
100885,BI102,2026-T3,67.9,True
100885,CH110,2026-T3,31.3,False
100885,DS100,2026-T3,51.3,True
100886,PS101,2025-T3,74.9,True
100886,PS102,2025-T3,82.1,True
100886,ST110,2025-T3,38.9,False
100886,DS100,2025-T3,62.3,True
100887,PS101,2025-T3,59.3,True
100887,PS102,2025-T3,67.4,True
100887,ST110,2025-T3,48.5,False
100887,DS100,2025-T3,69.4,True
100888,CS101,2026-T3,62.6,True
100888,CS102,2026-T3,67.5,True
100888,MA110,2026-T3,27.5,False
100888,DS100,2026-T3,76.2,True
100889,BI101,2025-T3,61.6,True
100889,BI102,2025-T3,77.7,True
100889,CH110,2025-T3,47.6,False
100889,DS100,2025-T3,42.5,False
100890,CS101,2026-T3,46.5,False
100890,CS102,2026-T3,69.8,True
100890,MA110,2026-T3,32.6,False
100890,DS100,2026-T3,70.9,True
100891,PS101,2026-T3,65.2,True
100891,PS102,2026-T3,82.7,True
100891,ST110,2026-T3,43.7,False
100891,DS100,2026-T3,67.4,True
100892,BI101,2026-T3,81.4,True
100892,BI102,2026-T3,65.6,True
100892,CH110,2026-T3,44.5,False
100892,DS100,2026-T3,64.4,True
100893,EC101,2026-T3,54.9,True
100893,EC102,2026-T3,56.2,True
100893,MA110,2026-T3,28.3,False
100893,DS100,2026-T3,67.0,True
100894,EC101,2026-T3,43.8,False
100894,EC102,2026-T3,40.3,False
100894,MA110,2026-T3,30.2,False
100894,DS100,2026-T3,52.4,True
100895,EC101,2026-T3,52.5,True
100895,EC102,2026-T3,53.8,True
100895,MA110,2026-T3,27.1,False
100895,DS100,2026-T3,58.7,True
100896,CS101,2025-T3,66.9,True
100896,CS102,2025-T3,60.7,True
100896,MA110,2025-T3,46.3,False
100896,DS100,2025-T3,73.7,True
100897,CS101,2025-T3,68.3,True
100897,CS102,2025-T3,50.3,True
100897,MA110,2025-T3,23.1,False
100897,DS100,2025-T3,55.7,True
100898,BI101,2026-T3,73.1,True
100898,BI102,2026-T3,70.2,True
100898,CH110,2026-T3,55.5,True
100898,DS100,2026-T3,72.6,True
100899,EC101,2025-T3,77.0,True
100899,EC102,2025-T3,53.5,True
100899,MA110,2025-T3,61.9,True
100899,DS100,2025-T3,43.6,False
100900,CS101,2024-T3,68.5,True
100900,CS102,2024-T3,55.2,True
100900,MA110,2024-T3,60.0,True
100900,DS100,2024-T3,80.1,True
100901,PS101,2024-T3,57.7,True
100901,PS102,2024-T3,74.5,True
100901,ST110,2024-T3,51.4,True
100901,DS100,2024-T3,55.4,True
100902,CS101,2024-T3,68.4,True
100902,CS102,2024-T3,69.4,True
100902,MA110,2024-T3,69.9,True
100902,DS100,2024-T3,52.4,True
100903,PS101,2025-T3,57.6,True
100903,PS102,2025-T3,58.2,True
100903,ST110,2025-T3,46.6,False
100903,DS100,2025-T3,65.3,True
100904,BI101,2024-T3,48.8,False
100904,BI102,2024-T3,56.4,True
100904,CH110,2024-T3,23.2,False
100904,DS100,2024-T3,71.0,True
100905,EC101,2024-T3,67.3,True
100905,EC102,2024-T3,59.8,True
100905,MA110,2024-T3,49.6,False
100905,DS100,2024-T3,75.1,True
100906,CS101,2025-T3,51.3,True
100906,CS102,2025-T3,49.8,False
100906,MA110,2025-T3,28.8,False
100906,DS100,2025-T3,45.8,False
100907,PS101,2026-T3,64.0,True
100907,PS102,2026-T3,71.3,True
100907,ST110,2026-T3,43.5,False
100907,DS100,2026-T3,51.5,True
100908,BI101,2024-T3,75.1,True
100908,BI102,2024-T3,68.8,True
100908,CH110,2024-T3,39.1,False
100908,DS100,2024-T3,56.3,True
100909,CS101,2024-T3,78.6,True
100909,CS102,2024-T3,93.6,True
100909,MA110,2024-T3,58.4,True
100909,DS100,2024-T3,84.9,True
100910,BI101,2026-T3,50.8,True
100910,BI102,2026-T3,84.5,True
100910,CH110,2026-T3,54.6,True
100910,DS100,2026-T3,78.7,True
100911,EC101,2024-T3,46.3,False
100911,EC102,2024-T3,66.7,True
100911,MA110,2024-T3,30.4,False
100911,DS100,2024-T3,59.8,True
100912,PS101,2024-T3,75.2,True
100912,PS102,2024-T3,54.8,True
100912,ST110,2024-T3,32.6,False
100912,DS100,2024-T3,46.2,False
100913,PS101,2024-T3,49.9,False
100913,PS102,2024-T3,77.2,True
100913,ST110,2024-T3,47.1,False
100913,DS100,2024-T3,76.0,True
100914,PS101,2024-T3,59.4,True
100914,PS102,2024-T3,62.6,True
100914,ST110,2024-T3,50.6,True
100914,DS100,2024-T3,57.4,True
100915,CS101,2024-T3,70.5,True
100915,CS102,2024-T3,57.2,True
100915,MA110,2024-T3,56.4,True
100915,DS100,2024-T3,40.1,False
100916,CS101,2026-T3,49.5,False
100916,CS102,2026-T3,71.7,True
100916,MA110,2026-T3,33.4,False
100916,DS100,2026-T3,52.4,True
100917,PS101,2025-T3,70.9,True
100917,PS102,2025-T3,54.0,True
100917,ST110,2025-T3,36.8,False
100917,DS100,2025-T3,63.2,True
100918,BI101,2024-T3,91.9,True
100918,BI102,2024-T3,75.9,True
100918,CH110,2024-T3,54.9,True
100918,DS100,2024-T3,72.3,True
100919,PS101,2026-T3,70.2,True
100919,PS102,2026-T3,82.9,True
100919,ST110,2026-T3,48.1,False
100919,DS100,2026-T3,63.6,True
100920,BI101,2025-T3,68.2,True
100920,BI102,2025-T3,64.3,True
100920,DS100,2025-T3,55.7,True
100921,EC101,2024-T3,55.0,True
100921,EC102,2024-T3,59.5,True
100921,MA110,2024-T3,40.1,False
100921,DS100,2024-T3,56.6,True
100922,EC101,2025-T3,45.8,False
100922,EC102,2025-T3,51.9,True
100922,MA110,2025-T3,39.0,False
100922,DS100,2025-T3,41.5,False
100923,BI101,2025-T3,75.5,True
100923,BI102,2025-T3,53.5,True
100923,CH110,2025-T3,43.8,False
100923,DS100,2025-T3,71.4,True
100924,PS101,2025-T3,68.4,True
100924,PS102,2025-T3,69.5,True
100924,ST110,2025-T3,34.7,False
100924,DS100,2025-T3,60.2,True
100925,EC101,2025-T3,76.1,True
100925,EC102,2025-T3,65.2,True
100925,MA110,2025-T3,42.7,False
100925,DS100,2025-T3,57.6,True
100926,BI101,2026-T3,62.1,True
100926,BI102,2026-T3,52.5,True
100926,DS100,2026-T3,47.8,False
100927,BI101,2026-T3,58.8,True
100927,BI102,2026-T3,57.1,True
100927,CH110,2026-T3,54.5,True
100927,DS100,2026-T3,59.3,True
100928,CS101,2025-T3,56.2,True
100928,CS102,2025-T3,63.8,True
100928,MA110,2025-T3,41.0,False
100928,DS100,2025-T3,53.1,True
100929,CS101,2025-T3,61.2,True
100929,CS102,2025-T3,70.2,True
100929,MA110,2025-T3,58.2,True
100929,DS100,2025-T3,75.9,True
100930,EC101,2024-T3,76.7,True
100930,EC102,2024-T3,51.8,True
100930,MA110,2024-T3,37.1,False
100930,DS100,2024-T3,47.1,False
100931,CS101,2025-T3,59.4,True
100931,CS102,2025-T3,67.2,True
100931,DS100,2025-T3,70.9,True
100932,BI101,2025-T3,83.0,True
100932,BI102,2025-T3,82.1,True
100932,CH110,2025-T3,47.3,False
100932,DS100,2025-T3,75.8,True
100933,PS101,2025-T3,81.0,True
100933,PS102,2025-T3,73.9,True
100933,ST110,2025-T3,45.3,False
100933,DS100,2025-T3,72.5,True
100934,CS101,2024-T3,69.1,True
100934,CS102,2024-T3,60.9,True
100934,MA110,2024-T3,53.5,True
100934,DS100,2024-T3,50.1,True
100935,BI101,2025-T3,62.9,True
100935,BI102,2025-T3,51.7,True
100935,CH110,2025-T3,42.6,False
100935,DS100,2025-T3,62.1,True
100936,PS101,2026-T3,65.7,True
100936,PS102,2026-T3,64.4,True
100936,ST110,2026-T3,45.9,False
100936,DS100,2026-T3,63.6,True
100937,EC101,2026-T3,64.3,True
100937,EC102,2026-T3,64.5,True
100937,MA110,2026-T3,40.4,False
100937,DS100,2026-T3,66.3,True
100938,CS101,2025-T3,71.5,True
100938,CS102,2025-T3,63.1,True
100938,MA110,2025-T3,43.0,False
100938,DS100,2025-T3,78.7,True
100939,EC101,2025-T3,73.0,True
100939,EC102,2025-T3,65.4,True
100939,MA110,2025-T3,54.0,True
100939,DS100,2025-T3,81.4,True
100940,CS101,2026-T3,64.9,True
100940,CS102,2026-T3,67.9,True
100940,MA110,2026-T3,47.5,False
100940,DS100,2026-T3,53.6,True
100941,CS101,2026-T3,39.0,False
100941,CS102,2026-T3,63.4,True
100941,MA110,2026-T3,32.7,False
100941,DS100,2026-T3,55.4,True
100942,PS101,2025-T3,61.9,True
100942,PS102,2025-T3,50.5,True
100942,ST110,2025-T3,25.8,False
100942,DS100,2025-T3,48.0,False
100943,EC101,2024-T3,51.1,True
100943,EC102,2024-T3,55.7,True
100943,MA110,2024-T3,32.6,False
100943,DS100,2024-T3,54.4,True
100944,BI101,2025-T3,67.5,True
100944,BI102,2025-T3,73.3,True
100944,CH110,2025-T3,41.9,False
100944,DS100,2025-T3,63.9,True
100945,PS101,2026-T3,60.5,True
100945,PS102,2026-T3,77.5,True
100945,DS100,2026-T3,82.1,True
100946,EC101,2024-T3,71.3,True
100946,EC102,2024-T3,79.8,True
100946,MA110,2024-T3,26.5,False
100946,DS100,2024-T3,34.0,False
100947,CS101,2025-T3,65.8,True
100947,CS102,2025-T3,60.9,True
100947,MA110,2025-T3,50.7,True
100947,DS100,2025-T3,73.7,True
100948,CS101,2026-T3,79.2,True
100948,CS102,2026-T3,65.1,True
100948,MA110,2026-T3,45.4,False
100948,DS100,2026-T3,72.2,True
100949,BI101,2026-T3,68.5,True
100949,BI102,2026-T3,66.2,True
100949,CH110,2026-T3,42.8,False
100949,DS100,2026-T3,74.0,True
100950,CS101,2026-T3,66.3,True
100950,CS102,2026-T3,51.6,True
100950,MA110,2026-T3,42.0,False
100950,DS100,2026-T3,61.4,True
100951,CS101,2026-T3,40.1,False
100951,CS102,2026-T3,44.1,False
100951,MA110,2026-T3,20.4,False
100951,DS100,2026-T3,55.7,True
100952,BI101,2026-T3,78.7,True
100952,BI102,2026-T3,82.2,True
100952,CH110,2026-T3,50.6,True
100952,DS100,2026-T3,71.2,True
100953,PS101,2025-T3,65.6,True
100953,PS102,2025-T3,66.0,True
100953,ST110,2025-T3,54.1,True
100953,DS100,2025-T3,71.0,True
100954,BI101,2024-T3,78.0,True
100954,BI102,2024-T3,65.4,True
100954,CH110,2024-T3,26.7,False
100954,DS100,2024-T3,88.3,True
100955,BI101,2026-T3,48.5,False
100955,BI102,2026-T3,53.4,True
100955,CH110,2026-T3,38.1,False
100955,DS100,2026-T3,78.5,True
100956,BI101,2024-T3,86.4,True
100956,BI102,2024-T3,63.1,True
100956,CH110,2024-T3,52.2,True
100956,DS100,2024-T3,51.8,True
100957,PS101,2026-T3,32.8,False
100957,PS102,2026-T3,57.6,True
100957,ST110,2026-T3,31.3,False
100957,DS100,2026-T3,31.9,False
100958,EC101,2026-T3,61.2,True
100958,EC102,2026-T3,55.1,True
100958,DS100,2026-T3,58.3,True
100959,EC101,2025-T3,64.6,True
100959,EC102,2025-T3,47.2,False
100959,MA110,2025-T3,30.8,False
100959,DS100,2025-T3,49.6,False
100960,CS101,2025-T3,46.9,False
100960,CS102,2025-T3,61.9,True
100960,MA110,2025-T3,37.6,False
100960,DS100,2025-T3,65.8,True
100961,EC101,2025-T3,83.9,True
100961,EC102,2025-T3,74.6,True
100961,MA110,2025-T3,58.0,True
100961,DS100,2025-T3,71.2,True
100962,PS101,2024-T3,57.8,True
100962,PS102,2024-T3,70.6,True
100962,ST110,2024-T3,24.0,False
100962,DS100,2024-T3,71.6,True
100963,CS101,2026-T3,66.9,True
100963,CS102,2026-T3,55.0,True
100963,MA110,2026-T3,31.1,False
100963,DS100,2026-T3,53.3,True
100964,CS101,2026-T3,77.7,True
100964,CS102,2026-T3,73.7,True
100964,MA110,2026-T3,48.2,False
100964,DS100,2026-T3,66.5,True
100965,CS101,2025-T3,60.3,True
100965,CS102,2025-T3,51.9,True
100965,MA110,2025-T3,45.6,False
100965,DS100,2025-T3,68.5,True
100966,CS101,2024-T3,71.1,True
100966,CS102,2024-T3,54.3,True
100966,MA110,2024-T3,43.3,False
100966,DS100,2024-T3,62.2,True
100967,PS101,2026-T3,51.8,True
100967,PS102,2026-T3,39.5,False
100967,ST110,2026-T3,27.7,False
100967,DS100,2026-T3,45.6,False
100968,EC101,2025-T3,80.5,True
100968,EC102,2025-T3,69.7,True
100968,MA110,2025-T3,45.4,False
100968,DS100,2025-T3,79.9,True
100969,CS101,2025-T3,52.8,True
100969,CS102,2025-T3,70.4,True
100969,MA110,2025-T3,52.2,True
100969,DS100,2025-T3,63.5,True
100970,EC101,2025-T3,67.2,True
100970,EC102,2025-T3,40.6,False
100970,MA110,2025-T3,38.2,False
100970,DS100,2025-T3,52.0,True
100971,BI101,2025-T3,61.0,True
100971,BI102,2025-T3,40.2,False
100971,CH110,2025-T3,40.8,False
100971,DS100,2025-T3,48.9,False
100972,EC101,2025-T3,63.4,True
100972,EC102,2025-T3,56.3,True
100972,MA110,2025-T3,44.9,False
100972,DS100,2025-T3,54.1,True
100973,CS101,2025-T3,55.8,True
100973,CS102,2025-T3,57.6,True
100973,MA110,2025-T3,53.0,True
100973,DS100,2025-T3,72.9,True
100974,PS101,2024-T3,49.6,False
100974,PS102,2024-T3,56.5,True
100974,ST110,2024-T3,43.6,False
100974,DS100,2024-T3,68.4,True
100975,EC101,2024-T3,68.1,True
100975,EC102,2024-T3,52.5,True
100975,MA110,2024-T3,39.4,False
100975,DS100,2024-T3,40.6,False
100976,PS101,2026-T3,71.5,True
100976,PS102,2026-T3,71.7,True
100976,ST110,2026-T3,53.5,True
100976,DS100,2026-T3,66.3,True
100977,BI101,2025-T3,65.6,True
100977,BI102,2025-T3,79.3,True
100977,CH110,2025-T3,56.6,True
100977,DS100,2025-T3,69.9,True
100978,CS101,2026-T3,71.5,True
100978,CS102,2026-T3,87.8,True
100978,MA110,2026-T3,58.1,True
100978,DS100,2026-T3,55.6,True
100979,EC101,2026-T3,39.1,False
100979,EC102,2026-T3,58.8,True
100979,MA110,2026-T3,24.9,False
100979,DS100,2026-T3,57.9,True
100980,CS101,2024-T3,91.3,True
100980,CS102,2024-T3,66.0,True
100980,MA110,2024-T3,53.2,True
100980,DS100,2024-T3,54.1,True
100981,EC101,2024-T3,67.1,True
100981,EC102,2024-T3,58.7,True
100981,MA110,2024-T3,59.4,True
100981,DS100,2024-T3,47.6,False
100982,CS101,2024-T3,74.8,True
100982,CS102,2024-T3,78.6,True
100982,MA110,2024-T3,46.6,False
100982,DS100,2024-T3,74.4,True
100983,EC101,2026-T3,57.9,True
100983,EC102,2026-T3,50.9,True
100983,MA110,2026-T3,40.2,False
100983,DS100,2026-T3,62.8,True
100984,PS101,2026-T3,74.4,True
100984,PS102,2026-T3,62.6,True
100984,ST110,2026-T3,49.2,False
100984,DS100,2026-T3,79.7,True
100985,PS101,2026-T3,64.6,True
100985,PS102,2026-T3,61.0,True
100985,ST110,2026-T3,37.3,False
100985,DS100,2026-T3,75.3,True
100986,CS101,2026-T3,73.6,True
100986,CS102,2026-T3,78.2,True
100986,MA110,2026-T3,57.7,True
100986,DS100,2026-T3,62.3,True
100987,PS101,2025-T3,39.9,False
100987,PS102,2025-T3,41.7,False
100987,ST110,2025-T3,34.9,False
100987,DS100,2025-T3,52.1,True
100988,BI101,2026-T3,65.6,True
100988,BI102,2026-T3,56.8,True
100988,CH110,2026-T3,24.6,False
100988,DS100,2026-T3,77.7,True
100989,PS101,2025-T3,71.1,True
100989,PS102,2025-T3,63.9,True
100989,ST110,2025-T3,50.2,True
100989,DS100,2025-T3,77.0,True
100990,PS101,2026-T3,67.2,True
100990,PS102,2026-T3,56.8,True
100990,ST110,2026-T3,41.7,False
100990,DS100,2026-T3,67.6,True
100991,EC101,2025-T3,38.4,False
100991,EC102,2025-T3,39.4,False
100991,MA110,2025-T3,30.1,False
100991,DS100,2025-T3,47.6,False
100992,BI101,2025-T3,68.1,True
100992,BI102,2025-T3,69.1,True
100992,DS100,2025-T3,74.4,True
100993,PS101,2025-T3,69.1,True
100993,PS102,2025-T3,64.4,True
100993,ST110,2025-T3,37.5,False
100993,DS100,2025-T3,81.0,True
100994,EC101,2024-T3,65.3,True
100994,EC102,2024-T3,49.9,False
100994,MA110,2024-T3,46.0,False
100994,DS100,2024-T3,65.8,True
100995,CS101,2025-T3,59.1,True
100995,CS102,2025-T3,66.6,True
100995,MA110,2025-T3,36.3,False
100995,DS100,2025-T3,41.0,False
100996,BI101,2025-T3,58.0,True
100996,BI102,2025-T3,50.2,True
100996,CH110,2025-T3,42.1,False
100996,DS100,2025-T3,48.8,False
100997,BI101,2026-T3,75.4,True
100997,BI102,2026-T3,75.5,True
100997,CH110,2026-T3,53.6,True
100997,DS100,2026-T3,56.7,True
100998,CS101,2024-T3,65.9,True
100998,CS102,2024-T3,81.7,True
100998,DS100,2024-T3,53.7,True
100999,EC101,2026-T3,52.9,True
100999,EC102,2026-T3,48.1,False
100999,MA110,2026-T3,42.0,False
100999,DS100,2026-T3,77.3,True
101000,EC101,2025-T3,50.6,True
101000,EC102,2025-T3,54.9,True
101000,MA110,2025-T3,44.3,False
101000,DS100,2025-T3,60.0,True
101001,BI101,2025-T3,57.6,True
101001,BI102,2025-T3,46.2,False
101001,DS100,2025-T3,65.6,True
101002,BI101,2026-T3,64.1,True
101002,BI102,2026-T3,93.8,True
101002,CH110,2026-T3,49.5,False
101002,DS100,2026-T3,87.9,True
101003,EC101,2025-T3,55.7,True
101003,EC102,2025-T3,54.4,True
101003,MA110,2025-T3,56.6,True
101003,DS100,2025-T3,50.5,True
101004,CS101,2026-T3,78.4,True
101004,CS102,2026-T3,62.0,True
101004,MA110,2026-T3,60.3,True
101004,DS100,2026-T3,71.8,True
101005,EC101,2025-T3,49.9,False
101005,EC102,2025-T3,49.1,False
101005,MA110,2025-T3,55.4,True
101005,DS100,2025-T3,59.4,True
101006,EC101,2026-T3,71.0,True
101006,EC102,2026-T3,45.7,False
101006,MA110,2026-T3,57.3,True
101006,DS100,2026-T3,71.9,True
101007,PS101,2025-T3,58.7,True
101007,PS102,2025-T3,85.1,True
101007,ST110,2025-T3,34.3,False
101007,DS100,2025-T3,76.5,True
101008,PS101,2026-T3,76.2,True
101008,PS102,2026-T3,63.3,True
101008,ST110,2026-T3,46.8,False
101008,DS100,2026-T3,59.0,True
101009,CS101,2024-T3,53.9,True
101009,CS102,2024-T3,63.0,True
101009,DS100,2024-T3,53.3,True
101010,BI101,2026-T3,50.4,True
101010,BI102,2026-T3,51.2,True
101010,CH110,2026-T3,48.1,False
101010,DS100,2026-T3,75.1,True
101011,PS101,2026-T3,86.1,True
101011,PS102,2026-T3,52.1,True
101011,ST110,2026-T3,51.4,True
101011,DS100,2026-T3,73.5,True
101012,PS101,2026-T3,60.6,True
101012,PS102,2026-T3,52.6,True
101012,ST110,2026-T3,36.2,False
101012,DS100,2026-T3,62.8,True
101013,CS101,2025-T3,76.4,True
101013,CS102,2025-T3,78.1,True
101013,MA110,2025-T3,70.9,True
101013,DS100,2025-T3,72.9,True
101014,BI101,2025-T3,61.2,True
101014,BI102,2025-T3,71.6,True
101014,CH110,2025-T3,40.3,False
101014,DS100,2025-T3,81.6,True
101015,BI101,2026-T3,74.3,True
101015,BI102,2026-T3,54.9,True
101015,DS100,2026-T3,58.0,True
101016,BI101,2024-T3,47.9,False
101016,BI102,2024-T3,68.6,True
101016,CH110,2024-T3,44.8,False
101016,DS100,2024-T3,52.6,True
101017,BI101,2025-T3,62.1,True
101017,BI102,2025-T3,68.5,True
101017,CH110,2025-T3,36.6,False
101017,DS100,2025-T3,43.5,False
101018,PS101,2025-T3,68.4,True
101018,PS102,2025-T3,73.3,True
101018,ST110,2025-T3,19.9,False
101018,DS100,2025-T3,61.3,True
101019,PS101,2024-T3,65.8,True
101019,PS102,2024-T3,62.0,True
101019,ST110,2024-T3,33.9,False
101019,DS100,2024-T3,57.7,True
101020,BI101,2026-T3,86.2,True
101020,BI102,2026-T3,62.9,True
101020,CH110,2026-T3,39.1,False
101020,DS100,2026-T3,69.5,True
101021,BI101,2025-T3,53.1,True
101021,BI102,2025-T3,53.0,True
101021,CH110,2025-T3,33.9,False
101021,DS100,2025-T3,60.6,True
101022,BI101,2026-T3,49.4,False
101022,BI102,2026-T3,31.8,False
101022,DS100,2026-T3,57.7,True
101023,EC101,2025-T3,65.8,True
101023,EC102,2025-T3,72.2,True
101023,MA110,2025-T3,38.2,False
101023,DS100,2025-T3,49.6,False
101024,PS101,2025-T3,90.7,True
101024,PS102,2025-T3,61.0,True
101024,ST110,2025-T3,37.2,False
101024,DS100,2025-T3,72.3,True
101025,CS101,2024-T3,68.8,True
101025,CS102,2024-T3,58.6,True
101025,MA110,2024-T3,42.0,False
101025,DS100,2024-T3,63.2,True
101026,BI101,2024-T3,78.4,True
101026,BI102,2024-T3,80.8,True
101026,CH110,2024-T3,52.4,True
101026,DS100,2024-T3,98.1,True
101027,PS101,2026-T3,71.3,True
101027,PS102,2026-T3,67.1,True
101027,ST110,2026-T3,48.8,False
101027,DS100,2026-T3,70.1,True
101028,CS101,2026-T3,72.9,True
101028,CS102,2026-T3,73.9,True
101028,MA110,2026-T3,57.5,True
101028,DS100,2026-T3,74.1,True
101029,BI101,2025-T3,76.5,True
101029,BI102,2025-T3,51.2,True
101029,CH110,2025-T3,42.3,False
101029,DS100,2025-T3,78.9,True
101030,EC101,2026-T3,64.6,True
101030,EC102,2026-T3,71.0,True
101030,MA110,2026-T3,42.8,False
101030,DS100,2026-T3,68.1,True
101031,CS101,2026-T3,78.5,True
101031,CS102,2026-T3,54.1,True
101031,MA110,2026-T3,48.1,False
101031,DS100,2026-T3,59.8,True
101032,EC101,2025-T3,69.4,True
101032,EC102,2025-T3,62.5,True
101032,MA110,2025-T3,43.0,False
101032,DS100,2025-T3,57.7,True
101033,PS101,2026-T3,62.0,True
101033,PS102,2026-T3,59.1,True
101033,ST110,2026-T3,24.1,False
101033,DS100,2026-T3,50.3,True
101034,PS101,2026-T3,64.9,True
101034,PS102,2026-T3,68.4,True
101034,ST110,2026-T3,27.6,False
101034,DS100,2026-T3,62.0,True
101035,BI101,2024-T3,56.0,True
101035,BI102,2024-T3,81.0,True
101035,CH110,2024-T3,70.7,True
101035,DS100,2024-T3,70.4,True
101036,PS101,2026-T3,84.6,True
101036,PS102,2026-T3,83.9,True
101036,ST110,2026-T3,65.9,True
101036,DS100,2026-T3,80.8,True
101037,PS101,2025-T3,79.6,True
101037,PS102,2025-T3,61.9,True
101037,ST110,2025-T3,56.0,True
101037,DS100,2025-T3,72.0,True
101038,BI101,2025-T3,50.1,True
101038,BI102,2025-T3,63.3,True
101038,CH110,2025-T3,49.3,False
101038,DS100,2025-T3,62.1,True
101039,BI101,2026-T3,58.3,True
101039,BI102,2026-T3,62.2,True
101039,CH110,2026-T3,47.9,False
101039,DS100,2026-T3,67.6,True
101040,CS101,2024-T3,57.8,True
101040,CS102,2024-T3,50.1,True
101040,MA110,2024-T3,22.4,False
101040,DS100,2024-T3,45.4,False
101041,PS101,2024-T3,47.8,False
101041,PS102,2024-T3,56.0,True
101041,ST110,2024-T3,32.5,False
101041,DS100,2024-T3,65.5,True
101042,EC101,2024-T3,58.0,True
101042,EC102,2024-T3,56.3,True
101042,MA110,2024-T3,44.4,False
101042,DS100,2024-T3,67.9,True
101043,BI101,2025-T3,54.8,True
101043,BI102,2025-T3,54.4,True
101043,CH110,2025-T3,56.7,True
101043,DS100,2025-T3,76.2,True
101044,BI101,2026-T3,63.1,True
101044,BI102,2026-T3,76.2,True
101044,CH110,2026-T3,57.6,True
101044,DS100,2026-T3,72.1,True
101045,CS101,2026-T3,62.3,True
101045,CS102,2026-T3,56.9,True
101045,MA110,2026-T3,33.1,False
101045,DS100,2026-T3,58.6,True
101046,PS101,2024-T3,48.2,False
101046,PS102,2024-T3,65.6,True
101046,ST110,2024-T3,56.6,True
101046,DS100,2024-T3,51.2,True
101047,CS101,2026-T3,79.0,True
101047,CS102,2026-T3,74.0,True
101047,DS100,2026-T3,55.3,True
101048,PS101,2024-T3,63.0,True
101048,PS102,2024-T3,68.9,True
101048,ST110,2024-T3,36.9,False
101048,DS100,2024-T3,56.7,True
101049,CS101,2026-T3,63.6,True
101049,CS102,2026-T3,52.3,True
101049,MA110,2026-T3,21.7,False
101049,DS100,2026-T3,59.7,True
101050,BI101,2026-T3,87.7,True
101050,BI102,2026-T3,64.4,True
101050,CH110,2026-T3,37.4,False
101050,DS100,2026-T3,67.1,True
101051,CS101,2026-T3,52.3,True
101051,CS102,2026-T3,64.9,True
101051,MA110,2026-T3,45.0,False
101051,DS100,2026-T3,46.6,False
101052,EC101,2026-T3,65.6,True
101052,EC102,2026-T3,35.9,False
101052,MA110,2026-T3,26.2,False
101052,DS100,2026-T3,58.7,True
101053,EC101,2026-T3,71.1,True
101053,EC102,2026-T3,52.6,True
101053,MA110,2026-T3,30.0,False
101053,DS100,2026-T3,68.9,True
101054,CS101,2025-T3,78.8,True
101054,CS102,2025-T3,59.1,True
101054,MA110,2025-T3,55.0,True
101054,DS100,2025-T3,53.8,True
101055,EC101,2024-T3,72.3,True
101055,EC102,2024-T3,53.6,True
101055,MA110,2024-T3,42.7,False
101055,DS100,2024-T3,69.4,True
101056,CS101,2024-T3,70.6,True
101056,CS102,2024-T3,68.5,True
101056,MA110,2024-T3,40.4,False
101056,DS100,2024-T3,81.4,True
101057,EC101,2026-T3,53.2,True
101057,EC102,2026-T3,59.4,True
101057,MA110,2026-T3,50.8,True
101057,DS100,2026-T3,63.4,True
101058,BI101,2026-T3,60.0,True
101058,BI102,2026-T3,57.1,True
101058,CH110,2026-T3,39.2,False
101058,DS100,2026-T3,59.1,True
101059,BI101,2025-T3,63.6,True
101059,BI102,2025-T3,66.1,True
101059,CH110,2025-T3,41.8,False
101059,DS100,2025-T3,66.2,True
101060,EC101,2024-T3,49.9,False
101060,EC102,2024-T3,53.5,True
101060,DS100,2024-T3,54.1,True
101061,BI101,2024-T3,43.2,False
101061,BI102,2024-T3,37.1,False
101061,DS100,2024-T3,65.9,True
101062,BI101,2025-T3,79.1,True
101062,BI102,2025-T3,70.5,True
101062,CH110,2025-T3,56.3,True
101062,DS100,2025-T3,84.0,True
101063,EC101,2025-T3,70.4,True
101063,EC102,2025-T3,73.4,True
101063,MA110,2025-T3,54.8,True
101063,DS100,2025-T3,59.8,True
101064,CS101,2024-T3,70.2,True
101064,CS102,2024-T3,73.8,True
101064,MA110,2024-T3,44.5,False
101064,DS100,2024-T3,76.0,True
101065,CS101,2025-T3,46.8,False
101065,CS102,2025-T3,47.4,False
101065,MA110,2025-T3,42.1,False
101065,DS100,2025-T3,73.0,True
101066,BI101,2026-T3,47.5,False
101066,BI102,2026-T3,36.6,False
101066,CH110,2026-T3,28.3,False
101066,DS100,2026-T3,35.3,False
101067,CS101,2026-T3,53.2,True
101067,CS102,2026-T3,80.1,True
101067,MA110,2026-T3,43.5,False
101067,DS100,2026-T3,71.8,True
101068,PS101,2024-T3,73.3,True
101068,PS102,2024-T3,69.7,True
101068,ST110,2024-T3,29.2,False
101068,DS100,2024-T3,63.4,True
101069,EC101,2026-T3,67.6,True
101069,EC102,2026-T3,66.9,True
101069,MA110,2026-T3,54.8,True
101069,DS100,2026-T3,51.7,True
101070,BI101,2026-T3,52.8,True
101070,BI102,2026-T3,59.5,True
101070,CH110,2026-T3,34.1,False
101070,DS100,2026-T3,63.1,True
101071,CS101,2025-T3,63.5,True
101071,CS102,2025-T3,40.7,False
101071,DS100,2025-T3,64.4,True
101072,BI101,2026-T3,70.5,True
101072,BI102,2026-T3,49.5,False
101072,CH110,2026-T3,24.5,False
101072,DS100,2026-T3,56.4,True
101073,EC101,2025-T3,57.4,True
101073,EC102,2025-T3,65.8,True
101073,MA110,2025-T3,49.4,False
101073,DS100,2025-T3,45.1,False
101074,CS101,2024-T3,65.3,True
101074,CS102,2024-T3,57.6,True
101074,MA110,2024-T3,41.4,False
101074,DS100,2024-T3,51.6,True
101075,EC101,2026-T3,63.6,True
101075,EC102,2026-T3,42.4,False
101075,MA110,2026-T3,33.7,False
101075,DS100,2026-T3,79.6,True
101076,BI101,2025-T3,49.5,False
101076,BI102,2025-T3,61.4,True
101076,DS100,2025-T3,53.4,True
101077,BI101,2026-T3,55.2,True
101077,BI102,2026-T3,57.0,True
101077,CH110,2026-T3,28.2,False
101077,DS100,2026-T3,68.5,True
101078,PS101,2025-T3,47.7,False
101078,PS102,2025-T3,65.1,True
101078,DS100,2025-T3,55.8,True
101079,CS101,2025-T3,92.1,True
101079,CS102,2025-T3,52.1,True
101079,MA110,2025-T3,60.6,True
101079,DS100,2025-T3,71.1,True
101080,BI101,2025-T3,54.3,True
101080,BI102,2025-T3,45.5,False
101080,CH110,2025-T3,41.5,False
101080,DS100,2025-T3,68.0,True
101081,CS101,2025-T3,61.6,True
101081,CS102,2025-T3,52.7,True
101081,MA110,2025-T3,48.5,False
101081,DS100,2025-T3,61.3,True
101082,EC101,2025-T3,81.8,True
101082,EC102,2025-T3,68.3,True
101082,MA110,2025-T3,50.1,True
101082,DS100,2025-T3,93.1,True
101083,CS101,2024-T3,62.1,True
101083,CS102,2024-T3,80.6,True
101083,DS100,2024-T3,68.7,True
101084,EC101,2026-T3,69.1,True
101084,EC102,2026-T3,69.8,True
101084,MA110,2026-T3,62.9,True
101084,DS100,2026-T3,64.1,True
101085,CS101,2024-T3,58.8,True
101085,CS102,2024-T3,49.2,False
101085,DS100,2024-T3,54.4,True
101086,EC101,2025-T3,60.5,True
101086,EC102,2025-T3,44.6,False
101086,MA110,2025-T3,34.9,False
101086,DS100,2025-T3,50.0,True
101087,PS101,2025-T3,47.2,False
101087,PS102,2025-T3,46.4,False
101087,DS100,2025-T3,53.8,True
101088,EC101,2024-T3,47.9,False
101088,EC102,2024-T3,64.8,True
101088,MA110,2024-T3,34.4,False
101088,DS100,2024-T3,81.0,True
101089,PS101,2026-T3,66.1,True
101089,PS102,2026-T3,62.4,True
101089,ST110,2026-T3,46.2,False
101089,DS100,2026-T3,67.6,True
101090,BI101,2024-T3,81.8,True
101090,BI102,2024-T3,64.8,True
101090,CH110,2024-T3,43.9,False
101090,DS100,2024-T3,65.3,True
101091,CS101,2025-T3,71.8,True
101091,CS102,2025-T3,93.2,True
101091,MA110,2025-T3,77.5,True
101091,DS100,2025-T3,78.1,True
101092,EC101,2024-T3,62.8,True
101092,EC102,2024-T3,62.7,True
101092,MA110,2024-T3,25.8,False
101092,DS100,2024-T3,49.5,False
101093,CS101,2024-T3,73.9,True
101093,CS102,2024-T3,55.0,True
101093,MA110,2024-T3,57.5,True
101093,DS100,2024-T3,57.8,True
101094,PS101,2025-T3,72.9,True
101094,PS102,2025-T3,66.9,True
101094,ST110,2025-T3,33.2,False
101094,DS100,2025-T3,54.3,True
101095,CS101,2024-T3,53.4,True
101095,CS102,2024-T3,53.4,True
101095,MA110,2024-T3,39.0,False
101095,DS100,2024-T3,45.4,False
101096,PS101,2026-T3,66.1,True
101096,PS102,2026-T3,61.5,True
101096,ST110,2026-T3,38.3,False
101096,DS100,2026-T3,53.1,True
101097,CS101,2024-T3,66.2,True
101097,CS102,2024-T3,61.2,True
101097,MA110,2024-T3,41.8,False
101097,DS100,2024-T3,56.1,True
101098,BI101,2025-T3,75.3,True
101098,BI102,2025-T3,65.4,True
101098,CH110,2025-T3,59.1,True
101098,DS100,2025-T3,63.7,True
101099,EC101,2024-T3,72.2,True
101099,EC102,2024-T3,47.4,False
101099,MA110,2024-T3,26.0,False
101099,DS100,2024-T3,56.3,True
101100,EC101,2026-T3,77.7,True
101100,EC102,2026-T3,72.1,True
101100,MA110,2026-T3,46.1,False
101100,DS100,2026-T3,59.3,True
101101,PS101,2024-T3,60.3,True
101101,PS102,2024-T3,47.8,False
101101,ST110,2024-T3,38.2,False
101101,DS100,2024-T3,67.7,True
101102,CS101,2024-T3,80.6,True
101102,CS102,2024-T3,64.2,True
101102,MA110,2024-T3,62.3,True
101102,DS100,2024-T3,61.7,True
101103,PS101,2025-T3,77.9,True
101103,PS102,2025-T3,64.9,True
101103,ST110,2025-T3,48.4,False
101103,DS100,2025-T3,74.5,True
101104,EC101,2025-T3,73.6,True
101104,EC102,2025-T3,53.9,True
101104,MA110,2025-T3,53.6,True
101104,DS100,2025-T3,55.9,True
101105,CS101,2025-T3,83.0,True
101105,CS102,2025-T3,80.1,True
101105,MA110,2025-T3,67.2,True
101105,DS100,2025-T3,91.9,True
101106,BI101,2025-T3,54.3,True
101106,BI102,2025-T3,78.9,True
101106,CH110,2025-T3,49.4,False
101106,DS100,2025-T3,64.1,True
101107,PS101,2025-T3,81.2,True
101107,PS102,2025-T3,88.7,True
101107,ST110,2025-T3,61.0,True
101107,DS100,2025-T3,82.5,True
101108,PS101,2024-T3,70.3,True
101108,PS102,2024-T3,59.7,True
101108,ST110,2024-T3,42.3,False
101108,DS100,2024-T3,71.6,True
101109,EC101,2025-T3,66.6,True
101109,EC102,2025-T3,64.1,True
101109,MA110,2025-T3,41.2,False
101109,DS100,2025-T3,67.4,True
101110,BI101,2025-T3,67.3,True
101110,BI102,2025-T3,55.1,True
101110,CH110,2025-T3,46.0,False
101110,DS100,2025-T3,54.0,True
101111,CS101,2024-T3,81.0,True
101111,CS102,2024-T3,59.4,True
101111,MA110,2024-T3,57.4,True
101111,DS100,2024-T3,76.2,True
101112,BI101,2026-T3,58.4,True
101112,BI102,2026-T3,44.4,False
101112,CH110,2026-T3,35.6,False
101112,DS100,2026-T3,45.3,False
101113,BI101,2025-T3,65.2,True
101113,BI102,2025-T3,64.6,True
101113,CH110,2025-T3,61.4,True
101113,DS100,2025-T3,77.2,True
101114,BI101,2026-T3,71.7,True
101114,BI102,2026-T3,54.6,True
101114,CH110,2026-T3,62.7,True
101114,DS100,2026-T3,69.7,True
101115,CS101,2024-T3,72.9,True
101115,CS102,2024-T3,46.9,False
101115,MA110,2024-T3,29.5,False
101115,DS100,2024-T3,78.6,True
101116,CS101,2025-T3,93.8,True
101116,CS102,2025-T3,58.9,True
101116,MA110,2025-T3,45.1,False
101116,DS100,2025-T3,66.6,True
101117,CS101,2026-T3,71.8,True
101117,CS102,2026-T3,69.0,True
101117,DS100,2026-T3,71.6,True
101118,CS101,2025-T3,76.1,True
101118,CS102,2025-T3,58.0,True
101118,MA110,2025-T3,42.2,False
101118,DS100,2025-T3,63.6,True
101119,BI101,2025-T3,53.4,True
101119,BI102,2025-T3,48.6,False
101119,CH110,2025-T3,30.2,False
101119,DS100,2025-T3,53.5,True
101120,CS101,2026-T3,55.7,True
101120,CS102,2026-T3,41.0,False
101120,DS100,2026-T3,67.0,True
101121,PS101,2025-T3,78.5,True
101121,PS102,2025-T3,38.3,False
101121,ST110,2025-T3,35.9,False
101121,DS100,2025-T3,68.7,True
101122,BI101,2026-T3,68.8,True
101122,BI102,2026-T3,55.6,True
101122,CH110,2026-T3,29.3,False
101122,DS100,2026-T3,64.1,True
101123,PS101,2024-T3,44.9,False
101123,PS102,2024-T3,60.4,True
101123,DS100,2024-T3,44.8,False
101124,BI101,2025-T3,68.0,True
101124,BI102,2025-T3,65.3,True
101124,CH110,2025-T3,50.5,True
101124,DS100,2025-T3,74.3,True
101125,BI101,2026-T3,70.2,True
101125,BI102,2026-T3,61.3,True
101125,CH110,2026-T3,44.4,False
101125,DS100,2026-T3,56.0,True
101126,PS101,2025-T3,87.3,True
101126,PS102,2025-T3,84.5,True
101126,ST110,2025-T3,70.2,True
101126,DS100,2025-T3,82.9,True
101127,PS101,2026-T3,69.1,True
101127,PS102,2026-T3,57.6,True
101127,DS100,2026-T3,69.7,True
101128,PS101,2025-T3,61.3,True
101128,PS102,2025-T3,54.5,True
101128,ST110,2025-T3,36.6,False
101128,DS100,2025-T3,45.8,False
101129,CS101,2024-T3,58.3,True
101129,CS102,2024-T3,80.3,True
101129,MA110,2024-T3,52.8,True
101129,DS100,2024-T3,77.4,True
101130,CS101,2025-T3,63.3,True
101130,CS102,2025-T3,43.1,False
101130,MA110,2025-T3,44.1,False
101130,DS100,2025-T3,57.9,True
101131,EC101,2026-T3,68.6,True
101131,EC102,2026-T3,60.2,True
101131,MA110,2026-T3,35.9,False
101131,DS100,2026-T3,65.3,True
101132,EC101,2026-T3,63.9,True
101132,EC102,2026-T3,61.0,True
101132,MA110,2026-T3,44.6,False
101132,DS100,2026-T3,65.6,True
101133,CS101,2024-T3,65.4,True
101133,CS102,2024-T3,49.5,False
101133,MA110,2024-T3,73.3,True
101133,DS100,2024-T3,52.9,True
101134,BI101,2024-T3,61.2,True
101134,BI102,2024-T3,75.8,True
101134,CH110,2024-T3,34.2,False
101134,DS100,2024-T3,44.8,False
101135,EC101,2025-T3,59.0,True
101135,EC102,2025-T3,41.7,False
101135,MA110,2025-T3,34.4,False
101135,DS100,2025-T3,56.8,True
101136,BI101,2026-T3,60.8,True
101136,BI102,2026-T3,58.4,True
101136,CH110,2026-T3,31.8,False
101136,DS100,2026-T3,49.0,False
101137,BI101,2026-T3,72.3,True
101137,BI102,2026-T3,58.2,True
101137,CH110,2026-T3,27.4,False
101137,DS100,2026-T3,56.0,True
101138,CS101,2026-T3,75.7,True
101138,CS102,2026-T3,74.8,True
101138,MA110,2026-T3,44.1,False
101138,DS100,2026-T3,68.9,True
101139,EC101,2025-T3,66.4,True
101139,EC102,2025-T3,57.9,True
101139,MA110,2025-T3,29.6,False
101139,DS100,2025-T3,50.6,True
101140,CS101,2025-T3,67.1,True
101140,CS102,2025-T3,35.3,False
101140,MA110,2025-T3,42.4,False
101140,DS100,2025-T3,73.7,True
101141,CS101,2024-T3,77.4,True
101141,CS102,2024-T3,59.3,True
101141,MA110,2024-T3,48.0,False
101141,DS100,2024-T3,72.9,True
101142,CS101,2026-T3,71.7,True
101142,CS102,2026-T3,56.7,True
101142,DS100,2026-T3,45.6,False
101143,CS101,2026-T3,75.9,True
101143,CS102,2026-T3,52.1,True
101143,MA110,2026-T3,48.7,False
101143,DS100,2026-T3,51.6,True
101144,CS101,2024-T3,62.8,True
101144,CS102,2024-T3,80.8,True
101144,MA110,2024-T3,44.9,False
101144,DS100,2024-T3,50.8,True
101145,EC101,2025-T3,67.7,True
101145,EC102,2025-T3,70.3,True
101145,MA110,2025-T3,67.0,True
101145,DS100,2025-T3,69.6,True
101146,PS101,2025-T3,64.9,True
101146,PS102,2025-T3,59.0,True
101146,ST110,2025-T3,35.6,False
101146,DS100,2025-T3,60.2,True
101147,PS101,2025-T3,58.7,True
101147,PS102,2025-T3,57.4,True
101147,ST110,2025-T3,49.2,False
101147,DS100,2025-T3,66.6,True
101148,EC101,2026-T3,72.9,True
101148,EC102,2026-T3,63.8,True
101148,MA110,2026-T3,42.2,False
101148,DS100,2026-T3,70.8,True
101149,CS101,2026-T3,74.5,True
101149,CS102,2026-T3,70.7,True
101149,MA110,2026-T3,73.4,True
101149,DS100,2026-T3,65.3,True
101150,CS101,2025-T3,68.5,True
101150,CS102,2025-T3,74.1,True
101150,MA110,2025-T3,58.6,True
101150,DS100,2025-T3,67.5,True
101151,PS101,2024-T3,59.8,True
101151,PS102,2024-T3,51.6,True
101151,ST110,2024-T3,37.3,False
101151,DS100,2024-T3,45.5,False
101152,CS101,2026-T3,57.4,True
101152,CS102,2026-T3,62.6,True
101152,DS100,2026-T3,69.0,True
101153,BI101,2025-T3,68.1,True
101153,BI102,2025-T3,62.2,True
101153,CH110,2025-T3,32.2,False
101153,DS100,2025-T3,55.4,True
101154,CS101,2026-T3,70.6,True
101154,CS102,2026-T3,72.4,True
101154,DS100,2026-T3,69.0,True
101155,BI101,2024-T3,66.6,True
101155,BI102,2024-T3,53.0,True
101155,CH110,2024-T3,29.9,False
101155,DS100,2024-T3,60.7,True
101156,BI101,2026-T3,58.4,True
101156,BI102,2026-T3,58.1,True
101156,CH110,2026-T3,46.4,False
101156,DS100,2026-T3,46.9,False
101157,PS101,2026-T3,45.2,False
101157,PS102,2026-T3,56.3,True
101157,ST110,2026-T3,36.5,False
101157,DS100,2026-T3,63.6,True
101158,BI101,2025-T3,66.9,True
101158,BI102,2025-T3,76.8,True
101158,CH110,2025-T3,61.8,True
101158,DS100,2025-T3,74.5,True
101159,EC101,2026-T3,51.7,True
101159,EC102,2026-T3,67.2,True
101159,MA110,2026-T3,43.3,False
101159,DS100,2026-T3,64.3,True
101160,EC101,2026-T3,72.1,True
101160,EC102,2026-T3,64.9,True
101160,MA110,2026-T3,32.7,False
101160,DS100,2026-T3,66.9,True
101161,CS101,2024-T3,70.1,True
101161,CS102,2024-T3,56.0,True
101161,DS100,2024-T3,71.4,True
101162,EC101,2025-T3,58.7,True
101162,EC102,2025-T3,51.5,True
101162,DS100,2025-T3,58.7,True
101163,BI101,2024-T3,53.2,True
101163,BI102,2024-T3,66.1,True
101163,CH110,2024-T3,43.9,False
101163,DS100,2024-T3,70.0,True
101164,BI101,2026-T3,70.8,True
101164,BI102,2026-T3,72.7,True
101164,DS100,2026-T3,86.4,True
101165,BI101,2026-T3,71.6,True
101165,BI102,2026-T3,53.6,True
101165,CH110,2026-T3,33.1,False
101165,DS100,2026-T3,51.2,True
101166,CS101,2024-T3,54.0,True
101166,CS102,2024-T3,48.8,False
101166,MA110,2024-T3,41.0,False
101166,DS100,2024-T3,58.5,True
101167,CS101,2024-T3,66.8,True
101167,CS102,2024-T3,62.2,True
101167,MA110,2024-T3,47.1,False
101167,DS100,2024-T3,52.9,True
101168,BI101,2024-T3,39.7,False
101168,BI102,2024-T3,41.7,False
101168,CH110,2024-T3,30.4,False
101168,DS100,2024-T3,46.1,False
101169,EC101,2026-T3,56.5,True
101169,EC102,2026-T3,40.1,False
101169,MA110,2026-T3,29.3,False
101169,DS100,2026-T3,49.8,False
101170,EC101,2025-T3,64.9,True
101170,EC102,2025-T3,65.5,True
101170,MA110,2025-T3,49.8,False
101170,DS100,2025-T3,67.5,True
101171,BI101,2026-T3,74.1,True
101171,BI102,2026-T3,57.1,True
101171,CH110,2026-T3,46.1,False
101171,DS100,2026-T3,65.3,True
101172,EC101,2024-T3,65.5,True
101172,EC102,2024-T3,58.0,True
101172,MA110,2024-T3,45.2,False
101172,DS100,2024-T3,54.6,True
101173,PS101,2026-T3,65.4,True
101173,PS102,2026-T3,55.1,True
101173,ST110,2026-T3,48.1,False
101173,DS100,2026-T3,68.1,True
101174,EC101,2024-T3,80.5,True
101174,EC102,2024-T3,62.2,True
101174,MA110,2024-T3,47.4,False
101174,DS100,2024-T3,71.0,True
101175,PS101,2026-T3,48.5,False
101175,PS102,2026-T3,60.1,True
101175,ST110,2026-T3,29.6,False
101175,DS100,2026-T3,55.0,True
101176,EC101,2024-T3,67.8,True
101176,EC102,2024-T3,56.5,True
101176,MA110,2024-T3,45.8,False
101176,DS100,2024-T3,65.5,True
101177,EC101,2026-T3,69.1,True
101177,EC102,2026-T3,74.2,True
101177,MA110,2026-T3,41.0,False
101177,DS100,2026-T3,84.6,True
101178,PS101,2025-T3,79.5,True
101178,PS102,2025-T3,56.6,True
101178,ST110,2025-T3,52.9,True
101178,DS100,2025-T3,54.1,True
101179,BI101,2026-T3,69.3,True
101179,BI102,2026-T3,54.0,True
101179,CH110,2026-T3,68.3,True
101179,DS100,2026-T3,80.3,True
101180,EC101,2026-T3,62.0,True
101180,EC102,2026-T3,62.3,True
101180,MA110,2026-T3,47.9,False
101180,DS100,2026-T3,65.4,True
101181,PS101,2025-T3,56.6,True
101181,PS102,2025-T3,46.7,False
101181,ST110,2025-T3,27.3,False
101181,DS100,2025-T3,54.7,True
101182,BI101,2026-T3,43.1,False
101182,BI102,2026-T3,67.3,True
101182,CH110,2026-T3,35.2,False
101182,DS100,2026-T3,41.7,False
101183,CS101,2025-T3,69.5,True
101183,CS102,2025-T3,59.5,True
101183,MA110,2025-T3,43.2,False
101183,DS100,2025-T3,70.4,True
101184,CS101,2025-T3,60.4,True
101184,CS102,2025-T3,48.1,False
101184,MA110,2025-T3,31.7,False
101184,DS100,2025-T3,59.1,True
101185,EC101,2025-T3,72.6,True
101185,EC102,2025-T3,58.7,True
101185,MA110,2025-T3,46.1,False
101185,DS100,2025-T3,62.2,True
101186,EC101,2026-T3,63.2,True
101186,EC102,2026-T3,54.9,True
101186,MA110,2026-T3,48.7,False
101186,DS100,2026-T3,58.9,True
101187,PS101,2025-T3,63.8,True
101187,PS102,2025-T3,70.7,True
101187,ST110,2025-T3,43.2,False
101187,DS100,2025-T3,54.7,True
101188,EC101,2025-T3,68.1,True
101188,EC102,2025-T3,55.6,True
101188,MA110,2025-T3,50.6,True
101188,DS100,2025-T3,55.5,True
101189,BI101,2025-T3,57.7,True
101189,BI102,2025-T3,43.3,False
101189,CH110,2025-T3,57.5,True
101189,DS100,2025-T3,62.0,True
101190,BI101,2024-T3,55.2,True
101190,BI102,2024-T3,56.5,True
101190,CH110,2024-T3,43.0,False
101190,DS100,2024-T3,60.6,True
101191,CS101,2025-T3,64.1,True
101191,CS102,2025-T3,57.7,True
101191,MA110,2025-T3,30.6,False
101191,DS100,2025-T3,62.8,True
101192,CS101,2025-T3,63.1,True
101192,CS102,2025-T3,53.2,True
101192,MA110,2025-T3,38.7,False
101192,DS100,2025-T3,57.8,True
101193,CS101,2026-T3,81.1,True
101193,CS102,2026-T3,72.1,True
101193,MA110,2026-T3,51.1,True
101193,DS100,2026-T3,66.2,True
101194,BI101,2024-T3,63.1,True
101194,BI102,2024-T3,74.0,True
101194,CH110,2024-T3,55.4,True
101194,DS100,2024-T3,71.6,True
101195,EC101,2024-T3,74.4,True
101195,EC102,2024-T3,86.0,True
101195,MA110,2024-T3,62.8,True
101195,DS100,2024-T3,63.7,True
101196,CS101,2025-T3,43.8,False
101196,CS102,2025-T3,21.3,False
101196,MA110,2025-T3,21.6,False
101196,DS100,2025-T3,29.8,False
101197,BI101,2025-T3,58.4,True
101197,BI102,2025-T3,71.8,True
101197,CH110,2025-T3,40.6,False
101197,DS100,2025-T3,68.2,True
101198,CS101,2025-T3,71.7,True
101198,CS102,2025-T3,64.2,True
101198,MA110,2025-T3,54.8,True
101198,DS100,2025-T3,70.4,True
101199,BI101,2026-T3,66.7,True
101199,BI102,2026-T3,63.5,True
101199,CH110,2026-T3,28.8,False
101199,DS100,2026-T3,54.2,True
101200,PS101,2025-T3,67.1,True
101200,PS102,2025-T3,55.3,True
101200,ST110,2025-T3,45.9,False
101200,DS100,2025-T3,66.2,True
